Pseudonym;Author;Article;Kind;Person;Country_of_author;Period_of_author;Сountry_of_person;Period_of_person;Extra_persons;Text;Name;City;Type;Issue;Year;Pages;Peculiarity
Георгий Адамович;Адамович Г.В.;Литературные заметки;Рецензия на художественную книгу;Алданов М.А.;Русская литература;Эмигрантская литература;;;;Ключ;Последние новости;Париж;Газета;№3207;02.01.1930;3;Подвал
Н. К—гъ;Кнорринг Н.Н.;Толстой и охранка;Рецензия на исследование;Меньщиков Л.П.;Русская литература;;Русская литература;2/2 XIXв.;Толстой Л.Н.;Охраны и революция;Последние новости;Париж;Газета;№3207;02.01.1930;3;Чердак
Георгий Адамович;Адамович Г.В.;Молодые поэты;Рецензия на издание;;Русская литература;Эмигрантская литература;;;;Сборник стихотворений Союза молодых поэтов;Последние новости;Париж;Газета;№3214;09.01.1930;2;Подвал
М.С.;;Русская литература в Британской энциклопедии;Рецензия на исследование;Британская энциклопедия;Английская литература;XXв.;Русская литература;;;;Последние новости;Париж;Газета;№3214;09.01.1930;3;Чердак
Р. Словцов;Калишевич Н.В.;В шестидесятые годы;Рецензия на публикацию;Зиф;Русская литература;Советская литература;Русская литература;2/2 XIXв.;Боборыкин П.Д.;П.Д. Боборыкин. За полвека (мои воспоминания);Последние новости;Париж;Газета;№3214;09.01.1930;4;Подвал
Ю. Сазонова;Сазонова Ю.Л.;Анри Жансон;Рецензия на художественную книгу;Жансон А.;Французская литература;XXв.;;;;Ты, которую я так любил;Последние новости;Париж;Газета;№3219;14.01.1930;5;Подвал
Мих. Ос.;Ильин M.A.;«Затуманившийся мир»;Рецензия на художественную книгу;Пильский П.М.;Русская литература;Эмигрантская литература;;;;Затуманившийся мир;Последние новости;Париж;Газета;№3221;16.01.1930;3;Чердак
Мих. Ос.;Ильин M.A.;«Свистопуп»;Рецензия на художественную книгу;Минцлов С.Р.;Русская литература;Эмигрантская литература;;;;Свистопуп;Последние новости;Париж;Газета;№3221;16.01.1930;3;Чердак
Б/а;Б/а;Анатоль Франс и Золя ;Персональная статья;Франс А.;Французская литература;XXв.;;;;;Последние новости;Париж;Газета;№3221;16.01.1930;3;Чердак
Б/а;Б/а;Анатоль Франс и Золя ;Персональная статья;Золя Э.;Французская литература;2/2 XIXв.;;;;;Последние новости;Париж;Газета;№3221;16.01.1930;3;Чердак
Р. Словцов;Калишевич Н.В.;Из литературного калейдоскопа;Рецензия на публикацию;Звезда;Русская литература;Советская литература;Русская литература;2/2 XIXв.;Успенский Н.;;Последние новости;Париж;Газета;№3221;16.01.1930;4;Подвал
Р. Словцов;Калишевич Н.В.;Из литературного калейдоскопа;Рецензия на публикацию;Звезда;Русская литература;Советская литература;Русская литература;2/2 XIXв.;Салтыков-Щедрин М.Е.;;Последние новости;Париж;Газета;№3221;16.01.1930;4;Подвал
С.;Калишевич Н.В.;Глеб Успенский и К. Маркс;Персональная статья;Успенский Г.;Русская литература;2/2 XIXв.;;;;;Последние новости;Париж;Газета;№3222;17.01.1930;4;Чердак
Георгий Адамович;Адамович Г.В.;Литературные заметки;Рецензия на художественную книгу;Веймарн П.П.;Русская литература;Эмигрантская литература;;;;Большие дороги;Последние новости;Париж;Газета;№3228;23.01.1930;3;Подвал
Георгий Адамович;Адамович Г.В.;Литературные заметки;Рецензия на художественную книгу;Ирецкий В.Я.;Русская литература;Эмигрантская литература;;;;Холодный уголь;Последние новости;Париж;Газета;№3228;23.01.1930;3;Подвал
Георгий Адамович;Адамович Г.В.;Литературные заметки;Рецензия на художественную книгу;Крымов В.;Русская литература;Эмигрантская литература;;;;Люди в паутине;Последние новости;Париж;Газета;№3228;23.01.1930;3;Подвал
А. Д—ская;Даманская А.;Страсти человеческие;Рецензия на художественную книгу;Гауптман Г.;Немецкая литература;XXв.;;;;Das Buch des Leidenshaft;Последние новости;Париж;Газета;№3228;23.01.1930;3;Чердак
Мих. Ос.;Ильин M.A.;«10 ЛС»;Рецензия на художественную книгу;Эренбург И.;Русская литература;Советская литература;;;;10 ЛС;Последние новости;Париж;Газета;№3228;23.01.1930;3;Чердак
Н. Берберова;Берберова Н.Н.;О Жорже и других;Рецензия на статью;Талин В.П.;Русская литература;Эмигрантская литература;;;;;Последние новости;Париж;Газета;№3233;28.01.1930;2;Чердак
Р. Словцов;Калишевич Н.В.;Книги бессмертных сказок;Рецензия на перевод;Академия;Русская литература;Советская литература;;;;Книга тысячи и одной ночи;Последние новости;Париж;Газета;№3233;28.01.1930;4;Подвал
Р. Словцов;Калишевич Н.В.;Книги бессмертных сказок;Рецензия на перевод;Кузмин М.А.;Русская литература;Советская литература;Античная литература;IIв.;Апулей Л.;Золотой осел;Последние новости;Париж;Газета;№3233;28.01.1930;4;Подвал
Р. Словцов;Калишевич Н.В.;Душевная драма Некрасова;Рецензия на публикацию;Академия;Русская литература;Советская литература;Русская литература;2/2 XIXв.;Некрасов Н.А.;Н.А. Некрасов в воспоминаниях современников;Последние новости;Париж;Газета;№3235;30.01.1930;3;Подвал
Мих. Ос.;Ильин M.A.;«В стране свобод»;Рецензия на художественную книгу;Шульгин В.В.;Русская литература;Эмигрантская литература;;;;В стране свобод;Последние новости;Париж;Газета;№3235;30.01.1930;3;Чердак
Георгий Адамович;Адамович Г.В.;Новая книга Андрея Белого;Рецензия на исследование;Белый А.;Русская литература;Советская литература;;;;Ритм как диалектика и “Медный всадник”;Последние новости;Париж;Газета;№3235;30.01.1930;3;Чердак
Р. Словцов;Калишевич Н.В.;«Байрон» Андрэ Моруа;Рецензия на исследование;Моруа А.;Французская литература;XXв.;Английская литература;1/2 XIXв.;Байрон Д.Г.;Byron;Последние новости;Париж;Газета;№3240;04.02.1930;4;Подвал
Мих. Ос.;Ильин M.A.;«Вечер у Клэр»;Рецензия на художественную книгу;Газданов Г.И.;Русская литература;Эмигрантская литература;;;;Вечер у Клэр;Последние новости;Париж;Газета;№3242;06.02.1930;3;Чердак
Н. К—гъ;Кнорринг Н.Н.;Книга о Чехове;Рецензия на исследование;Академия;Русская литература;Советская литература;Русская литература;2/2 XIXв.;Чехов А.П.;Чехов и его среда;Последние новости;Париж;Газета;№3242;06.02.1930;3;Чердак
Георгий Адамович;Адамович Г.В.;«Современные записки», кн. 41-я.;Рецензия на художественную книгу;Шмелев И.С.;Русская литература;Эмигрантская литература;;;;Солдаты;Последние новости;Париж;Газета;№3249;13.02.1930;3;Подвал
Георгий Адамович;Адамович Г.В.;«Современные записки», кн. 41-я.;Рецензия на художественную книгу;Набоков В.В.;Русская литература;Эмигрантская литература;;;;Защита Лужина;Последние новости;Париж;Газета;№3249;13.02.1930;3;Подвал
Георгий Адамович;Адамович Г.В.;«Современные записки», кн. 41-я.;Рецензия на художественную книгу;Оцуп Н.А.;Русская литература;Эмигрантская литература;;;;Стихи;Последние новости;Париж;Газета;№3249;13.02.1930;3;Подвал
Георгий Адамович;Адамович Г.В.;«Современные записки», кн. 41-я.;Рецензия на художественную книгу;Ладинский А.П.;Русская литература;Эмигрантская литература;;;;Стихи;Последние новости;Париж;Газета;№3249;13.02.1930;3;Подвал
Георгий Адамович;Адамович Г.В.;«Современные записки», кн. 41-я.;Рецензия на художественную книгу;Кнут Д.;Русская литература;Эмигрантская литература;;;;Стихи;Последние новости;Париж;Газета;№3249;13.02.1930;3;Подвал
Георгий Адамович;Адамович Г.В.;«Современные записки», кн. 41-я.;Рецензия на статью;Альтшуллер И.;Русская литература;Эмигрантская литература;Русская литература;2/2 XIXв.;Чехов А.П.;;Последние новости;Париж;Газета;№3249;13.02.1930;3;Подвал
Георгий Адамович;Адамович Г.В.;«Современные записки», кн. 41-я.;Рецензия на статью;Цетлин М.О.;Русская литература;Эмигрантская литература;Русская литература;2/2 XIXв.;Чехов А.П.;;Последние новости;Париж;Газета;№3249;13.02.1930;3;Подвал
Мих. Цетлин;Цетлин М.О.;Новая книга Саши Черного;Рецензия на художественную книгу;Черный А.;Русская литература;Эмигрантская литература;;;;Чудесное лето;Последние новости;Париж;Газета;№3249;13.02.1930;3;Чердак
М. Бенедиктов;Берхин М.;«Давид Гольдер»;Рецензия на художественную книгу;Немировски И.;Русская литература;Эмигрантская литература;;;;David Golder;Последние новости;Париж;Газета;№3249;13.02.1930;3;Чердак
Георгий Адамович;Адамович Г.В.;«Новые писатели»;Рецензия на художественную книгу;Яновский В.С.;Русская литература;Эмигрантская литература;;;;Колесо;Последние новости;Париж;Газета;№3256;20.02.1930;3;Чердак
Б/а;Б/а;Огюст Доршен;Некролог;Доршен О.;Французская литература;XXв.;;;;;Последние новости;Париж;Газета;№3256;20.02.1930;3;Чердак
Р. Словцов;Калишевич Н.В.;Смерть Байрона;Рецензия на исследование;Моруа А.;Французская литература;XXв.;Английская литература;1/2 XIXв.;Байрон Д.Г.;Byron;Последние новости;Париж;Газета;№3256;20.02.1930;4;Подвал
Мих. Осоргин;Ильин M.A.;О советской литературе;Обзорная статья;;Русская литература;Советская литература;;;;;Последние новости;Париж;Газета;№3258;22.02.1930;4;Подвал
Ек. Кускова;Кускова Е.Д.;«Детская» литература;Обзорная статья;;Русская литература;Советская литература;;;;;Последние новости;Париж;Газета;№3263;27.02.1930;2;Подвал
М. Цетлин;Цетлин М.О.;Галина Кузнецова;Рецензия на художественную книгу;Кузнецова Г.Н.;Русская литература;Эмигрантская литература;;;;Утро;Последние новости;Париж;Газета;№3263;27.02.1930;3;Чердак
Як. П.;;Россия в средневековой французской культуре;Рецензия на исследование;Лозинский Г.Л.;Русская литература;Советская литература;;;;;Последние новости;Париж;Газета;№3263;27.02.1930;3;Чердак
Георгий Адамович;Адамович Г.В.;Литературные заметки;Рецензия на перевод;Ламбле А.;Швейцарская литература;XXв.;Французская литература;2/2 XIXв.;Бодлер Ш.;Цветы зла;Последние новости;Париж;Газета;№3263;27.02.1930;3;Подвал
Георгий Адамович;Адамович Г.В.;Литературные заметки;Рецензия на художественную книгу;Эрлих В.;Русская литература;Советская литература;;;;Софья Перовская;Последние новости;Париж;Газета;№3263;27.02.1930;3;Подвал
Георгий Адамович;Адамович Г.В.;Литературные заметки;Рецензия на художественную книгу;Гумилевский Л.;Русская литература;Советская литература;;;;Игра в любовь;Последние новости;Париж;Газета;№3263;27.02.1930;3;Подвал
Р. Словцов;Калишевич Н.В.;Молодой Толстой;Рецензия на публикацию;Островский А.;Русская литература;Советская литература;Русская литература;2/2 XIXв.;Толстой Л.Н.;Молодой Толстой в записях современников;Последние новости;Париж;Газета;№3263;27.02.1930;4;Подвал
К. Парчевский;Парчевский К.К.;Саша Черный;Юбилейная статья;Черный А.;Русская литература;Эмигрантская литература;;;;;Последние новости;Париж;Газета;№3270;06.03.1930;3;Подвал
Кн. Сергей Волконский ;Волконский С.;«Нос» Гоголя по-французски;Рецензия на перевод;Лон В., Ставров П.;Французская литература;XXв.;Русская литература;1/2 XIXв.;Гоголь Н.В.;Нос;Последние новости;Париж;Газета;№3270;06.03.1930;3;Чердак
Мих. Ос.;Ильин M.A.;«Суббота и воскресенье»;Рецензия на художественную книгу;Высоцкий А.;Русская литература;Эмигрантская литература;;;;Суббота и воскресенье;Последние новости;Париж;Газета;№3270;06.03.1930;3;Чердак
Ю. Сазонова;Сазонова Ю.Л.;Встреча французских и русских писателей;Обзорная статья;;Общее;Общее;;;;;Последние новости;Париж;Газета;№3275;11.03.1930;5;Подвал
Георгий Адамович;Адамович Г.В.;Литературные заметки;Рецензия на художественную книгу;Мариенгоф А.;Русская литература;Советская литература;;;;Бритый человек;Последние новости;Париж;Газета;№3277;13.03.1930;2;Подвал
А. Черный;Гликберг А.М.;«Памяти твоей»;Рецензия на художественную книгу;Песков Г. (Дейша Е.А.);Русская литература;Эмигрантская литература;;;;Памяти твоей;Последние новости;Париж;Газета;№3277;13.03.1930;3;Чердак
Мих. Осоргин;Ильин M.A.;Книга Чисел;Рецензия на статью;Адамович Г.;Русская литература;Эмигрантская литература;;;;Комментарии;Последние новости;Париж;Газета;№3284;20.03.1930;3;Подвал
Мих. Осоргин;Ильин M.A.;Книга Чисел;Рецензия на публикацию;Антон Крайний (Гиппиус З.Н.);Русская литература;Эмигрантская литература;;;;Литературные размышления;Последние новости;Париж;Газета;№3284;20.03.1930;3;Подвал
Мих. Осоргин;Ильин M.A.;Книга Чисел;Рецензия на художественную книгу;Шаршун С.И.;Русская литература;Эмигрантская литература;;;;Долголиков;Последние новости;Париж;Газета;№3284;20.03.1930;3;Подвал
Мих. Осоргин;Ильин M.A.;Книга Чисел;Рецензия на художественную книгу;Фельзен Ю.;Русская литература;Эмигрантская литература;;;;Неравенство;Последние новости;Париж;Газета;№3284;20.03.1930;3;Подвал
Мих. Осоргин;Ильин M.A.;Книга Чисел;Рецензия на художественную книгу;Горный С.;Русская литература;Эмигрантская литература;;;;Фотографии;Последние новости;Париж;Газета;№3284;20.03.1930;3;Подвал
Мих. Осоргин;Ильин M.A.;Книга Чисел;Рецензия на художественную книгу;Газданов Г.И.;Русская литература;Эмигрантская литература;;;;Водяная тюрьма;Последние новости;Париж;Газета;№3284;20.03.1930;3;Подвал
А. Даманская;Даманская А.;Путь богов;Рецензия на художественную книгу;Келлерман Б.;Немецкая литература;XXв.;;;;Der Wegder Gôtter;Последние новости;Париж;Газета;№3284;20.03.1930;3;Чердак
Н. К—гъ;Кнорринг Н.Н.;«Краткосрочники»;Рецензия на художественную книгу;Куклин Г.;Русская литература;Советская литература;;;;Краткосрочники;Последние новости;Париж;Газета;№3284;20.03.1930;3;Чердак
Б/а;Б/а;Из записных книжек А. Блока;Рецензия на публикацию;Звезда;Русская литература;Советская литература;Русская литература;Начало XXв.;Блок А.А.;;Последние новости;Париж;Газета;№3284;20.03.1930;3;Чердак
Б/а;Б/а;О Викторе Гюго;Рецензия на статью;Ла Круа;Французская литература;XXв.;Французская литература;1/2 XIXв.;Гюго В.;;Последние новости;Париж;Газета;№3284;20.03.1930;3;Чердак
Р. Словцов;Калишевич Н.В.;Достоевский заграницей;Рецензия на публикацию;Госиздат;Русская литература;Советская литература;Русская литература;2/2 XIXв.;Достоевский Ф.М.;;Последние новости;Париж;Газета;№3289;25.03.1930;4;Подвал
Арсений Мерич;Даманская А.;Маг;Рецензия на художественную книгу;Бруно Ф.;Немецкая литература;XXв.;;;;Der Magier;Последние новости;Париж;Газета;№3291;27.03.1930;3;Чердак
Георгий Адамович;Адамович Г.В.;Литературные заметки;Рецензия на художественную книгу;Бальмонт К.Д.;Русская литература;Эмигрантская литература;;;;В раздвинутой дали;Последние новости;Париж;Газета;№3291;27.03.1930;3;Подвал
Ю. Сазонова;Сазонова Ю.Л.;Ромен Роллан;Персональная статья;Роллан Р.;Французская литература;XXв.;;;;;Последние новости;Париж;Газета;№3292;28.03.1930;4;Подвал
Георгий Адамович;Адамович Г.В.;Литературные заметки;Рецензия на издание;;Русская литература;Советская литература;;;;С кем и почему мы боремся?;Последние новости;Париж;Газета;№3298;03.04.1930;2;Подвал
Георгий Адамович;Адамович Г.В.;Литературные заметки;Рецензия на художественную книгу;Макаров А.;Русская литература;Советская литература;;;;Путь секундной стрелки;Последние новости;Париж;Газета;№3298;03.04.1930;2;Подвал
Георгий Адамович;Адамович Г.В.;Литературные заметки;Рецензия на художественную книгу;Шах Е.;Русская литература;Эмигрантская литература;;;;Городская весна;Последние новости;Париж;Газета;№3298;03.04.1930;2;Подвал
Георгий Адамович;Адамович Г.В.;Литературные заметки;Рецензия на художественную книгу;Мандельштам Ю.В.;Русская литература;Эмигрантская литература;;;;Остров;Последние новости;Париж;Газета;№3298;03.04.1930;2;Подвал
Георгий Адамович;Адамович Г.В.;Литературные заметки;Рецензия на исследование;Моруа А.;Французская литература;XXв.;Русская литература;2/2 XIXв.;Тургенев И.С.;Тургенев;Последние новости;Париж;Газета;№3298;03.04.1930;2;Подвал
А. Милюкова;Милюкова А.;Халидэ Эдиб;Рецензия на художественную книгу;Эдиб Х.;Турецкая литература;XXв.;;;;The Turkish ordeal;Последние новости;Париж;Газета;№3298;03.04.1930;3;Чердак
Мих. Цетлин;Цетлин М.О.;Владислав Ходасевич;Юбилейная статья;Ходасевич В.Ф.;Русская литература;Эмигрантская литература;;;;;Последние новости;Париж;Газета;№3298;03.04.1930;3;Чердак
Р. Словцов;Калишевич Н.В.;Москва в воспоминаниях Андрея Белого;Рецензия на художественную книгу;Белый А.;Русская литература;Советская литература;;;;На рубеже двух столетий;Последние новости;Париж;Газета;№3298;03.04.1930;4;Подвал
Б/а;Б/а;Халидэ Эдиб;Персональная статья;Эдиб Х.;Турецкая литература;XXв.;;;;;Последние новости;Париж;Газета;№3303;08.04.1930;2;Чердак
С.К.;;Ганс Христиан Андерсен;Юбилейная статья;Андерсен Г.Х.;Датская литература;2/2 XIXв.;;;;;Последние новости;Париж;Газета;№3305;10.04.1930;3;Чердак
К.;;Некрасов в одном томе;Рецензия на публикацию;Петрополис;Русская литература;Эмигрантская литература;Русская литература;2/2 XIXв.;Некрасов Н.А.;Н.А. Некрасов. Собрание стихотворений;Последние новости;Париж;Газета;№3305;10.04.1930;3;Чердак
Георгий Адамович;Адамович Г.В.;Виргилий;Юбилейная статья;Вергилий;Античная литература;Iв. до н.э.;;;;;Последние новости;Париж;Газета;№3307;12.04.1930;2—3;Подвал
Мих. Ос.;Ильин M.A.;Владимир Маяковский;Некролог;Маяковский В.В.;Русская литература;Советская литература;;;;;Последние новости;Париж;Газета;№3312;17.04.1930;3;Чердак
Н. К—гъ;Кнорринг Н.Н.;«Реквием»;Рецензия на издание;Федерация;Русская литература;Советская литература;Русская литература;Начало XXв.;Андреев Л.Н.;Реквием;Последние новости;Париж;Газета;№3312;17.04.1930;3;Чердак
Г. Лозинский;Лозинский Г.;Парижский архив И.С. Тургенева;Рецензия на публикацию;Мазон А.;Французская литература;XXв.;Русская литература;2/2 XIXв.;Тургенев И.С.;Manusorits parisiens d’Ivan Tourguénev;Последние новости;Париж;Газета;№3314;19.04.1930;2—3;Подвал
Георгий Адамович;Адамович Г.В.;Маяковский;Некролог;Маяковский В.В.;Русская литература;Советская литература;;;;;Последние новости;Париж;Газета;№3319;24.04.1930;2;Подвал
Р. Словцов;Калишевич Н.В.;Последний год Блока;Рецензия на исследование;;Русская литература;Советская литература;Русская литература;Начало XXв.;Блок А.А.;Судьба Блока;Последние новости;Париж;Газета;№3319;24.04.1930;3;Чердак
К. Мочульский;Мочульский К.В.;Новый роман Дрие Ла Рошелль;Рецензия на художественную книгу;Рошелль Д.Л.;Французская литература;XXв.;;;;Молодой европеец;Последние новости;Париж;Газета;№3319;24.04.1930;3;Чердак
Мих. Осоргин;Ильин M.A.;Советская литература;Обзорная статья;;Русская литература;Советская литература;;;;;Последние новости;Париж;Газета;№3319;24.04.1930;4;Подвал
Ю. С.;Сазонова Ю.Л.;Встреча французских и русских писателей;Обзорная статья;;Общее;Общее;;;;;Последние новости;Париж;Газета;№3324;29.04.1930;5;Чердак
Н. К—гъ;Кнорринг Н.Н.;«Необуржуазное течение в советской литературе»;Рецензия на исследование;Майзель М.;Русская литература;Советская литература;;;;Необуржуазное течение в советской литературе;Последние новости;Париж;Газета;№3324;29.04.1930;5;Подвал
Р. Словцов;Калишевич Н.В.;Новые письма Чехова;Рецензия на публикацию;Госиздат;Русская литература;Советская литература;Русская литература;2/2 XIXв.;Чехов А.П.;А.П. Чехов. Неизведанные письма;Последние новости;Париж;Газета;№3326;01.05.1930;2;Подвал
С.;Калишевич Н.В.;Детские книги в советской России;Обзорная статья;;Русская литература;Советская литература;;;;;Последние новости;Париж;Газета;№3326;01.05.1930;3;Чердак
Георгий Адамович;Адамович Г.В.;Литературные заметки;Рецензия на исследование;Горнфельд А.;Русская литература;Советская литература;;;;Романы и романисты;Последние новости;Париж;Газета;№3326;01.05.1930;3;Подвал
Георгий Адамович;Адамович Г.В.;Литературные заметки;Рецензия на исследование;Вржосек С.;Русская литература;Советская литература;;;;Жизнь и творчество В. Вересаева;Последние новости;Париж;Газета;№3326;01.05.1930;3;Подвал
Георгий Адамович;Адамович Г.В.;Литературные заметки;Рецензия на художественную книгу;Гехт С.;Русская литература;Советская литература;;;;Штрафная рота;Последние новости;Париж;Газета;№3326;01.05.1930;3;Подвал
Георгий Адамович;Адамович Г.В.;Петр 1;Рецензия на художественную книгу;Толстой А.Н.;Русская литература;Советская литература;;;;Петр 1;Последние новости;Париж;Газета;№3333;08.05.1930;3;Подвал
Кн. Сергей Волконский ;Волконский С.;«Там, где была Россия»;Рецензия на художественную книгу;Седых А.;Русская литература;Эмигрантская литература;;;;;Последние новости;Париж;Газета;№3340;15.05.1930;3;Чердак
Ивелич;Берберова Н.Н.;Новые книги стихов;Рецензия на художественную книгу;Дорожинская М.;Русская литература;Эмигрантская литература;;;;Зарево прошлого;Последние новости;Париж;Газета;№3340;15.05.1930;3;Чердак
Ивелич;Берберова Н.Н.;Новые книги стихов;Рецензия на художественную книгу;Холчев А.;Русская литература;Эмигрантская литература;;;;Смертный плен;Последние новости;Париж;Газета;№3340;15.05.1930;3;Чердак
Ивелич;Берберова Н.Н.;Новые книги стихов;Рецензия на художественную книгу;Иванов В.;Русская литература;Эмигрантская литература;;;;Сонеты;Последние новости;Париж;Газета;№3340;15.05.1930;3;Чердак
Ивелич;Берберова Н.Н.;Новые книги стихов;Рецензия на художественную книгу;Белоцветов Н.;Русская литература;Эмигрантская литература;;;;Дикий мед;Последние новости;Париж;Газета;№3340;15.05.1930;3;Чердак
Б/а;Б/а;Троцкий о пролетарской литературе;Рецензия на статью;Троцкий Л.;Русская литература;Советская литература;Русская литература;Советская литература;Маяковский В.В.;;Последние новости;Париж;Газета;№3340;15.05.1930;3;Чердак
Мих. Ос.;Ильин M.A.;«Квадратура круга»;Рецензия на художественную книгу;Катаев В.П.;Русская литература;Советская литература;;;;Квадратура круга;Последние новости;Париж;Газета;№3340;15.05.1930;3;Чердак
Георгий Адамович;Адамович Г.В.;«Современные записки». № 42;Рецензия на художественную книгу;Осоргин М.А.;Русская литература;Эмигрантская литература;;;;Повесть о сестре;Последние новости;Париж;Газета;№3340;15.05.1930;3;Подвал
Георгий Адамович;Адамович Г.В.;«Современные записки». № 42;Рецензия на художественную книгу;Шмелев И.С.;Русская литература;Эмигрантская литература;;;;Солдаты;Последние новости;Париж;Газета;№3340;15.05.1930;3;Подвал
Георгий Адамович;Адамович Г.В.;«Современные записки». № 42;Рецензия на художественную книгу;Сирин В. (Набоков В.В.);Русская литература;Эмигрантская литература;;;;Защита Лужина;Последние новости;Париж;Газета;№3340;15.05.1930;3;Подвал
Георгий Адамович;Адамович Г.В.;«Современные записки». № 42;Рецензия на художественную книгу;Иванов Г.В.;Русская литература;Эмигрантская литература;;;;Стихи;Последние новости;Париж;Газета;№3340;15.05.1930;3;Подвал
Георгий Адамович;Адамович Г.В.;«Современные записки». № 42;Рецензия на художественную книгу;Поплавский Б.Ю.;Русская литература;Эмигрантская литература;;;;Стихи;Последние новости;Париж;Газета;№3340;15.05.1930;3;Подвал
Георгий Адамович;Адамович Г.В.;«Современные записки». № 42;Рецензия на художественную книгу;Блох А.;Русская литература;Эмигрантская литература;;;;Стихи;Последние новости;Париж;Газета;№3340;15.05.1930;3;Подвал
Георгий Адамович;Адамович Г.В.;«Современные записки». № 42;Рецензия на художественную книгу;Голенищев-Кутузов И.;Русская литература;Эмигрантская литература;;;;Стихи;Последние новости;Париж;Газета;№3340;15.05.1930;3;Подвал
Р. Словцов;Калишевич Н.В.;Тургенев и революционеры;Рецензия на публикацию;Академия;Русская литература;Советская литература;Русская литература;2/2 XIXв.;Тургенев И.С.;И.С. Тургенев. В воспоминаниях революционеров семидесятников;Последние новости;Париж;Газета;№3340;15.05.1930;4;Подвал
Р. Словцов;Калишевич Н.В.;Чудесный доктор;Рецензия на художественную книгу;Штрайх С.Я.;Русская литература;Советская литература;;;;Повесть о жизни и любви чудесного доктора;Последние новости;Париж;Газета;№3345;20.05.1930;2;Подвал
Б. Б.;;Литература в СССР;Рецензия на статью;Каменский А.;Русская литература;Советская литература;;;;;Последние новости;Париж;Газета;№3347;22.05.1930;3;Чердак
Б. Б.;;Литература в СССР;Персональная статья;Булгаков М.А.;Русская литература;Советская литература;;;;;Последние новости;Париж;Газета;№3347;22.05.1930;3;Чердак
Б. Б.;;Литература в СССР;Некролог;Маяковский В.В.;Русская литература;Советская литература;;;;;Последние новости;Париж;Газета;№3347;22.05.1930;3;Чердак
Б. Б.;;Литература в СССР;Рецензия на художественную книгу;Шолохов М.М.;Русская литература;Советская литература;;;;Тихий Дон;Последние новости;Париж;Газета;№3347;22.05.1930;3;Чердак
М. Бенедиктов;Берхин М.;О З. Шнеуре;Рецензия на художественную книгу;Шнеур З.;Еврейская литература;XXв.;;;;Шкловер Иден;Последние новости;Париж;Газета;№3347;22.05.1930;3;Чердак
Георгий Адамович;Адамович Г.В.;«Виза времени»;Рецензия на художественную книгу;Эренбург И.;Русская литература;Советская литература;;;;Виза времени;Последние новости;Париж;Газета;№3347;22.05.1930;3;Чердак
Р. Словцов;Калишевич Н.В.;Литературная пародия;Рецензия на исследование;Бегак Б., Кравцов Н., Морозов А.;Русская литература;Советская литература;;;;Русская литературная пародия;Последние новости;Париж;Газета;№3347;22.05.1930;4;Подвал
Милюков П.;Милюков П.Н.;Памяти Е.А. Нагродской;Некролог;Нагродская Е.А.;Русская литература;Эмигрантская литература;;;;;Последние новости;Париж;Газета;№3348;23.05.1930;2;Чердак
Мих. Осоргин;Ильин M.A.;Забытая книга;Рецензия на художественную книгу;Карр А.;Французская литература;2/2 XIXв.;;;;Путешествие вокруг моего сердца;Последние новости;Париж;Газета;№3353;28.05.1930;3;Подвал
Мих. Осоргин;Ильин M.A.;Куприн;Юбилейная статья;Куприн А.И.;Русская литература;Эмигрантская литература;;;;;Последние новости;Париж;Газета;№3354;29.05.1930;2;Подвал
К. Мочульский;Мочульский К.В.;«Романтизм и мы»;Обзорная статья;;Французская литература;XXв.;;;;;Последние новости;Париж;Газета;№3354;29.05.1930;3;Чердак
Н. Ст.;Ильин M.A.;По закоулкам душевным;Рецензия на художественную книгу;Кучук И.;Русская литература;Эмигрантская литература;;;;По закоулкам душевным;Последние новости;Париж;Газета;№3354;29.05.1930;3;Чердак
Р. Словцов;Калишевич Н.В.;Русский фельетон 40-х годов;Рецензия на публикацию;Академия;Русская литература;Советская литература;Русская литература;1/2 XIXв.;;Фельетоны сороковых годов;Последние новости;Париж;Газета;№3354;29.05.1930;3;Подвал
Георгий Адамович;Адамович Г.В.;Литературные заметки;Рецензия на художественную книгу;Калинников И.;Русская литература;Советская литература;;;;Бобры;Последние новости;Париж;Газета;№3357;01.06.1930;5;Подвал
Георгий Адамович;Адамович Г.В.;Литературные заметки;Рецензия на издание;;Русская литература;Эмигрантская литература;;;;Сборник Союза молодых поэтов. № 3;Последние новости;Париж;Газета;№3357;01.06.1930;5;Подвал
Георгий Адамович;Адамович Г.В.;Литературные заметки;Рецензия на исследование;Груздев И.;Русская литература;Советская литература;Русская литература;Советская литература;Горький М.;;Последние новости;Париж;Газета;№3357;01.06.1930;5;Подвал
Р. Словцов;Калишевич Н.В.;Парижские годы Гейне;Рецензия на исследование;Моклер К.;Французская литература;XXв.;Немецкая литература;1/2 XIXв.;Гейне Г.;La vie humiliée de Henri Heine;Последние новости;Париж;Газета;№3359;03.06.1930;4;Подвал
Даманская А.;Даманская А.;Уот Уитман;Персональная статья;Уитмен У.;Американская литература;2/2 XIXв.;;;;;Последние новости;Париж;Газета;№3359;03.06.1930;5;Подвал
Г. Гурвич;Гурвич Г.;Герцен и Прудон;Рецензия на исследование;Лабри Р.;Французская литература;XXв.;;;;Herzen et Proudhon;Последние новости;Париж;Газета;№3361;05.06.1930;3;Чердак
Г. Адамович;Адамович Г.В.;Советская критика;Обзорная статья;;Русская литература;Советская литература;;;;;Последние новости;Париж;Газета;№3361;05.06.1930;3;Чердак
Н. К—гъ;Кнорринг Н.Н.;Японский роман;Рецензия на художественную книгу;Роспопов Н.А. (А. Стромов);Русская литература;Эмигрантская литература;;;;Томи;Последние новости;Париж;Газета;№3361;05.06.1930;3;Чердак
Н. Берберова;Берберова Н.Н.;С. Черниховский в Париже;Персональная статья;Черниховский С.Г.;Еврейская литература;XXв.;;;;;Последние новости;Париж;Газета;№3361;05.06.1930;3;Чердак
Ю. Сазонова;Сазонова Ю.Л.;Дон-Жуанизм;Обзорная статья;;Общее;Общее;;;;;Последние новости;Париж;Газета;№3363;07.06.1930;3;Подвал
Ю. Сазонова;Сазонова Ю.Л.;Страна воспоминаний;Обзорная статья;;Русская литература;Эмигрантская литература;;;;;Последние новости;Париж;Газета;№3368;12.06.1930;3;Подвал
А. Д—ская;Даманская А.;Эльзасский роман;Рецензия на художественную книгу;Кладен П.;Французская литература;XXв.;;;;Дезире Данакер;Последние новости;Париж;Газета;№3368;12.06.1930;3;Чердак
Мих. Ос.;Ильин M.A.;«Запретный хлеб»;Рецензия на художественную книгу;Гойер Л.В.;Русская литература;Эмигрантская литература;;;;Запретный хлеб;Последние новости;Париж;Газета;№3368;12.06.1930;3;Чердак
Б/а;Б/а;«Великий русский поэт Маяковский»;Рецензия на статью;Левинсон А.;Французская литература;XXв.;Русская литература;Советская литература;Маяковский В.В.;;Последние новости;Париж;Газета;№3370;14.06.1930;3;Чердак
Р. Словцов;Калишевич Н.В.;Жизнь муравьев;Рецензия на художественную книгу;Метерлинк М.;Бельгийская литература;XXв.;;;;La vie des fourmis;Последние новости;Париж;Газета;№3373;17.06.1930;4;Подвал
Р. Словцов;Калишевич Н.В.;Круг «Современника»;Рецензия на публикацию;Академия;Русская литература;Советская литература;Русская литература;2/2 XIXв.;Тургенев И.С.;Тургенев и круг «Современника»;Последние новости;Париж;Газета;№3375;19.06.1930;3;Подвал
Р. Словцов;Калишевич Н.В.;Круг «Современника»;Рецензия на исследование;Берлинер Г.;Русская литература;Советская литература;Русская литература;2/2 XIXв.;Чернышевский;Н.Г. Чернышевский и его литературные враги;Последние новости;Париж;Газета;№3375;19.06.1930;3;Подвал
Б/а;Б/а;Новые «стихотворения в прозе» Тургенева;Рецензия на публикацию;Мазон А.;Французская литература;XXв.;Русская литература;2/2 XIXв.;Тургенев И.С.;Nouveaux poémes en prose;Последние новости;Париж;Газета;№3375;19.06.1930;3;Чердак
Ивелич;Берберова Н.Н.;«Перекресток»;Рецензия на издание;;Русская литература;Эмигрантская литература;;;;Перекресток;Последние новости;Париж;Газета;№3375;19.06.1930;3;Чердак
Арсений Мерич;Даманская А.;В полночь — по традиции;Рецензия на художественную книгу;Орлан П.М.;Французская литература;XXв.;;;;;Последние новости;Париж;Газета;№3376;20.06.1930;5;Подвал
Р. Словцов;Калишевич Н.В.;Кто была «Пиковая Дама»;Рецензия на исследование;Лернер Н.О.;Русская литература;Советская литература;Русская литература;1/2 XIXв.;Пушкин А.С.;Н.О. Лернер. Рассказы о Пушкине;Последние новости;Париж;Газета;№3380;24.06.1930;3;Подвал
Ю. Сазонова;Сазонова Ю.Л.;Советская скука;Обзорная статья;;Русская литература;Советская литература;;;;;Последние новости;Париж;Газета;№3381;25.06.1930;2;Подвал
Р. Словцов;Калишевич Н.В.;В годы символизма;Рецензия на художественную книгу;Чулков Г.И.;Русская литература;Советская литература;;;;Годы странствий;Последние новости;Париж;Газета;№3382;26.06.1930;3;Подвал
Г. А.;Адамович Г.В.;«Учеба»;Обзорная статья;;Русская литература;Советская литература;;;;;Последние новости;Париж;Газета;№3382;26.06.1930;3;Чердак
Кн. Сергей Волконский ;Волконский С.;«Братья Букэнкан»;Рецензия на художественную книгу;Прево Ж.;Французская литература;XXв.;;;;Les Frères Bouquinquant;Последние новости;Париж;Газета;№3382;26.06.1930;3;Чердак
И.Д.;Демидов И.П.;«Флаг адмирала»;Рецензия на издание;;Русская литература;Эмигрантская литература;;;;Флаг адмирала;Последние новости;Париж;Газета;№3382;26.06.1930;3;Чердак
Георгий Адамович;Адамович Г.В.;Литературные заметки;Рецензия на художественную книгу;Габрилович Е.;Русская литература;Советская литература;;;;Ошибки, дожди, свадьбы;Последние новости;Париж;Газета;№3389;03.07.1930;2;Подвал
Георгий Адамович;Адамович Г.В.;Литературные заметки;Рецензия на художественную книгу;Либединский Ю.;Русская литература;Советская литература;;;;Поворот;Последние новости;Париж;Газета;№3389;03.07.1930;2;Подвал
Георгий Адамович;Адамович Г.В.;Литературные заметки;Рецензия на художественную книгу;Канатчиков С.;Русская литература;Советская литература;;;;Из истории моего бытия;Последние новости;Париж;Газета;№3389;03.07.1930;2;Подвал
Георгий Адамович;Адамович Г.В.;Литературные заметки;Рецензия на художественную книгу;Комаров С.;Русская литература;Эмигрантская литература;;;;Вечный танец;Последние новости;Париж;Газета;№3389;03.07.1930;2;Подвал
Кн. Сергей Волконский ;Волконский С.;Новые стихотворения в прозе Тургенева;Рецензия на публикацию;Мазон А.;Французская литература;XXв.;Русская литература;2/2 XIXв.;Тургенев И.С.;Nouveaux poémes en prose;Последние новости;Париж;Газета;№3389;03.07.1930;3;Подвал
А. Д—ская;Даманская А.;Генрих-Эдуард Якоб;Рецензия на художественную книгу;Якоб Г.Э.;Немецкая литература;XXв.;;;;Jacqueline und die Japaner;Последние новости;Париж;Газета;№3389;03.07.1930;3;Чердак
Н. Ст.;Ильин M.A.;«Что было в 1940 году»;Рецензия на художественную книгу;Роспопов Н.А. (А. Стромов);Русская литература;Эмигрантская литература;;;;Что было в 1940 году;Последние новости;Париж;Газета;№3389;03.07.1930;3;Чердак
Р. Словцов;Калишевич Н.В.;М.Е. Салтыков—чиновник;Рецензия на исследование;Иванов-Разумник;Русская литература;Советская литература;Русская литература;2/2 XIXв.;Салтыков-Щедрин М.Е.;М.Е. Салтыков-Щедрин. Жизнь и творчество;Последние новости;Париж;Газета;№3389;03.07.1930;4;Подвал
В. Муромцева;Муромцева В.;Московские «Среды»;Обзорная статья;;Русская литература;Начало XXв.;;;;;Последние новости;Париж;Газета;№3391;05.07.1930;5;Подвал
Ивелич;Берберова Н.Н.;«Академический середняк»;Обзорная статья;;Русская литература;Советская литература;;;;;Последние новости;Париж;Газета;№3393;07.07.1930;2;Чердак
Р. Словцов;Калишевич Н.В.;Как родился «Гамлет»;Рецензия на исследование;Шамбрен К.Л. де;Французская литература;XXв.;Английская литература;XVIIв.;Шекспир У.;Hamlet de Shakespeare;Последние новости;Париж;Газета;№3394;08.07.1930;5;Подвал
Б/а;Б/а;Брюсов и Ленин;Персональная статья;Брюсов В.Я.;Русская литература;Советская литература;;;;;Последние новости;Париж;Газета;№3396;10.07.1930;2;Чердак
Р. Словцов;Калишевич Н.В.;Поэт и палач;Рецензия на исследование;Чуковский К.И.;Русская литература;Советская литература;Русская литература;2/2 XIXв.;Некрасов Н.А.;Рассказы о Некрасове;Последние новости;Париж;Газета;№3396;10.07.1930;3;Подвал
А.М.;;Токио via Москва;Рецензия на художественную книгу;Иамата К.;Французская литература;XXв.;;;;Japon;Последние новости;Париж;Газета;№3396;10.07.1930;3;Чердак
А. Даманская;Даманская А.;Баббиты;Рецензия на художественную книгу;Льюис С.;Американская литература;XXв.;;;;Баббиты;Последние новости;Париж;Газета;№3396;10.07.1930;4;Подвал
Б/а;Б/а;Вокруг статьи А.Я. Левинсона о Маяковском;Рецензия на статью;Левинсон А.;Французская литература;XXв.;Русская литература;Советская литература;Маяковский В.В.;;Последние новости;Париж;Газета;№3398;12.07.1930;3;Чердак
Б/а;Б/а;Бабель о себе;Персональная статья;Бабель И.Э.;Русская литература;Советская литература;;;;;Последние новости;Париж;Газета;№3399;13.07.1930;3;Чердак
Юниус;Кулишер А.М.;«Борзая» книга;Рецензия на художественную книгу;Барбюс А.;Французская литература;XXв.;;;;Огонь;Последние новости;Париж;Газета;№3403;17.07.1930;2;Подвал
А. Даманская;Даманская А.;Бал;Рецензия на художественную книгу;Немировски И.;Русская литература;Эмигрантская литература;;;;Le bal;Последние новости;Париж;Газета;№3403;17.07.1930;3;Чердак
Р. Словцов;Калишевич Н.В.;Толстой и самодержавие;Рецензия на исследование;Апостолов Н.П.;Русская литература;Советская литература;Русская литература;2/2 XIXв.;Толстой Л.Н.;Лев Толстой и русское самодержавие;Последние новости;Париж;Газета;№3403;17.07.1930;3;Подвал
Ю. Сазонова;Сазонова Ю.Л.;Искание покоя;Рецензия на художественную книгу;Мориак Ф.;Французская литература;XXв.;;;;Ce qui était perdu;Последние новости;Париж;Газета;№3403;17.07.1930;4;Подвал
Дионео;Шкловский И.В.;«Обезьяны Божьи»;Рецензия на художественную книгу;Льюис У.;Английская литература;XXв.;;;;Обезьяны Божьи;Последние новости;Париж;Газета;№3404;18.07.1930;2;Подвал
Г. Кузнецова;Кузнецова Г.Н.;Конец Лоти;Рецензия на художественную книгу;Фаррер К.;Французская литература;XXв.;;;;Лоти;Последние новости;Париж;Газета;№3405;19.07.1930;3;Подвал
А.;Адамович Г.В.;Павел Беспощадный;Персональная статья;Беспощадный П.;Русская литература;Советская литература;;;;;Последние новости;Париж;Газета;№3406;20.07.1930;5;Чердак
Р. Словцов;Калишевич Н.В.;Документы о Чехове и его героях;Рецензия на исследование;Соболев Ю.;Русская литература;Советская литература;Русская литература;2/2 XIXв.;Чехов А.П.;«Чехов». Статьи, материалы, библиография;Последние новости;Париж;Газета;№3408;22.07.1930;5;Подвал
Б/а;Б/а;Новый роман Уэльса;Рецензия на художественную книгу;Уэльс Г.;Английская литература;XXв.;;;;Самовластие мистера Парэма;Последние новости;Париж;Газета;№3409;23.07.1930;3;Чердак
А. М-чъ;;Нескромная анкета ;Обзорная статья;;Французская литература;XXв.;;;;;Последние новости;Париж;Газета;№3410;24.07.1930;3;Чердак
Н. Ст.;Ильин M.A.;Тень антихриста;Рецензия на художественную книгу;Дьякова Е.;Русская литература;Эмигрантская литература;;;;;Последние новости;Париж;Газета;№3410;24.07.1930;3;Чердак
В. М.;Мякотин В.А.(?);Русский альманах;Рецензия на издание;;Русская литература;Эмигрантская литература;;;;Альманах;Последние новости;Париж;Газета;№3410;24.07.1930;3;Чердак
Н. К—гъ;Кнорринг Н.Н.;Пушкин в Москве;Обзорная статья;;Русская литература;Советская литература;Русская литература;1/2 XIXв.;Пушкин А.С.;;Последние новости;Париж;Газета;№3413;27.07.1930;6;Чердак
Ю. Сазонова;Сазонова Ю.Л.;«Картины будущей жизни»;Рецензия на художественную книгу;Дюамель Ж.;Французская литература;XXв.;;;;Scénes de la vie future;Последние новости;Париж;Газета;№3415;29.07.1930;4;Подвал
Р. Словцов;Калишевич Н.В.;Отец «Дон-Кихота» ;Персональная статья;Сервантес М. де;Испанская литература;XVIIв.;;;;;Последние новости;Париж;Газета;№3415;29.07.1930;5;Подвал
В. Мякотин;Мякотин В.А.;Из писем В.Г. Короленка;Рецензия на публикацию;Политкаторжанин;Русская литература;Советская литература;Русская литература;2/2 XIXв.;Короленко В.Г.;В.Г. Короленко. Письма к П.С. Ивановской;Последние новости;Париж;Газета;№3417;31.07.1930;2;Подвал
Георгий Адамович;Адамович Г.В.;Рассказы В. Катаева;Рецензия на художественную книгу;Катаев В.П.;Русская литература;Советская литература;;;;Отец;Последние новости;Париж;Газета;№3417;31.07.1930;3;Чердак
Георгий Адамович;Адамович Г.В.;«Современные записки», кн. 43;Рецензия на художественную книгу;Осоргин М.А.;Русская литература;Эмигрантская литература;;;;Повесть о сестре;Последние новости;Париж;Газета;№3424;07.08.1930;3;Подвал
Георгий Адамович;Адамович Г.В.;«Современные записки», кн. 43;Рецензия на художественную книгу;Алданов М.А.;Русская литература;Эмигрантская литература;;;;Бегство;Последние новости;Париж;Газета;№3424;07.08.1930;3;Подвал
Георгий Адамович;Адамович Г.В.;«Современные записки», кн. 43;Рецензия на художественную книгу;Берберова Н.Н.;Русская литература;Эмигрантская литература;;;;Последние и первые;Последние новости;Париж;Газета;№3424;07.08.1930;3;Подвал
Георгий Адамович;Адамович Г.В.;«Современные записки», кн. 43;Рецензия на художественную книгу;Сирин В. (Набоков В.В.);Русская литература;Эмигрантская литература;;;;Пильграм;Последние новости;Париж;Газета;№3424;07.08.1930;3;Подвал
Георгий Адамович;Адамович Г.В.;«Современные записки», кн. 43;Рецензия на художественную книгу;Гиппиус З.Н.;Русская литература;Эмигрантская литература;;;;Стихи;Последние новости;Париж;Газета;№3424;07.08.1930;3;Подвал
Георгий Адамович;Адамович Г.В.;«Современные записки», кн. 43;Рецензия на художественную книгу;Ладинский А.П.;Русская литература;Эмигрантская литература;;;;Стихи;Последние новости;Париж;Газета;№3424;07.08.1930;3;Подвал
Георгий Адамович;Адамович Г.В.;«Современные записки», кн. 43;Рецензия на художественную книгу;Ходасевич В.Ф.;Русская литература;Эмигрантская литература;;;;Державин;Последние новости;Париж;Газета;№3424;07.08.1930;3;Подвал
Георгий Адамович;Адамович Г.В.;«Современные записки», кн. 43;Рецензия на статью;Голенищев-Кутузов И.;Русская литература;Эмигрантская литература;;;;;Последние новости;Париж;Газета;№3424;07.08.1930;3;Подвал
Н. К—гъ;Кнорринг Н.Н.;«Сильные и слабые»;Рецензия на художественную книгу;Рот Ж.;Французская литература;XXв.;;;;Сильные и слабые;Последние новости;Париж;Газета;№3424;07.08.1930;3;Чердак
Р. Словцов;Калишевич Н.В.;Записки Н.И. Греча;Рецензия на публикацию;Академия;Русская литература;Советская литература;Русская литература;1/2 XIXв.;Греч Н.И.;Записки о моей жизни;Последние новости;Париж;Газета;№3424;07.08.1930;4;Подвал
Р. Словцов;Калишевич Н.В.;Детство Ф.М. Достоевского;Рецензия на публикацию;Издательство писателей;Русская литература;Советская литература;Русская литература;2/2 XIXв.;Достоевский Ф.М.;Воспоминания Андрея Михайловича Достоевского;Последние новости;Париж;Газета;№3429;12.08.1930;5;Подвал
А. Милюкова;Милюкова А.;Крестьяне о писателях;Рецензия на исследование;Топоров А.М.;Русская литература;Советская литература;;;;Крестьяне о писателях;Последние новости;Париж;Газета;№3431;14.08.1930;2—3;Подвал
Р. Словцов;Калишевич Н.В.;Скитальчество Аполлона Григорьева;Рецензия на публикацию;Академия;Русская литература;Советская литература;Русская литература;2/2 XIXв.;Григорьев А.;Аполлон Григорьев. Воспоминания и воспоминания об Аполлоне Григорьеве;Последние новости;Париж;Газета;№3431;14.08.1930;4;Подвал
Б/а;Б/а;Новые материалы о Пушкине;Рецензия на издание;;Русская литература;Советская литература;Русская литература;1/2 XIXв.;Пушкин А.С.;Звезда;Последние новости;Париж;Газета;№3431;14.08.1930;3;Чердак
Н. К—гъ;Кнорринг Н.Н.;Роман из красноармейской жизни;Рецензия на художественную книгу;Михайлов С.;Русская литература;Советская литература;;;;Бригадная роща;Последние новости;Париж;Газета;№3431;14.08.1930;3;Чердак
Арсений Мерич;Даманская А.;Переоценка ценностей;Рецензия на исследование;Пулай А.;Французская литература;XXв.;;;;;Последние новости;Париж;Газета;№3431;14.08.1930;3;Чердак
Георгий Адамович;Адамович Г.В.;Это и есть Москва;Рецензия на художественную книгу;Рихтер З.;Русская литература;Советская литература;;;;Это и есть Москва;Последние новости;Париж;Газета;№3434;17.08.1930;5;Подвал
Георгий Адамович;Адамович Г.В.;Воспоминания о Есенине;Рецензия на художественную книгу;Эрлих В.;Русская литература;Советская литература;Русская литература;Советская литература;Есенин С.А.;Право на песнь;Последние новости;Париж;Газета;№3438;21.08.1930;3;Чердак
Р. Словцов;Калишевич Н.В.;Изабелла Эбегардт;Рецензия на исследование;Stéphen R.;Французская литература;XXв.;Русская литература;Начало XXв.;Эбегардт И.;Isabelle Eberhardt ou la révelation;Последние новости;Париж;Газета;№3438;21.08.1930;4;Подвал
Кн. Сергей Волконский ;Волконский С.;Роман и революция;Рецензия на художественную книгу;Уэбстер Н.;Английская литература;XXв.;;;;The Chevalier de Boufflers;Последние новости;Париж;Газета;№3441;24.08.1930;5;Подвал
Б/а;Б/а;Поэт Николай Муздрин;Персональная статья;Муздрин Н.;Русская литература;Советская литература;;;;;Последние новости;Париж;Газета;№3441;24.08.1930;5;Чердак
Георгий Адамович;Адамович Г.В.;Странствования по душам;Рецензия на художественную книгу;Шестов Л.;Русская литература;Эмигрантская литература;;;;На весах Иова: Странствования по душам;Последние новости;Париж;Газета;№3445;28.08.1930;3;Подвал
М. Бенедиктов;Берхин М.;Полуночное солнце;Рецензия на художественную книгу;Бенуа П.;Французская литература;XXв.;;;;Полуночное солнце;Последние новости;Париж;Газета;№3445;28.08.1930;3;Чердак
Р. Словцов;Калишевич Н.В.;Из «Потаенной литературы»;Обзорная статья;;Русская литература;Общее;;;;;Последние новости;Париж;Газета;№3445;28.08.1930;4;Подвал
Ю. Терапиано;Терапиано Ю.К.;Спор Блока и Гумилева;Персональная статья;Блок А.А.;Русская литература;Начало XXв.;;;;;Последние новости;Париж;Газета;№3447;30.08.1930;5;Подвал
Ю. Терапиано;Терапиано Ю.К.;Спор Блока и Гумилева;Персональная статья;Гумилев Н.С.;Русская литература;Начало XXв.;;;;;Последние новости;Париж;Газета;№3447;30.08.1930;5;Подвал
Георгий Адамович;Адамович Г.В.;Записки рабкора;Рецензия на художественную книгу;Лаврухин Д.И.;Русская литература;Советская литература;;;;По следам героя;Последние новости;Париж;Газета;№3452;04.09.1930;3;Подвал
Арсений Мерич;Даманская А.;Пролетарский роман;Рецензия на художественную книгу;Финк Г.;Немецкая литература;XXв.;;;;Mich hungert’s;Последние новости;Париж;Газета;№3452;04.09.1930;3;Чердак
Р. Словцов;Калишевич Н.В.;Литературные салоны и кружки;Рецензия на исследование;Академия;Русская литература;Советская литература;;;;Литературные салоны и кружки;Последние новости;Париж;Газета;№3452;04.09.1930;4;Подвал
Георгий Адамович;Адамович Г.В.;Литературные заметки;Рецензия на художественную книгу;Павленко П.А.;Русская литература;Советская литература;;;;Азиатские рассказы;Последние новости;Париж;Газета;№3459;11.09.1930;3;Подвал
Георгий Адамович;Адамович Г.В.;Литературные заметки;Рецензия на художественную книгу;Третьяков С.;Русская литература;Советская литература;;;;Дэн-Ши-Хуа. Био-интервью;Последние новости;Париж;Газета;№3459;11.09.1930;3;Подвал
Георгий Адамович;Адамович Г.В.;Литературные заметки;Рецензия на художественную книгу;Шумсков В.;Русская литература;Советская литература;;;;Выдвиженец;Последние новости;Париж;Газета;№3459;11.09.1930;3;Подвал
Георгий Адамович;Адамович Г.В.;Литературные заметки;Рецензия на художественную книгу;Василенко К.;Русская литература;Советская литература;;;;Другое солнце;Последние новости;Париж;Газета;№3459;11.09.1930;3;Подвал
И. Демидов;Демидов И.П.;Три имени - три пути;Рецензия на статью;Булгаков В.;Русская литература;Эмигрантская литература;;;;Толстой, Ленин, Ганди;Последние новости;Париж;Газета;№3459;11.09.1930;3;Чердак
Н. К—гъ;Кнорринг Н.Н.;Литературное наследие Чернышевского;Рецензия на публикацию;;Русская литература;Советская литература;Русская литература;2/2 XIXв.;Чернышевский Н.Г.;;Последние новости;Париж;Газета;№3459;11.09.1930;3;Чердак
Галина Кузнецова;Кузнецова Г.Н.;Жан-Люк;Рецензия на художественную книгу;Рамюз Ш.;Французская литература;XXв.;;;;Жан-Люк;Последние новости;Париж;Газета;№3459;11.09.1930;4;Подвал
Георгий Адамович;Адамович Г.В.;По советским журналам ;Рецензия на художественную книгу;Толстой А.Н.;Русская литература;Советская литература;;;;;Последние новости;Париж;Газета;№3466;18.09.1930;3;Чердак
Георгий Адамович;Адамович Г.В.;По советским журналам ;Рецензия на художественную книгу;Горький М.;Русская литература;Советская литература;;;;;Последние новости;Париж;Газета;№3466;18.09.1930;3;Чердак
Георгий Адамович;Адамович Г.В.;По советским журналам ;Рецензия на издание;;Русская литература;Советская литература;;;;Красная новь;Последние новости;Париж;Газета;№3466;18.09.1930;3;Чердак
Георгий Адамович;Адамович Г.В.;По советским журналам ;Рецензия на издание;;Русская литература;Советская литература;;;;Молодая гвардия;Последние новости;Париж;Газета;№3466;18.09.1930;3;Чердак
Георгий Адамович;Адамович Г.В.;По советским журналам ;Рецензия на издание;;Русская литература;Советская литература;;;;На литературном посту;Последние новости;Париж;Газета;№3466;18.09.1930;3;Чердак
А.Ф.;;Пути отмеченных;Рецензия на художественную книгу;Гессе Г.;Немецкая литература;XXв.;;;;Narciss und Goldmünd;Последние новости;Париж;Газета;№3466;18.09.1930;3;Чердак
Георгий Адамович;Адамович Г.В.;Литературные заметки;Рецензия на художественную книгу;Кузмин М.А.;Русская литература;Советская литература;;;;Форель разбивает лед;Последние новости;Париж;Газета;№3473;25.09.1930;3;Подвал
Георгий Адамович;Адамович Г.В.;Литературные заметки;Рецензия на художественную книгу;Кельчевский Е.А.;Русская литература;Эмигрантская литература;;;;В лесу;Последние новости;Париж;Газета;№3473;25.09.1930;3;Подвал
Н. К—гъ;Кнорринг Н.Н.;Из переписки 3.Н. Гиппиус с П. П. Перцовым;Рецензия на исследование;Евгеньев-Максимов В.;Русская литература;Советская литература;Русская литература;Эмигрантская литература;Гиппиус З.Н.;В. Евгеньев-Максимов. Из прошлого русской журналистики;Последние новости;Париж;Газета;№3473;25.09.1930;3;Чердак
Ант. Ладинский;Ладинский А.П.;Неизданная трагедия Н. Гумилева;Рецензия на художественную книгу;Гумилев Н.С.;Русская литература;Начало XXв.;;;;Отравленная туника;Последние новости;Париж;Газета;№3476;28.09.1930;5;Подвал
Георгий Адамович;Адамович Г.В.;«Крушение республики Итль»;Рецензия на художественную книгу;Лавренев Б.А.;Русская литература;Советская литература;;;;Крушение республики Итль ;Последние новости;Париж;Газета;№3480;02.10.1930;3;Чердак
П. Милюков;Милюков П.Н.;10-летие «Современных Записок»;Юбилейная статья;;Русская литература;Эмигрантская литература;;;;Современные записки;Последние новости;Париж;Газета;№3487;09.10.1930;3;Чердак
И. Демидов;Демидов И.П.;Летопись В. Корсака;Рецензия на художественную книгу;Корсак В.;Русская литература;Эмигрантская литература;;;;У красных;Последние новости;Париж;Газета;№3487;09.10.1930;3;Чердак
Георгий Адамович;Адамович Г.В.;Буржуазные тенденции в современной литературе;Обзорная статья;;Русская литература;Советская литература;;;;;Последние новости;Париж;Газета;№3487;09.10.1930;3;Чердак
А. Даманская;Даманская А.;Новое о Горьком;Рецензия на статью;Мейн А.;Русская литература;Советская литература;Русская литература;Советская литература;Горький М.;;Последние новости;Париж;Газета;№3494;16.10.1930;3;Чердак
Юниус;Кулишер А.М.;Жаботинский;Юбилейная статья;Жаботинский В.;Русская литература;Эмигрантская литература;;;;;Последние новости;Париж;Газета;№3496;18.10.1930;4;Подвал
Р. Словцов;Калишевич Н.В.;Человек, который никогда не скучал;Рецензия на исследование;Монвель Р.Б. де;Французская литература;XXв.;Английская литература;1/2 XIXв.;Бекфорд У.;Grands seigneurs et bourgeois d'Angleterre;Последние новости;Париж;Газета;№3499;21.10.1930;4;Подвал
Георгий Адамович;Адамович Г.В.;Судьбы советской литературы;Обзорная статья;;Русская литература;Советская литература;;;;;Последние новости;Париж;Газета;№3501;23.10.1930;2;Подвал
Р. Словцов;Калишевич Н.В.;Первый друг Пушкина;Рецензия на исследование;Штрайх С.Ф.;Русская литература;Советская литература;Русская литература;1/2 XIXв.;Пушкин А.С.;Первый друг Пушкина;Последние новости;Париж;Газета;№3501;23.10.1930;3;Подвал
В. Мякотин;Мякотин В.А.;Русская журналистика 60-х годов;Рецензия на исследование;Академия;Русская литература;Советская литература;Русская литература;2/2 XIXв.;;Русская журналистика. 1. Шестидесятые годы;Последние новости;Париж;Газета;№3501;23.10.1930;3;Чердак
Р. Словцов;Калишевич Н.В.;Литературные мистификации;Рецензия на исследование;Ланн Е.;Русская литература;Советская литература;;;;Литературные мистификации;Последние новости;Париж;Газета;№3506;28.10.1930;5;Подвал
Георгий Адамович;Адамович Г.В.;Поэты Франции;Рецензия на перевод;Тхоржевский И.;Русская литература;Эмигрантская литература;;;;Поэты Франции;Последние новости;Париж;Газета;№3508;30.10.1930;3;Чердак
Н. К—гъ;Кнорринг Н.Н.;Петербургская богема;Рецензия на художественную книгу;Пяст В.;Русская литература;Советская литература;;;;Встречи;Последние новости;Париж;Газета;№3508;30.10.1930;3;Чердак
Кн. Сергей Волконский ;Волконский С.;«Хочу зачать» ;Рецензия на художественную книгу;Кашина А.;Русская литература;Эмигрантская литература;;;;Je veux concevoir;Последние новости;Париж;Газета;№3508;30.10.1930;3;Чердак
Р. Словцов;Калишевич Н.В.;Писательские могилы;Обзорная статья;;Общее;Общее;;;;;Последние новости;Париж;Газета;№3510;01.11.1930;5;Подвал
Георгий Адамович;Адамович Г.В.;Литературные заметки;Рецензия на художественную книгу;Фельзен Ю.;Русская литература;Эмигрантская литература;;;;Обман;Последние новости;Париж;Газета;№3515;06.11.1930;2;Подвал
Георгий Адамович;Адамович Г.В.;Литературные заметки;Рецензия на художественную книгу;Овалов Л.;Русская литература;Советская литература;;;;Болтовня;Последние новости;Париж;Газета;№3515;06.11.1930;2;Подвал
Георгий Адамович;Адамович Г.В.;Литературные заметки;Рецензия на исследование;Коган П.;Русская литература;Советская литература;;;;История русской литературы;Последние новости;Париж;Газета;№3515;06.11.1930;2;Подвал
Ек. Кускова;Кускова Е.Д.;Исчезли кадры;Обзорная статья;;Русская литература;Советская литература;;;;;Последние новости;Париж;Газета;№3515;06.11.1930;3;Чердак
Б/а;Б/а;Новый нобелевский лауреат;Персональная статья;Льюис С.;Американская литература;XXв.;;;;;Последние новости;Париж;Газета;№3515;06.11.1930;3;Чердак
С. Поляков-Литовцев;Поляков-Литовцев С.;Синклер Льюис ;Персональная статья;Льюис С.;Американская литература;XXв.;;;;;Последние новости;Париж;Газета;№3520;11.11.1930;4;Подвал
Георгий Адамович;Адамович Г.В.;Памяти Блока;Персональная статья;Блок А.А.;Русская литература;Начало XXв.;;;;;Последние новости;Париж;Газета;№3522;13.11.1930;3;Подвал
Р. Словцов;Калишевич Н.В.;Записные книжки Блока;Рецензия на публикацию;Прибой;Русская литература;Советская литература;Русская литература;Начало XXв.;Блок А.А.;Записные книжки Ал. Блока;Последние новости;Париж;Газета;№3527;18.11.1930;2;Подвал
Георгий Адамович;Адамович Г.В.;Заметки о Толстом;Персональная статья;Толстой Л.Н.;Русская литература;2/2 XIXв.;;;;;Последние новости;Париж;Газета;№3529;20.11.1930;2;Подвал
Б/а;Б/а;Новый роман Ремарка;Рецензия на художественную книгу;Ремарк Э.М.;Немецкая литература;XXв.;;;;Путь назад;Последние новости;Париж;Газета;№3529;20.11.1930;4;Чердак
Георгий Адамович;Адамович Г.В.;«Современные записки», кн. 45-я;Рецензия на художественную книгу;Алданов М.А.;Русская литература;Эмигрантская литература;;;;Бегство;Последние новости;Париж;Газета;№3536;27.11.1930;2;Подвал
Георгий Адамович;Адамович Г.В.;«Современные записки», кн. 45-я;Рецензия на художественную книгу;Сирин В. (Набоков В.В.);Русская литература;Эмигрантская литература;;;;Соглядатай;Последние новости;Париж;Газета;№3536;27.11.1930;2;Подвал
Георгий Адамович;Адамович Г.В.;«Современные записки», кн. 45-я;Рецензия на художественную книгу;Берберова Н.Н.;Русская литература;Эмигрантская литература;;;;Последние и первые;Последние новости;Париж;Газета;№3536;27.11.1930;2;Подвал
Георгий Адамович;Адамович Г.В.;«Современные записки», кн. 45-я;Рецензия на художественную книгу;Гиппиус З.Н.;Русская литература;Эмигрантская литература;;;;Стихи;Последние новости;Париж;Газета;№3536;27.11.1930;2;Подвал
Георгий Адамович;Адамович Г.В.;«Современные записки», кн. 45-я;Рецензия на художественную книгу;Иванов Г.В.;Русская литература;Эмигрантская литература;;;;Стихи;Последние новости;Париж;Газета;№3536;27.11.1930;2;Подвал
Георгий Адамович;Адамович Г.В.;«Современные записки», кн. 45-я;Рецензия на художественную книгу;Поплавский Б.Ю.;Русская литература;Эмигрантская литература;;;;Стихи;Последние новости;Париж;Газета;№3536;27.11.1930;2;Подвал
Георгий Адамович;Адамович Г.В.;«Современные записки», кн. 45-я;Рецензия на художественную книгу;Зайцев Б.К.;Русская литература;Эмигрантская литература;Русская литература;2/2 XIXв.;Тургенев И.С.;Жизнь Тургенева;Последние новости;Париж;Газета;№3536;27.11.1930;2;Подвал
Кн. Сергей Волконский ;Волконский С.;Черная тетрадь;Рецензия на художественную книгу;Тургенев И.С.;Русская литература;2/2 XIXв.;;;;Стихотворения в прозе;Последние новости;Париж;Газета;№3536;27.11.1930;3;Чердак
Г. В.;Адамович Г.В.;Рукописи Толстого;Рецензия на публикацию;;Русская литература;Советская литература;Русская литература;2/2 XIXв.;Толстой Л.Н.;;Последние новости;Париж;Газета;№3536;27.11.1930;3;Чердак
Р. Словцов;Калишевич Н.В.;Француз о Николаевской России;Рецензия на публикацию;Политкаторжанин;Русская литература;Советская литература;Французская литература;2/2 XIXв.;Кюстин А. де;;Последние новости;Париж;Газета;№3536;27.11.1930;3;Подвал
Р. Словцов;Калишевич Н.В.;Лев Толстой и Н.Н. Ге;Рецензия на публикацию;Академия;Русская литература;Советская литература;Русская литература;2/2 XIXв.;Толстой Л.Н.;Л.Н. Толстой и Н.Н. Ге;Последние новости;Париж;Газета;№3541;02.12.1930;5;Подвал
Р. Словцов;Калишевич Н.В.;Портретная галерея М.А. Алданова;Рецензия на художественную книгу;Алданов М.А.;Русская литература;Эмигрантская литература;;;;;Последние новости;Париж;Газета;№3543;04.12.1930;2;Подвал
П. Милюков;Милюков П.Н.;«Числа»;Рецензия на издание;;Русская литература;Эмигрантская литература;;;;Числа;Последние новости;Париж;Газета;№3543;04.12.1930;3;Подвал
Ю. Сазонова;Сазонова Ю.Л.;Призыв земли;Рецензия на художественную книгу;Жионо Ж.;Французская литература;XXв.;;;;Regain;Последние новости;Париж;Газета;№3543;04.12.1930;3;Чердак
С. Литовцев;Поляков-Литовцев С.;«Повесть о сестре»;Рецензия на художественную книгу;Осоргин М.А.;Русская литература;Эмигрантская литература;;;;Повесть о сестре;Последние новости;Париж;Газета;№3543;04.12.1930;3;Чердак
Z.;;Россия и русские;Рецензия на исследование;Яблоновский С.В., Бутчик В.В.;Русская литература;Эмигрантская литература;;;;Pour bien savoir le russe;Последние новости;Париж;Газета;№3543;04.12.1930;3;Чердак
С.К.;;Ремарк;Персональная статья;Ремарк Э.М.;Немецкая литература;XXв.;;;;;Последние новости;Париж;Газета;№3547;08.12.1930;2;Чердак
Б/а;Б/а;Премия Гонкуров;Персональная статья;Фоконье А.;Французская литература;XXв.;;;;;Последние новости;Париж;Газета;№3549;10.12.1930;3;Чердак
Георгий Адамович;Адамович Г.В.;Литературные заметки;Рецензия на художественную книгу;Либединский Ю.;Русская литература;Советская литература;;;;Рождение героя;Последние новости;Париж;Газета;№3549;10.12.1930;4;Подвал
Ю. Сазонова;Сазонова Ю.Л.;Памфлет Мориса Беделя;Рецензия на художественную книгу;Бедель М.;Французская литература;XXв.;;;;Philippine;Последние новости;Париж;Газета;№3550;11.12.1930;3;Чердак
Георгий Адамович;Адамович Г.В.;«Malaisie» ;Рецензия на художественную книгу;Фоконье А.;Французская литература;XXв.;;;;Malaisie;Последние новости;Париж;Газета;№3550;11.12.1930;3;Чердак
А. Д.;Даманская А.;Первый фашистский роман;Рецензия на художественную книгу;Карли М.;Итальянская литература;XXв.;;;;Итальянец времен Муссолини;Последние новости;Париж;Газета;№3550;11.12.1930;3;Чердак
Б/а;Б/а;Г.Уэллс о самом себе;Рецензия на статью;Уэст Д.;Английская литература;XXв.;Английская литература;XXв.;Уэллс Г.;;Последние новости;Париж;Газета;№3550;11.12.1930;3;Чердак
Юниус;Кулишер А.М.;Мещане и отщепенцы;Персональная статья;Льюис С.;Американская литература;XXв.;;;;;Последние новости;Париж;Газета;№3550;11.12.1930;3;Подвал
Р. Словцов;Калишевич Н.В.;«Манфред из канавы»;Рецензия на исследование;Лукас-Дубретон Ж.;Французская литература;XXв.;Французская литература;1/2 XIXв.;Ласнер П.-Ф.;"Lacenaire; ou, Le romantisme de l'assassinat";Последние новости;Париж;Газета;№3556;16.12.1930;5;Подвал
Р. Словцов;Калишевич Н.В.;Новое о Толстом;Рецензия на публикацию;Госиздат;Русская литература;Советская литература;Русская литература;2/2 XIXв.;Толстой Л.Н.;;Последние новости;Париж;Газета;№3558;18.12.1930;3;Подвал
Георгий Адамович;Адамович Г.В.;«Единый фронт»;Рецензия на художественную книгу;Эренбург И.;Русская литература;Советская литература;;;;Единый фронт;Последние новости;Париж;Газета;№3558;18.12.1930;3;Чердак
Б/а;Б/а;Искусство и политика;Обзорная статья;;Русская литература;Эмигрантская литература;;;;;Последние новости;Париж;Газета;№3558;18.12.1930;3;Чердак
Ю. Сазонова;Сазонова Ю.Л.;Военные рассказы;Рецензия на художественную книгу;Иелль М.;Французская литература;XXв.;;;;Дезертир;Последние новости;Париж;Газета;№3558;18.12.1930;3;Чердак
Ю. Сазонова;Сазонова Ю.Л.;Военные рассказы;Рецензия на художественную книгу;Дабит Е.;Французская литература;XXв.;;;;Маленький Луи;Последние новости;Париж;Газета;№3558;18.12.1930;3;Чердак
Юниус;Кулишер А.М.;Что есть истина?;Рецензия на художественную книгу;Робинсон Д.П.;Английская литература;XXв.;;;;Cannibal Coryton;Последние новости;Париж;Газета;№3559;19.12.1930;5;Подвал
Ю. Сазонова;Сазонова Ю.Л.;Искусство и политика;Обзорная статья;;Общее;Общее;;;;;Последние новости;Париж;Газета;№3566;26.12.1930;3;Подвал
В. Мякотин;Мякотин В.А.;А. И. Герцен и «Былое и думы»;Рецензия на исследование;Эльберг Ж.;Русская литература;Советская литература;;;;;Последние новости;Париж;Газета;№3567;27.12.1930;2;Чердак
Ю. Сазонова;Сазонова Ю.Л.;Христофор Колумб;Рецензия на художественную книгу;Вассерман Я.;Немецкая литература;XXв.;;;;La vie de Christophe Colombe;Последние новости;Париж;Газета;№3573;03.01.1931;3;Подвал
Георгий Адамович;Адамович Г.В.;Литературные заметки;Рецензия на художественную книгу;Пильняк Б.А.;Русская литература;Советская литература;;;;Волга впадает в Каспийское море;Последние новости;Париж;Газета;№3578;08.01.1931;3;Подвал
Георгий Адамович;Адамович Г.В.;Литературные заметки;Рецензия на художественную книгу;Фибих Д.;Русская литература;Эмигрантская литература;;;;Угар;Последние новости;Париж;Газета;№3578;08.01.1931;3;Подвал
Б/а;Б/а;Новейшая русская литература;Рецензия на исследование;Оцуп Н.А.;Русская литература;Эмигрантская литература;;;;Die neueste russische Dichtung;Последние новости;Париж;Газета;№3578;08.01.1931;3;Чердак
Ю. Сазонова;Сазонова Ю.Л.;«Чудо на озере»;Рецензия на художественную книгу;Осоргин М.А.;Русская литература;Эмигрантская литература;;;;Чудо на озере;Последние новости;Париж;Газета;№3578;08.01.1931;3;Чердак
Р. Словцов;Калишевич Н.В.;Семейная драма Герцена и Огаревых;Рецензия на публикацию;Госиздат;Русская литература;Советская литература;Русская литература;2/2 XIXв.;Герцен А.И., Огарев;Архив Н.А. И Н.П. Огаревых;Последние новости;Париж;Газета;№3578;08.01.1931;4;Подвал
А. Милюкова;Милюкова А.;Пути развития крестьянской литературы;Обзорная статья;;Русская литература;Советская литература;;;;;Последние новости;Париж;Газета;№3585;15.01.1931;3;Подвал
Н. К—гъ;Кнорринг Н.Н.;Голос издалека;Рецензия на издание;;Русская литература;Эмигрантская литература;;;;Понедельник;Последние новости;Париж;Газета;№3585;15.01.1931;3;Чердак
С.;Калишевич Н.В.;Том первый;Рецензия на художественную книгу;Анкори И.;Русская литература;Эмигрантская литература;;;;Песни и поэмы;Последние новости;Париж;Газета;№3585;15.01.1931;3;Чердак
Георгий Адамович;Адамович Г.В.;Литературные заметки;Рецензия на художественную книгу;Леонов Л.М.;Русская литература;Советская литература;;;;Соть;Последние новости;Париж;Газета;№3592;22.01.1931;3;Подвал
Ю. Сазонова;Сазонова Ю.Л.;Трагедия личности;Рецензия на художественную книгу;Люнель А.;Французская литература;XXв.;;;;Noire et Grise;Последние новости;Париж;Газета;№3592;22.01.1931;3;Чердак
Георгий Адамович;Адамович Г.В.;Литературные заметки;Рецензия на художественную книгу;Ладинский А.П.;Русская литература;Эмигрантская литература;;;;Черное и голубое;Последние новости;Париж;Газета;№3599;29.01.1931;3;Подвал
Георгий Адамович;Адамович Г.В.;Литературные заметки;Рецензия на художественную книгу;Диксон В.;Русская литература;Эмигрантская литература;;;;Стихи и проза;Последние новости;Париж;Газета;№3599;29.01.1931;3;Подвал
Алексей Ремизов;Ремизов А.М.;П. Е. Щеголев;Некролог;Щеголев П.Е.;Русская литература;Советская литература;;;;;Последние новости;Париж;Газета;№3599;29.01.1931;3;Чердак
Георгий Адамович;Адамович Г.В.;Литературные заметки;Рецензия на художественную книгу;Панферов Ф.;Русская литература;Советская литература;;;;Бруски;Последние новости;Париж;Газета;№3606;05.02.1931;2;Подвал
Б/а;Б/а;Автобиография Э. Людвига;Рецензия на художественную книгу;Людвиг Э.;Немецкая литература;XXв.;;;;;Последние новости;Париж;Газета;№3606;05.02.1931;3;Чердак
Б/а;Б/а;Гонорары Гете;Персональная статья;Гете И.;Немецкая литература;1/2 XIXв.;;;;;Последние новости;Париж;Газета;№3608;07.02.1931;4;Подвал
Георгий Адамович;Адамович Г.В.;Памяти Достоевского;Юбилейная статья;Достоевский;Русская литература;2/2 XIXв.;;;;;Последние новости;Париж;Газета;№3609;08.02.1931;3;Подвал
С.;Калишевич Н.В.;Книга в советской деревне;Обзорная статья;;Русская литература;Советская литература;;;;;Последние новости;Париж;Газета;№3613;12.02.1931;2;Чердак
Р. Словцов;Калишевич Н.В.;Русские писатели о Франции;Рецензия на художественную книгу;Эренбург И.;Русская литература;Советская литература;;;;Мы и они;Последние новости;Париж;Газета;№3613;12.02.1931;3;Подвал
Р. Словцов;Калишевич Н.В.;Русские писатели о Франции;Рецензия на художественную книгу;Савич О.;Русская литература;Советская литература;;;;Мы и они;Последние новости;Париж;Газета;№3613;12.02.1931;3;Подвал
Ю. Сазонова;Сазонова Ю.Л.;Роман, не получивший премии;Рецензия на художественную книгу;Ришо А. де;Французская литература;XXв.;;;;La Douleur;Последние новости;Париж;Газета;№3613;12.02.1931;3;Чердак
Георгий Адамович;Адамович Г.В.;«Числа»;Рецензия на художественную книгу;Фельзен Ю.;Русская литература;Эмигрантская литература;;;;Письма о Лермонтове;Последние новости;Париж;Газета;№3614;13.02.1931;5;Подвал
Георгий Адамович;Адамович Г.В.;«Числа»;Рецензия на художественную книгу;Шаршун С.И.;Русская литература;Эмигрантская литература;;;;Путь правый;Последние новости;Париж;Газета;№3614;13.02.1931;5;Подвал
Георгий Адамович;Адамович Г.В.;«Числа»;Рецензия на художественную книгу;Пикельный Р.;Русская литература;Эмигрантская литература;;;;Идиллии и анекдоты;Последние новости;Париж;Газета;№3614;13.02.1931;5;Подвал
Георгий Адамович;Адамович Г.В.;«Числа»;Рецензия на статью;Варшавский В.С.;Русская литература;Эмигрантская литература;;;;Рассуждения об Андрэ Жиде и эмигрантском молодом человеке;Последние новости;Париж;Газета;№3614;13.02.1931;5;Подвал
Георгий Адамович;Адамович Г.В.;«Числа»;Рецензия на статью;Федотов Г.П.;Русская литература;Эмигрантская литература;;;;;Последние новости;Париж;Газета;№3614;13.02.1931;5;Подвал
Георгий Адамович;Адамович Г.В.;«Числа»;Рецензия на статью;Антон Крайний (Гиппиус З.Н.);Русская литература;Эмигрантская литература;;;;;Последние новости;Париж;Газета;№3614;13.02.1931;5;Подвал
Георгий Адамович;Адамович Г.В.;«Числа»;Рецензия на статью;Поплавский Б.Ю.;Русская литература;Эмигрантская литература;;;;;Последние новости;Париж;Газета;№3614;13.02.1931;5;Подвал
Ек. Кускова;Кускова Е.Д.;Две правды Горького;Персональная статья;Горький М.;Русская литература;Советская литература;;;;;Последние новости;Париж;Газета;№3618;17.02.1931;3;Подвал
Ю. Сазонова;Сазонова Ю.Л.;Нравоучительная книжка;Рецензия на художественную книгу;Ламанде А.;Французская литература;XXв.;;;;Les Leviers de commande;Последние новости;Париж;Газета;№3620;19.02.1931;3;Подвал
Г.А.;Адамович Г.В.;Горький о сов. литературе и критике;Рецензия на статью;Горький М.;Русская литература;Советская литература;;;;;Последние новости;Париж;Газета;№3620;19.02.1931;3;Чердак
Ант. Ладинский;Ладинский А.П.;«Молодая Русь»;Рецензия на исследование;;Русская литература;Эмигрантская литература;;;;Молодая Русь;Последние новости;Париж;Газета;№3620;19.02.1931;3;Чердак
С. Поляков-Литовцев;Поляков-Литовцев С.;Рогожин, Петр, Пушкин;Обзорная статья;;Русская литература;Общее;;;;;Последние новости;Париж;Газета;№3621;20.02.1931;5;Подвал
Ю. Сазонова;Сазонова Ю.Л.;Шекспир;Рецензия на исследование;Жилле Л.;Французская литература;XXв.;Английская литература;XVIIв.;Шекспир У.;Shakespeare ;Последние новости;Париж;Газета;№3622;21.02.1931;4;Подвал
Георгий Адамович;Адамович Г.В.;«Очерки по истории русской культуры» П.Н. Милюкова;Рецензия на исследование;Милюков П.Н.;Русская литература;Эмигрантская литература;;;;Очерки по истории русской культуры;Последние новости;Париж;Газета;№3627;26.02.1931;2—3;Подвал
Ю. Сазонова;Сазонова Ю.Л.;Новый Тартюф;Рецензия на художественную книгу;Жид А.;Французская литература;XXв.;;;;L’ecole des femmes;Последние новости;Париж;Газета;№3627;26.02.1931;3;Чердак
Б/а;Б/а;Ада Негри;Рецензия на художественную книгу;Негри А.;Итальянская литература;XXв.;;;;;Последние новости;Париж;Газета;№3627;26.02.1931;3;Чердак
С. Поляков-Литовцев;Поляков-Литовцев С.;Генрих Гейне ;Персональная статья;Гейне Г.;Немецкая литература;1/2 XIXв.;;;;;Последние новости;Париж;Газета;№3628;27.02.1931;5;Подвал
Ю. Сазонова;Сазонова Ю.Л.;«Современные записки»;Рецензия на художественную книгу;Алданов М.А.;Русская литература;Эмигрантская литература;;;;Бегство;Последние новости;Париж;Газета;№3634;05.03.1931;2;Подвал
Ю. Сазонова;Сазонова Ю.Л.;«Современные записки»;Рецензия на художественную книгу;Сирин В. (Набоков В.В.);Русская литература;Эмигрантская литература;;;;Подвиг;Последние новости;Париж;Газета;№3634;05.03.1931;2;Подвал
Ю. Сазонова;Сазонова Ю.Л.;«Современные записки»;Рецензия на художественную книгу;Газданов Г.И.;Русская литература;Эмигрантская литература;;;;Исчезновение Рикарди;Последние новости;Париж;Газета;№3634;05.03.1931;2;Подвал
Ю. Сазонова;Сазонова Ю.Л.;«Современные записки»;Рецензия на художественную книгу;Берберова Н.Н.;Русская литература;Эмигрантская литература;;;;Стихи;Последние новости;Париж;Газета;№3634;05.03.1931;2;Подвал
Ю. Сазонова;Сазонова Ю.Л.;«Современные записки»;Рецензия на художественную книгу;Ладинский А.П.;Русская литература;Эмигрантская литература;;;;Стихи;Последние новости;Париж;Газета;№3634;05.03.1931;2;Подвал
Ю. Сазонова;Сазонова Ю.Л.;«Современные записки»;Рецензия на художественную книгу;Раевский Г.;Русская литература;Эмигрантская литература;;;;Стихи;Последние новости;Париж;Газета;№3634;05.03.1931;2;Подвал
Ю. Сазонова;Сазонова Ю.Л.;«Современные записки»;Рецензия на художественную книгу;Смоленский В.А.;Русская литература;Эмигрантская литература;;;;Стихи;Последние новости;Париж;Газета;№3634;05.03.1931;2;Подвал
Р. Словцов;Калишевич Н.В.;Старая Москва;Рецензия на художественную книгу;Гиляровский В.А.;Русская литература;Советская литература;;;;Записки москвича;Последние новости;Париж;Газета;№3634;05.03.1931;3;Подвал
В. Мякотин;Мякотин В.А.;Русские классики;Рецензия на исследование;Ляцкий Е.А.;Русская литература;Советская литература;;;;Klasikove russke literatury;Последние новости;Париж;Газета;№3634;05.03.1931;3;Чердак
Б/а;Б/а;«Бродяги» К. Гамсуна;Рецензия на художественную книгу;Гамсун К.;Норвежская литература;XXв.;;;;Бродяги;Последние новости;Париж;Газета;№3634;05.03.1931;3;Чердак
С. Поляков-Литовцев;Поляков-Литовцев С.;Тургенев;Рецензия на исследование;Моруа А.;Французская литература;XXв.;Русская литература;2/2 XIXв.;Тургенев И.С.;Tourgueniev;Последние новости;Париж;Газета;№3637;08.03.1931;4;Подвал
Георгий Адамович;Адамович Г.В.;Литературные заметки;Рецензия на художественную книгу;Зощенко М.М.;Русская литература;Советская литература;;;;Воспоминания о Мишеле Синягине;Последние новости;Париж;Газета;№3641;12.03.1931;2;Подвал
Георгий Адамович;Адамович Г.В.;Литературные заметки;Рецензия на художественную книгу;Юрин С.;Русская литература;Советская литература;;;;Любовь и коммуна;Последние новости;Париж;Газета;№3641;12.03.1931;2;Подвал
Георгий Адамович;Адамович Г.В.;Литературные заметки;Рецензия на художественную книгу;Овалов Л.;Русская литература;Советская литература;;;;Красное и черное;Последние новости;Париж;Газета;№3641;12.03.1931;2;Подвал
Р. Словцов;Калишевич Н.В.;Французская биография Достоевского;Рецензия на исследование;Левинсон А.;Французская литература;XXв.;Русская литература;2/2 XIXв.;Достоевский Ф.М.;La Vie pathétique de Dostoievsky;Последние новости;Париж;Газета;№3641;12.03.1931;3;Подвал
С.;Калишевич Н.В.;«Новая газета»;Рецензия на издание;;Русская литература;Эмигрантская литература;;;;Новая газета;Последние новости;Париж;Газета;№3641;12.03.1931;3;Чердак
Ю. Сазонова;Сазонова Ю.Л.;Современный конквистадор;Рецензия на художественную книгу;Сандрар Б.;Французская литература;XXв.;;;;Rhum;Последние новости;Париж;Газета;№3641;12.03.1931;3;Чердак
Ю. Сазонова;Сазонова Ю.Л.;Полубог;Рецензия на художественную книгу;Лакретель Ж. де;Французская литература;XXв.;;;;"Le demi-dieu; ou, le voyagede Grèce";Последние новости;Париж;Газета;№3643;14.03.1931;2;Подвал
Ю. Сазонова;Сазонова Ю.Л.;Современные амазонки;Рецензия на художественную книгу;Пассер С.;Французская литература;XXв.;;;;L’acheteuse;Последние новости;Париж;Газета;№3648;19.03.1931;3;Чердак
Р. Словцов;Калишевич Н.В.;Как создавался «Хаджи-Мурат»;Рецензия на исследование;Мышковская Л.;Русская литература;Советская литература;Русская литература;2/2 XIXв.;Толстой Л.Н.;Работа Толстого над произведением. Создание «Хаджи-Мурата»;Последние новости;Париж;Газета;№3648;19.03.1931;3;Подвал
С. Литовцев;Поляков-Литовцев С.;Литература и политика;Обзорная статья;;Общее;Общее;;;;;Последние новости;Париж;Газета;№3655;26.03.1931;3;Чердак
Георгий Адамович;Адамович Г.В.;Новое издание Тургенева;Рецензия на публикацию;Жизнь и культура;Русская литература;Эмигрантская литература;Русская литература;2/2 XIXв.;Тургенев И.С.;Собрание сочинений;Последние новости;Париж;Газета;№3655;26.03.1931;3;Чердак
Б/а;Б/а;Письмо Всеволода Иванова;Персональная статья;Иванов Вс.;Русская литература;Советская литература;;;;;Последние новости;Париж;Газета;№3655;26.03.1931;3;Чердак
Р. Словцов;Калишевич Н.В.;Жизнь Державина;Рецензия на исследование;Ходасевич В.Ф.;Русская литература;Эмигрантская литература;Русская литература;XVIIIв.;Державин Г.Р.;Державин;Последние новости;Париж;Газета;№3662;02.04.1931;2;Подвал
Георгий Адамович;Адамович Г.В.;Литературные заметки;Рецензия на издание;;Русская литература;Эмигрантская литература;;;;Перекресток;Последние новости;Париж;Газета;№3662;02.04.1931;3;Подвал
Георгий Адамович;Адамович Г.В.;Литературные заметки;Рецензия на издание;;Русская литература;Эмигрантская литература;;;;Сборник союза молодых поэтов;Последние новости;Париж;Газета;№3662;02.04.1931;3;Подвал
Б/а;Б/а;«Новая газета»;Рецензия на издание;;Русская литература;Эмигрантская литература;;;;Новая газета;Последние новости;Париж;Газета;№3662;02.04.1931;3;Чердак
Арсений Мерич;Даманская А.;Арнольд Беннет;Некролог;Беннет А.;Английская литература;XXв.;;;;;Последние новости;Париж;Газета;№3662;02.04.1931;3;Чердак
Р.С.;Калишевич Н.В.;Старый «Сатирикон»;Рецензия на издание;;Русская литература;Эмигрантская литература;;;;Сатирикон;Последние новости;Париж;Газета;№3662;02.04.1931;3;Чердак
Б/а;Б/а;Неизведанное письмо Тургенева;Рецензия на публикацию;Литературная газета;Русская литература;Советская литература;Русская литература;2/2 XIXв.;Тургенев И.С.;;Последние новости;Париж;Газета;№3666;06.04.1931;2;Чердак
Демидов И.;Демидов И.П.;М.А. Алданов;Рецензия на художественную книгу;Алданов М.А.;Русская литература;Эмигрантская литература;;;;Десятая симфония;Последние новости;Париж;Газета;№3669;09.04.1931;2;Подвал
С. Литовцев;Поляков-Литовцев С.;«Древо Божие»;Рецензия на художественную книгу;Бунин И.А.;Русская литература;Эмигрантская литература;;;;Древо Божие;Последние новости;Париж;Газета;№3669;09.04.1931;3;Чердак
Р. Словцов;Калишевич Н.В.;Преступление автора «синей птицы»;Рецензия на исследование;Рош-Мазон Ж.;Французская литература;XXв.;Французская литература;XVIIв.;Онуа К.; En marge de «L'oiseau bleu»;Последние новости;Париж;Газета;№3674;14.04.1931;4;Подвал
Георгий Адамович;Адамович Г.В.;Литературные заметки;Рецензия на художественную книгу;Тэффи Н.А.;Русская литература;Эмигрантская литература;;;;Книга-июнь. Рассказы;Последние новости;Париж;Газета;№3676;16.04.1931;2;Подвал
Георгий Адамович;Адамович Г.В.;Литературные заметки;Рецензия на художественную книгу;Поплавский Б.Ю.;Русская литература;Эмигрантская литература;;;;Флаги;Последние новости;Париж;Газета;№3676;16.04.1931;2;Подвал
Н. П. В.;;В стране Гази;Рецензия на художественную книгу;Павлова Н.;Французская литература;XXв.;;;;Au pays du Ghasi.;Последние новости;Париж;Газета;№3676;16.04.1931;3;Чердак
Б/а;Б/а;Юбилей П.М. Пильского;Юбилейная статья;Пильский П.М.;Русская литература;Эмигрантская литература;;;;;Последние новости;Париж;Газета;№3676;16.04.1931;3;Чердак
Р. Словцов;Калишевич Н.В.;Полвека литературы и театра;Рецензия на художественную книгу;Плещеев А.А.;Русская литература;Эмигрантская литература;;;;Что вспомнилось;Последние новости;Париж;Газета;№3683;23.04.1931;2;Подвал
Георгий Адамович;Адамович Г.В.;Литературные заметки;Рецензия на художественную книгу;Фадеев;Русская литература;Советская литература;;;;Последний из Удэге;Последние новости;Париж;Газета;№3683;23.04.1931;3;Чердак
С.;Калишевич Н.В.;Ленин о Маяковском;Персональная статья;Ленин;Русская литература;Советская литература;Русская литература;Советская литература;Маяковский В.В.;;Последние новости;Париж;Газета;№3683;23.04.1931;3;Чердак
К. Бальмонт;Бальмонт К.Д.;Чехи о России;Персональная статья;Шварцова Р.;Чешская литература;XXв.;;;;;Последние новости;Париж;Газета;№3683;23.04.1931;3;Подвал
Георгий Адамович;Адамович Г.В.;Литературные заметки;Рецензия на художественную книгу;Чулков Г.И.;Русская литература;Советская литература;;;;Salto mortale, или Повесть о молодом вольнодумце Пьере Волховском;Последние новости;Париж;Газета;№3690;30.04.1931;3;Подвал
Георгий Адамович;Адамович Г.В.;Литературные заметки;Рецензия на художественную книгу;Бакунина Е.В.;Русская литература;Эмигрантская литература;;;;Стихи;Последние новости;Париж;Газета;№3690;30.04.1931;3;Подвал
Георгий Адамович;Адамович Г.В.;Литературные заметки;Рецензия на художественную книгу;Кнорринг Н.Н.Н.;Русская литература;Эмигрантская литература;;;;Стихи о себе;Последние новости;Париж;Газета;№3690;30.04.1931;3;Подвал
Н. Кнорринг;Кнорринг Н.Н.;Что читают в эмиграции;Обзорная статья;;Русская литература;Эмигрантская литература;;;;;Последние новости;Париж;Газета;№3690;30.04.1931;3;Чердак
Дионео;Шкловский И.В.;Даниэль Дефо;Юбилейная статья;Дефо Д.;Английская литература;XVIIIв.;;;;;Последние новости;Париж;Газета;№3690;30.04.1931;3;Чердак
Р. Словцов;Калишевич Н.В.;Переписка В.П. Боткина и И.С. Тургенева;Рецензия на публикацию;Академия;Русская литература;Советская литература;Русская литература;2/2 XIXв.;Тургенев И.С.;В.П. Боткин и И.С. Тургенев. Неизменная переписка;Последние новости;Париж;Газета;№3695;05.05.1931;4;Подвал
Р. Словцов;Калишевич Н.В.;Драма «Мертвых душ»;Рецензия на публикацию;Федерация;Русская литература;Советская литература;Русская литература;1/2 XIXв.;Гоголь Н.В.;Н.В. Гоголь в письмах и воспоминаниях;Последние новости;Париж;Газета;№3697;07.05.1931;2—3;Подвал
Юниус;Кулишер А.М.;Страшная книга;Рецензия на художественную книгу;Хьюз Р.;Английская литература;XXв.;;;;Hugh mind in Jamaica;Последние новости;Париж;Газета;№3697;07.05.1931;3;Подвал
Георгий Адамович;Адамович Г.В.;Литературные заметки;Рецензия на художественную книгу;Романов П.С.;Русская литература;Советская литература;;;;Товарищ Кисляков;Последние новости;Париж;Газета;№3704;14.05.1931;2;Подвал
Георгий Адамович;Адамович Г.В.;Литературные заметки;Рецензия на художественную книгу;Безыменский А.;Русская литература;Советская литература;;;;Трагедийная ночь;Последние новости;Париж;Газета;№3704;14.05.1931;2;Подвал
Ингвар;;Книги в изгнании;Обзорная статья;;Русская литература;Общее;;;;;Последние новости;Париж;Газета;№3704;14.05.1931;3;Чердак
Р. Словцов;Калишевич Н.В.;Полный Чехов;Рецензия на перевод;Госиздат;Русская литература;Советская литература;Русская литература;2/2 XIXв.;Чехов А.П.;Собрание сочинений;Последние новости;Париж;Газета;№3704;14.05.1931;3;Подвал
Г. А—вичъ;Адамович Г.В.;Записки главноуговаривающего;Рецензия на художественную книгу;Гиппиус А.;Русская литература;Советская литература;;;;Записки главноуговаривающего;Последние новости;Париж;Газета;№3711;21.05.1931;3;Чердак
Н. К—гъ;Кнорринг Н.Н.;«Ремонт»;Рецензия на художественную книгу;Борисов Л.;Русская литература;Советская литература;;;;Ремонт;Последние новости;Париж;Газета;№3711;21.05.1931;3;Чердак
Р. Словцов;Калишевич Н.В.;В лаборатории Достоевского;Рецензия на публикацию;Госиздат;Русская литература;Советская литература;Русская литература;2/2 XIXв.;Достоевский Ф.М.;Из архивов Ф.М. Достоевского, «Идиот»;Последние новости;Париж;Газета;№3711;21.05.1931;3;Подвал
В. Мякотин;Мякотин В.А.;Чешский сборник памяти Достоевского;Рецензия на издание;;Чешская литература;XXв.;Русская литература;2/2 XIXв.;Достоевский Ф.М.;Dostojevskij. Sbornik staté k padesatému vyroci jeho smrti;Последние новости;Париж;Газета;№3713;23.05.1931;5;Подвал
И. Демидов;Демидов И.П.;«Тень птицы»;Рецензия на художественную книгу;Бунин И.А.;Русская литература;Эмигрантская литература;;;;Тень птицы;Последние новости;Париж;Газета;№3718;28.05.1931;2;Подвал
Георгий Адамович;Адамович Г.В.;«Зависть» Олеши;Рецензия на художественную книгу;Олеша Ю.К.;Русская литература;Советская литература;;;;Зависть;Последние новости;Париж;Газета;№3718;28.05.1931;3;Чердак
Р. Словцов;Калишевич Н.В.;Маршал Лиотэ;Рецензия на художественную книгу;Моруа А.;Французская литература;XXв.;;;;Lyantey;Последние новости;Париж;Газета;№3723;02.06.1931;4;Подвал
Георгий Адамович;Адамович Г.В.;«Современные записки», книга 46-я;Рецензия на художественную книгу;Алданов М.А.;Русская литература;Эмигрантская литература;;;;Бегство;Последние новости;Париж;Газета;№3725;04.06.1931;2;Подвал
Георгий Адамович;Адамович Г.В.;«Современные записки», книга 46-я;Рецензия на художественную книгу;Сирин В. (Набоков В.В.);Русская литература;Эмигрантская литература;;;;Подвиг;Последние новости;Париж;Газета;№3725;04.06.1931;2;Подвал
Георгий Адамович;Адамович Г.В.;«Современные записки», книга 46-я;Рецензия на художественную книгу;Цветаева М.И.;Русская литература;Эмигрантская литература;;;;Стихи;Последние новости;Париж;Газета;№3725;04.06.1931;2;Подвал
Георгий Адамович;Адамович Г.В.;«Современные записки», книга 46-я;Рецензия на художественную книгу;Поплавский Б.Ю.;Русская литература;Эмигрантская литература;;;;Стихи;Последние новости;Париж;Газета;№3725;04.06.1931;2;Подвал
Георгий Адамович;Адамович Г.В.;«Современные записки», книга 46-я;Рецензия на художественную книгу;Раевский Г.;Русская литература;Эмигрантская литература;;;;Стихи;Последние новости;Париж;Газета;№3725;04.06.1931;2;Подвал
Георгий Адамович;Адамович Г.В.;«Современные записки», книга 46-я;Рецензия на художественную книгу;Зайцев Б.К.;Русская литература;Эмигрантская литература;;;;Жизнь Тургенева;Последние новости;Париж;Газета;№3725;04.06.1931;2;Подвал
Георгий Адамович;Адамович Г.В.;«Современные записки», книга 46-я;Рецензия на статью;Гиппиус З.Н.;Русская литература;Эмигрантская литература;;;;;Последние новости;Париж;Газета;№3725;04.06.1931;2;Подвал
А. Д—ская;Даманская А.;Этцель Андергаст;Рецензия на художественную книгу;Вассерман Я.;Русская литература;Эмигрантская литература;;;;Этцель Андергаст;Последние новости;Париж;Газета;№3725;04.06.1931;3;Чердак
С.Л.;Поляков-Литовцев С.;Журнал славянского искусства;Рецензия на исследование;;Русская литература;Эмигрантская литература;;;;Le Monde et l’Art Slave;Последние новости;Париж;Газета;№3725;04.06.1931;3;Чердак
И. Демидов;Демидов И.П.;Перстень и сюртук Пушкина;Рецензия на исследование;Вересаев В.В.;Русская литература;Советская литература;Русская литература;1/2 XIXв.;Пушкин А.С.;Пушкин в жизни;Последние новости;Париж;Газета;№3728;07.06.1931;2—3;Подвал
Георгий Адамович;Адамович Г.В.;О литературе в эмиграции;Обзорная статья;;Русская литература;Эмигрантская литература;;;;;Последние новости;Париж;Газета;№3732;11.06.1931;2;Подвал
С.Л.;Поляков-Литовцев С.;«Месяц»;Рецензия на издание;;Французская литература;XXв.;;;;Le Mois;Последние новости;Париж;Газета;№3732;11.06.1931;3;Чердак
С.;Калишевич Н.В.;О Маяковском;Рецензия на исследование;Якобсон Р., Святополк-Мирский Д.;Русская литература;Советская литература;Русская литература;Советская литература;Маяковский В.В.;;Последние новости;Париж;Газета;№3732;11.06.1931;3;Чердак
Б/а;Б/а;Горький о критике;Рецензия на статью;Горький М.;Русская литература;Советская литература;;;;;Последние новости;Париж;Газета;№3732;11.06.1931;3;Чердак
Ю. Сазонова;Сазонова Ю.Л.;Правда и ложь;Рецензия на художественную книгу;Бопп Л.;Шведская литература;XXв.;;;;Est-il sage? Est-il fou?;Последние новости;Париж;Газета;№3732;11.06.1931;3;Чердак
Ю. Сазонова;Сазонова Ю.Л.;Правда и ложь;Персональная статья;Ибсен Г.;Норвежская литература;2/2 XIXв.;;;;;Последние новости;Париж;Газета;№3732;11.06.1931;3;Чердак
Р. Словцов;Калишевич Н.В.;Как писалось «Преступление и наказание»;Рецензия на публикацию;Госиздат;Русская литература;Советская литература;Русская литература;2/2 XIXв.;Достоевский Ф.М.;Из архивов Ф.М. Достоевского, «Преступление и наказание»;Последние новости;Париж;Газета;№3739;18.06.1931;2;Подвал
Кн. Сергей Волконский ;Волконский С.;Три персня Пушкина;Персональная статья;Пушкин А.С.;Русская литература;1/2 XIXв.;;;;;Последние новости;Париж;Газета;№3739;18.06.1931;3;Чердак
Р.С.;Калишевич Н.В.;Семейная драма Толстого;Рецензия на исследование;Гальперин-Каминский И.;Французская литература;XXв.;;;;Le tragedie de Tolstoi et de sa femme;Последние новости;Париж;Газета;№3739;18.06.1931;3;Чердак
Георгий Адамович;Адамович Г.В.;Литературные заметки;Рецензия на художественную книгу;Слонимский М.;Русская литература;Советская литература;;;;Фома Клешнев;Последние новости;Париж;Газета;№3739;18.06.1931;4;Подвал
С. Поляков-Литовцев;Поляков-Литовцев С.;«Стихи делают сталь» ;Персональная статья;Безыменский А.;Русская литература;Советская литература;;;;;Последние новости;Париж;Газета;№3744;23.06.1931;2;Подвал
С. Поляков-Литовцев;Поляков-Литовцев С.;«Стихи делают сталь» ;Персональная статья;Горький М.;Русская литература;Советская литература;;;;;Последние новости;Париж;Газета;№3744;23.06.1931;2;Подвал
Е.П.;;О советских свиньях;Рецензия на художественную книгу;Бедный Д.;Русская литература;Советская литература;;;;О свиньях и свинстве;Последние новости;Париж;Газета;№3745;24.06.1931;2;Чердак
Георгий Адамович;Адамович Г.В.;О литературе в эмиграции;Обзорная статья;;Русская литература;Эмигрантская литература;;;;;Последние новости;Париж;Газета;№3746;25.06.1931;2;Подвал
Н. К—гъ;Кнорринг Н.Н.;«Рыбий зуб»;Рецензия на художественную книгу;Гриц Т.;Русская литература;Советская литература;;;;Рыбий зуб;Последние новости;Париж;Газета;№3746;25.06.1931;3;Чердак
Ю. Сазонова;Сазонова Ю.Л.;Земля мертвецов;Рецензия на художественную книгу;Сюпервьель Ж.;Французская литература;XXв.;;;;L'enfant de la haute mer.;Последние новости;Париж;Газета;№3748;27.06.1931;3;Подвал
С. Литовцев;Поляков-Литовцев С.;«Числа»;Рецензия на статью;Адамович Г.;Русская литература;Эмигрантская литература;;;;Проблемы критики;Последние новости;Париж;Газета;№3753;02.07.1931;3;Подвал
С. Литовцев;Поляков-Литовцев С.;«Числа»;Рецензия на статью;Иванов Г.В.;Русская литература;Эмигрантская литература;;;;Без читателя;Последние новости;Париж;Газета;№3753;02.07.1931;3;Подвал
С. Литовцев;Поляков-Литовцев С.;«Числа»;Рецензия на художественную книгу;Поплавский Б.Ю.;Русская литература;Эмигрантская литература;;;;Аполлон Безобразов;Последние новости;Париж;Газета;№3753;02.07.1931;3;Подвал
С. Литовцев;Поляков-Литовцев С.;«Числа»;Рецензия на перевод;Зайцев Б.К.;Русская литература;Эмигрантская литература;Итальянская литература;XIVв.;Данте;Божественная комедия;Последние новости;Париж;Газета;№3753;02.07.1931;3;Подвал
С. Литовцев;Поляков-Литовцев С.;«Числа»;Рецензия на художественную книгу;Адамович Г.;Русская литература;Эмигрантская литература;;;;Рамон Ортис;Последние новости;Париж;Газета;№3753;02.07.1931;3;Подвал
С. Литовцев;Поляков-Литовцев С.;«Числа»;Рецензия на художественную книгу;Газданов Г.И.;Русская литература;Эмигрантская литература;;;;;Последние новости;Париж;Газета;№3753;02.07.1931;3;Подвал
С. Литовцев;Поляков-Литовцев С.;«Числа»;Рецензия на художественную книгу;Ремизов А.М.;Русская литература;Эмигрантская литература;;;;Индустриальная подкова;Последние новости;Париж;Газета;№3753;02.07.1931;3;Подвал
Ю. Сазонова;Сазонова Ю.Л.;«Последние и первые»;Рецензия на художественную книгу;Берберова Н.Н.;Русская литература;Эмигрантская литература;;;;Последние и первые;Последние новости;Париж;Газета;№3753;02.07.1931;3;Чердак
Б/а;Б/а;Ибсен в жизни;Рецензия на исследование;Паульсен Д.;Датская литература;XXв.;Норвежская литература;2/2 XIXв.;Ибсен Г.;;Последние новости;Париж;Газета;№3753;02.07.1931;3;Чердак
Георгий Адамович;Адамович Г.В.;«Голубые конверты»;Рецензия на художественную книгу;Левин Б.М.;Русская литература;Советская литература;;;;Голубые конверты;Последние новости;Париж;Газета;№3753;02.07.1931;3;Чердак
Ю. Сазонова;Сазонова Ю.Л.;Поэт;Обзорная статья;;Общее;Общее;;;;;Последние новости;Париж;Газета;№3755;04.07.1931;4;Подвал
Б/а;Б/а;Травля Андрея Платонова;Рецензия на статью;;Русская литература;Советская литература;Русская литература;Советская литература;Платонов А.;;Последние новости;Париж;Газета;№3757;06.07.1931;2;Чердак
Георгий Адамович;Адамович Г.В.;Литературные заметки;Рецензия на художественную книгу;Немировски И.;Русская литература;Эмигрантская литература;;;;Осенние мухи;Последние новости;Париж;Газета;№3760;09.07.1931;2;Подвал
Георгий Адамович;Адамович Г.В.;Литературные заметки;Рецензия на художественную книгу;Таль А.;Русская литература;Эмигрантская литература;;;;Николай Коробов;Последние новости;Париж;Газета;№3760;09.07.1931;2;Подвал
А. Д.;Даманская А.;Альфред Деблин;Рецензия на художественную книгу;Деблин А.;Немецкая литература;XXв.;;;;Die Ehe;Последние новости;Париж;Газета;№3760;09.07.1931;3;Чердак
Р. Словцов;Калишевич Н.В.;Новое о старом;Рецензия на публикацию;Новый мир;Русская литература;Советская литература;Русская литература;2/2 XIXв.;Некрасов Н.А.;;Последние новости;Париж;Газета;№3760;09.07.1931;3;Подвал
Р. Словцов;Калишевич Н.В.;«История моего современника»;Рецензия на публикацию;Академия;Русская литература;Советская литература;Русская литература;2/2 XIXв.;Короленко В.Г.;В.Г. Короленко. История моего современника;Последние новости;Париж;Газета;№3767;16.07.1931;4;Подвал
Р. Словцов;Калишевич Н.В.;Большой свет;Рецензия на публикацию;Академия;Русская литература;Советская литература;Русская литература;2/2 XIXв.;Соллогуб В.А.;Граф В.А. Соллогуб. Воспоминания;Последние новости;Париж;Газета;№3772;21.07.1931;3;Подвал
Георгий Адамович;Адамович Г.В.;Величие и падение Андрея Полозова;Рецензия на художественную книгу;Рыкачев Я.С.;Русская литература;Советская литература;;;;Величие и падение Андрея Полозова;Последние новости;Париж;Газета;№3774;23.07.1931;3;Подвал
Ю. Сазонова;Сазонова Ю.Л.;«Суровая и блистательная Испания»;Рецензия на художественную книгу;Моклер К.;Французская литература;XXв.;;;;L'âpre et spiendide Espagne;Последние новости;Париж;Газета;№3774;23.07.1931;3;Чердак
Н. К—гъ;Кнорринг Н.Н.;Повесть о Хлыновске;Рецензия на художественную книгу;Петров-Водкин Н.С.;Русская литература;Советская литература;;;;Хлыновск;Последние новости;Париж;Газета;№3774;23.07.1931;3;Чердак
Р. Словцов;Калишевич Н.В.;Корчевская кузина;Рецензия на публикацию;Академия;Русская литература;Советская литература;Русская литература;2/2 XIXв.;Пассек Т.П.;Из дальних лет;Последние новости;Париж;Газета;№3774;23.07.1931;4;Подвал
С. Поляков-Литовцев;Поляков-Литовцев С.;Современный мир;Рецензия на статью;Валери П.;Французская литература;XXв.;;;;Взгляд на современный мир;Последние новости;Париж;Газета;№3779;28.07.1931;4;Подвал
Г.А.;Адамович Г.В.;Минус шесть;Рецензия на художественную книгу;Ройзман М.;Русская литература;Советская литература;;;;Синус шесть;Последние новости;Париж;Газета;№3781;30.07.1931;3;Чердак
Р. Словцов;Калишевич Н.В.;«Записки мелкотравчатого»;Рецензия на художественную книгу;ЗИФ;Русская литература;Советская литература;Русская литература;2/2 XIXв.;Дриянский Е.Э.;Записки мелкотравчатого;Последние новости;Париж;Газета;№3781;30.07.1931;4;Подвал
Георгий Адамович;Адамович Г.В.;Лермонтов;Персональная статья;Лермонтов М.Ю.;Русская литература;1/2 XIXв.;;;;;Последние новости;Париж;Газета;№3783;01.08.1931;4;Подвал
Р. Словцов;Калишевич Н.В.;Авантюрный роман;Обзорная статья;;Общее;Общее;;;;;Последние новости;Париж;Газета;№3786;04.08.1931;5;Подвал
В. Мякотин;Мякотин В.А.;Полезная книга;Рецензия на исследование;Бицилли П.М.;Русская литература;Эмигрантская литература;;;;Народная сло- весность илитература допетровскоговремени (XI-XVII вв.);Последние новости;Париж;Газета;№3787;05.08.1931;3;Подвал
Н. Берберова;Берберова Н.Н.;7 августа 1931;Юбилейная статья;Блок А.А.;Русская литература;Начало XXв.;;;;;Последние новости;Париж;Газета;№3788;06.08.1931;3;Подвал
А. Ремизов;Ремизов А.М.;Десять лет;Юбилейная статья;Блок А.А.;Русская литература;Начало XXв.;;;;;Последние новости;Париж;Газета;№3788;06.08.1931;3;Подвал
Н. К—гъ;Кнорринг Н.Н.;Нарушенный завет;Рецензия на художественную книгу;Симадзаки-Тосон;Японская литература;XXв.;;;;Нарушенный завет;Последние новости;Париж;Газета;№3788;06.08.1931;3;Чердак
Арсений Мерич;Даманская А.;«Нет!»;Персональная статья;Маргерит В.;Французская литература;XXв.;;;;;Последние новости;Париж;Газета;№3788;06.08.1931;3;Чердак
Георгий Адамович;Адамович Г.В.;Человек в советской литературе;Обзорная статья;;Русская литература;Советская литература;;;;;Последние новости;Париж;Газета;№3795;13.08.1931;2—3;Подвал
Вл. З-ъ;Зензинов В.М.;«Родное»;Рецензия на художественную книгу;Шмелев И.С.;Русская литература;Эмигрантская литература;;;;Родное;Последние новости;Париж;Газета;№3795;13.08.1931;3;Чердак
А. Д—ская;Даманская А.;Крестные пути;Персональная статья;Доде А.;Французская литература;2/2 XIXв.;;;;;Последние новости;Париж;Газета;№3795;13.08.1931;3;Чердак
Б/а;Б/а;Пересмотр дела «Цветов зла»;Рецензия на художественную книгу;Бодлер Ш.;Французская литература;2/2 XIXв.;;;;;Последние новости;Париж;Газета;№3795;13.08.1931;3;Чердак
Б/а;Б/а;Достоевский и Софья Ковалевская;Персональная статья;Достоевский;Русская литература;2/2 XIXв.;;;;;Последние новости;Париж;Газета;№3797;15.08.1931;4;Чердак
Б/а;Б/а;Последнее предостережение Алексею Толстому;Персональная статья;Толстой А.Н.;Русская литература;Советская литература;;;;;Последние новости;Париж;Газета;№3802;20.08.1931;3;Чердак
А. Д—ская;Даманская А.;Вчера и сегодня;Рецензия на художественную книгу;Ренье П.;Французская литература;XXв.;;;;Petite et Nadie;Последние новости;Париж;Газета;№3802;20.08.1931;3;Чердак
Р. Словцов;Калишевич Н.В.;В карете и в тарантасе;Рецензия на публикацию;Академия;Русская литература;Советская литература;Русская литература;2/2 XIXв.;Соллогуб В.А.;Воспоминания;Последние новости;Париж;Газета;№3807;25.08.1931;3;Подвал
Георгий Адамович;Адамович Г.В.;Литературные заметки;Рецензия на художественную книгу;Толстой А.Н.;Русская литература;Советская литература;;;;Черное золото;Последние новости;Париж;Газета;№3809;27.08.1931;3;Подвал
Георгий Адамович;Адамович Г.В.;Литературные заметки;Рецензия на художественную книгу;Чуковский Н.;Русская литература;Советская литература;;;;В солнечном доме;Последние новости;Париж;Газета;№3809;27.08.1931;3;Подвал
Арсений Мерич;Даманская А.;«Соблазн»;Рецензия на художественную книгу;Бост П.;Французская литература;XXв.;;;;Le scandale;Последние новости;Париж;Газета;№3809;27.08.1931;3;Чердак
Георгий Адамович;Адамович Г.В.;Памяти Гумилева;Юбилейная статья;Гумилев Н.С.;Русская литература;Начало XXв.;;;;;Последние новости;Париж;Газета;№3812;30.08.1931;3;Подвал
Н. Берберова;Берберова Н.Н.;Смерть Буткевича;Некролог;Буткевич Б.В.;Русская литература;Эмигрантская литература;;;;;Последние новости;Париж;Газета;№3816;03.09.1931;3;Подвал
С.;Калишевич Н.В.;Прежний и новый писатель;Обзорная статья;;Русская литература;Советская литература;;;;;Последние новости;Париж;Газета;№3816;03.09.1931;3;Чердак
Б/а;Б/а;Неизведанные страницы Альфонса Додэ;Рецензия на публикацию;;Французская литература;XXв.;Французская литература;2/2 XIXв.;Доде А.;;Последние новости;Париж;Газета;№3816;03.09.1931;3;Чердак
Р. Словцов;Калишевич Н.В.;Дело об «известных стихах» Пушкина;Рецензия на исследование;Щеголев П.Е.;Русская литература;Советская литература;Русская литература;1/2 XIXв.;Пушкин А.С.;Из жизни и творчества Пушкина;Последние новости;Париж;Газета;№3816;03.09.1931;4;Подвал
Дионео;Шкловский И.В.;Холл Кэйн;Некролог;Кейн Х.;Английская литература;XXв.;;;;;Последние новости;Париж;Газета;№3817;04.09.1931;2;Чердак
Р. Словцов;Калишевич Н.В.;Дневник Шевченко;Рецензия на публикацию;Академия;Русская литература;Советская литература;Украинская литература;2/2 XIXв.;Шевченко Т.;Т.Г. Шевченко. Дневник;Последние новости;Париж;Газета;№3823;10.09.1931;3;Подвал
С.;Калишевич Н.В.;Для кого?;Рецензия на статью;Зозуля Е.Д.;Русская литература;Советская литература;;;;;Последние новости;Париж;Газета;№3823;10.09.1931;3;Чердак
С. Эрнст;Эрнст С.Р.;Тургенев— коллекционер;Персональная статья;Тургенев И.С.;Русская литература;2/2 XIXв.;;;;;Последние новости;Париж;Газета;№3823;10.09.1931;3;Чердак
Б/а;Б/а;«Учеба у Некрасова»;Обзорная статья;;Русская литература;Советская литература;Русская литература;2/2 XIXв.;Некрасов Н.А.;;Последние новости;Париж;Газета;№3823;10.09.1931;3;Чердак
Георгий Адамович;Адамович Г.В.;Литературные заметки;Рецензия на художественную книгу;Былов Н.;Русская литература;Эмигрантская литература;;;;Волчья трава;Последние новости;Париж;Газета;№3824;11.09.1931;2;Подвал
Георгий Адамович;Адамович Г.В.;Литературные заметки;Рецензия на художественную книгу;Олеша Ю.К.;Русская литература;Советская литература;;;;Список благодеяний;Последние новости;Париж;Газета;№3824;11.09.1931;2;Подвал
Н. Кнорринг;Кнорринг Н.Н.;Что читают в эмиграции;Обзорная статья;;Русская литература;Эмигрантская литература;;;;;Последние новости;Париж;Газета;№3828;15.09.1931;3;Подвал
Георгий Адамович;Адамович Г.В.;«Классические розы»;Рецензия на художественную книгу;Северянин И.;Русская литература;Эмигрантская литература;;;;Классические розы;Последние новости;Париж;Газета;№3830;17.09.1931;3;Чердак
А. Д.;Даманская А.;Давид Гершум;Рецензия на художественную книгу;Аренн И.А.;Французская литература;XXв.;;;;Давид Гершум;Последние новости;Париж;Газета;№3830;17.09.1931;3;Чердак
Б/а;Б/а;«Энциклопедия нашего строительства»;Рецензия на статью;Горький М.;Русская литература;Советская литература;;;;;Последние новости;Париж;Газета;№3830;17.09.1931;3;Чердак
Р. Словцов;Калишевич Н.В.;История «Былого и дум»;Рецензия на публикацию;Госиздат;Русская литература;Советская литература;Русская литература;2/2 XIXв.;Герцен А.И.;А.И. Герцен. «Былое и думы»;Последние новости;Париж;Газета;№3830;17.09.1931;4;Подвал
Р. Словцов;Калишевич Н.В.;Старый Петербург;Рецензия на исследование;Яцевич А.;Русская литература;Советская литература;Русская литература;1/2 XIXв.;Пушкин А.С.;Пушкинский Петербург;Последние новости;Париж;Газета;№3837;24.09.1931;2;Подвал
А. Д.;Даманская А.;«Мария гулящая»;Рецензия на художественную книгу;Деваль Ж.;Французская литература;XXв.;;;;Marie Galante;Последние новости;Париж;Газета;№3837;24.09.1931;3;Чердак
М. Бенедиктов;Берхин М.;Бернард Шоу и Эллен Терри;Персональная статья;Шоу Б.;Ирландская литература;XXв.;;;;;Последние новости;Париж;Газета;№3837;24.09.1931;4;Подвал
Георгий Адамович;Адамович Г.В.;Пушкин и Лермонтов;Персональная статья;Пушкин А.С.;Русская литература;1/2 XIXв.;;;;;Последние новости;Париж;Газета;№3844;01.10.1931;2;Подвал
Георгий Адамович;Адамович Г.В.;Пушкин и Лермонтов;Персональная статья;Лермонтов М.Ю.;Русская литература;1/2 XIXв.;;;;;Последние новости;Париж;Газета;№3844;01.10.1931;2;Подвал
С. Литовцев;Поляков-Литовцев С.;«Задачи»;Обзорная статья;;Общее;Общее;;;;;Последние новости;Париж;Газета;№3844;01.10.1931;3;Чердак
Н. К—гъ;Кнорринг Н.Н.;«Девять точек»;Рецензия на художественную книгу;Казаков М.;Русская литература;Советская литература;;;;Девять точек;Последние новости;Париж;Газета;№3844;01.10.1931;3;Чердак
Б-нъ;;Переписка Зола;Рецензия на публикацию;Золя Э.;Французская литература;2/2 XIXв.;;;;;Последние новости;Париж;Газета;№3844;01.10.1931;3;Чердак
И. Демидов;Демидов И.П.;В.Е. Жаботинский;Рецензия на художественную книгу;Жаботинский В.;Русская литература;Эмигрантская литература;;;;Рассказы;Последние новости;Париж;Газета;№3844;01.10.1931;3;Подвал
Р. Словцов;Калишевич Н.В.;История «Мадам Бовари»;Рецензия на исследование;Дюмениль Р.;Французская литература;XXв.;Французская литература;2/2 XIXв.;Флобер Г.;La publication de Madame Bovary;Последние новости;Париж;Газета;№3851;08.10.1931;2;Подвал
Ант. Ладинский;Ладинский А.П.;«Кочевье»;Рецензия на издание;;Русская литература;Эмигрантская литература;;;;Кочевье;Последние новости;Париж;Газета;№3851;08.10.1931;3;Чердак
Ю. Сазонова;Сазонова Ю.Л.;Тема пушкинских «Цыган» в изложении Сервантеса;Рецензия на художественную книгу;Сервантес М. де;Испанская литература;XVIIв.;;;;Цыганочка;Последние новости;Париж;Газета;№3853;10.10.1931;2;Подвал
Георгий Адамович;Адамович Г.В.;Литературные заметки;Рецензия на художественную книгу;Шагинян М.С.;Русская литература;Советская литература;;;;Гидроцентраль;Последние новости;Париж;Газета;№3858;15.10.1931;2;Подвал
Р. Словцов;Калишевич Н.В.;Годы страданий Гейне;Рецензия на статью;Вега;Французская литература;XXв.;;;;Henri Heine;Последние новости;Париж;Газета;№3865;22.10.1931;2;Подвал
Георгий Адамович;Адамович Г.В.;«Современные записки». № 47;Рецензия на художественную книгу;Осоргин М.А.;Русская литература;Эмигрантская литература;;;;Свидетель истории;Последние новости;Париж;Газета;№3865;22.10.1931;3;Подвал
Георгий Адамович;Адамович Г.В.;«Современные записки». № 47;Рецензия на художественную книгу;Ремизов А.М.;Русская литература;Эмигрантская литература;;;;Три желания;Последние новости;Париж;Газета;№3865;22.10.1931;3;Подвал
Георгий Адамович;Адамович Г.В.;«Современные записки». № 47;Рецензия на художественную книгу;Иванов Г.В.;Русская литература;Эмигрантская литература;;;;Стихи;Последние новости;Париж;Газета;№3865;22.10.1931;3;Подвал
Георгий Адамович;Адамович Г.В.;«Современные записки». № 47;Рецензия на художественную книгу;Сирин В. (Набоков В.В.);Русская литература;Эмигрантская литература;;;;Стихи;Последние новости;Париж;Газета;№3865;22.10.1931;3;Подвал
Георгий Адамович;Адамович Г.В.;«Современные записки». № 47;Рецензия на художественную книгу;Зайцев Б.К.;Русская литература;Эмигрантская литература;;;;Жизнь Тургенева;Последние новости;Париж;Газета;№3865;22.10.1931;3;Подвал
С.;Калишевич Н.В.;Неизведанные стихи Брюсова;Рецензия на публикацию;Академия;Русская литература;Советская литература;Русская литература;Советская литература;Брюсов В.Я.;;Последние новости;Париж;Газета;№3865;22.10.1931;3;Чердак
И. Демидов;Демидов И.П.;А.Ф. Даманская;Юбилейная статья;Даманская А.Ф.;Русская литература;Эмигрантская литература;;;;;Последние новости;Париж;Газета;№3865;22.10.1931;3;Чердак
М. Б.;Берхин М.;А. Моруа о себе;Персональная статья;Моруа А.;Французская литература;XXв.;;;;;Последние новости;Париж;Газета;№3865;22.10.1931;3;Чердак
Н. К—гъ;Кнорринг Н.Н.;Новый роман Р. Гуля;Рецензия на художественную книгу;Гуль Р.;Русская литература;Эмигрантская литература;;;;Скиф;Последние новости;Париж;Газета;№3865;22.10.1931;3;Чердак
Б/а;Б/а;Артур Шництлер;Некролог;Шництлер А.;Австрийская литература;XXв.;;;;;Последние новости;Париж;Газета;№3866;23.10.1931;2;Чердак
Георгий Адамович;Адамович Г.В.;Памяти Шництлера;Некролог;Шництлер А.;Австрийская литература;XXв.;;;;;Последние новости;Париж;Газета;№3872;29.10.1931;2;Подвал
С.;Калишевич Н.В.;Очерки по истории русской культуры П.Н. Милюкова;Рецензия на исследование;Милюков П.Н.;Русская литература;Эмигрантская литература;;;;Очерки по истории русской культуры;Последние новости;Париж;Газета;№3872;29.10.1931;3;Чердак
А. Д.;Даманская А.;Последний путь;Рецензия на художественную книгу;Шництлер А.;Австрийская литература;XXв.;;;;Flucht in die Finsternis;Последние новости;Париж;Газета;№3872;29.10.1931;3;Чердак
Георгий Адамович;Адамович Г.В.;Литературные заметки;Рецензия на художественную книгу;Ирецкий В.Я.;Русская литература;Эмигрантская литература;;;;Пленник;Последние новости;Париж;Газета;№3879;05.11.1931;2;Подвал
Георгий Адамович;Адамович Г.В.;Литературные заметки;Рецензия на художественную книгу;Ирецкий В.Я.;Русская литература;Эмигрантская литература;;;;Прибежище;Последние новости;Париж;Газета;№3879;05.11.1931;2;Подвал
Георгий Адамович;Адамович Г.В.;Литературные заметки;Рецензия на художественную книгу;Никитин Н.;Русская литература;Советская литература;;;;Линия огня;Последние новости;Париж;Газета;№3879;05.11.1931;2;Подвал
Георгий Адамович;Адамович Г.В.;Литературные заметки;Рецензия на художественную книгу;Пастернак Б.Л.;Русская литература;Советская литература;;;;Новые стихи;Последние новости;Париж;Газета;№3879;05.11.1931;2;Подвал
Г. А.;Адамович Г.В.;Пушкин для французов;Рецензия на исследование;Гофман М.Л.;Русская литература;Эмигрантская литература;Русская литература;1/2 XIXв.;Пушкин А.С.;Пушкин;Последние новости;Париж;Газета;№3879;05.11.1931;3;Чердак
Н. К—гъ;Кнорринг Н.Н.;Похождения Хаджи-Бабы;Рецензия на художественную книгу;Мориер Д.;Английская литература;1/2 XIXв.;;;;Похождения Хаджи-Бабы;Последние новости;Париж;Газета;№3879;05.11.1931;3;Чердак
Кн. Сергей Волконский ;Волконский С.;«Плот от плоти моей»;Рецензия на художественную книгу;Карлайл Э.Г.;Французская литература;XXв.;;;;Chair de ma chair;Последние новости;Париж;Газета;№3879;05.11.1931;3;Чердак
Б/а;Б/а;«Зодиак»;Рецензия на художественную книгу;Эддитц В.;Венская литература;XXв.;;;;Зодиак;Последние новости;Париж;Газета;№3879;05.11.1931;3;Чердак
Р. Словцов;Калишевич Н.В.;Как писал Тургенев;Рецензия на исследование;Мазон А.;Французская литература;XXв.;Русская литература;2/2 XIXв.;Тургенев И.С.;Парижские рукописи И.С. Тургенева;Последние новости;Париж;Газета;№3886;12.11.1931;3;Подвал
Георгий Адамович;Адамович Г.В.;Советские фотографии;Рецензия на художественную книгу;Герасимова В.А.;;Советская литература;;;;Дальняя родственница;Последние новости;Париж;Газета;№3886;12.11.1931;2;Подвал
Георгий Адамович;Адамович Г.В.;Советские фотографии;Рецензия на художественную книгу;Шошин;Русская литература;Советская литература;;;;Призванная;Последние новости;Париж;Газета;№3886;12.11.1931;2;Подвал
А. Д.;Даманская А.;«Гастроль»;Рецензия на художественную книгу;Беренд А.;Немецкая литература;XXв.;;;;Das Gastspiel;Последние новости;Париж;Газета;№3886;12.11.1931;3;Чердак
М. Б.;Берхин М.;«Дары жизни»;Рецензия на художественную книгу;Людвиг Э.;Немецкая литература;XXв.;;;;Дары жизни;Последние новости;Париж;Газета;№3886;12.11.1931;3;Чердак
Н. К—гъ;Кнорринг Н.Н.;«Скиф»;Рецензия на художественную книгу;Гуль Р.;Русская литература;Эмигрантская литература;;;;Скиф;Последние новости;Париж;Газета;№3886;12.11.1931;3;Чердак
Георгий Адамович;Адамович Г.В.;Воронский;Персональная статья;Воронский А.;Русская литература;Советская литература;;;;;Последние новости;Париж;Газета;№3893;19.11.1931;3;Чердак
Н. К—гъ;Кнорринг Н.Н.;«Гибель реального»;Рецензия на художественную книгу;Москвин Н.;Русская литература;Советская литература;;;;Гибель реального;Последние новости;Париж;Газета;№3893;19.11.1931;3;Чердак
Б/а;Б/а;Рапортуют…;Обзорная статья;;Русская литература;Советская литература;;;;;Последние новости;Париж;Газета;№3893;19.11.1931;3;Чердак
Александр Кириллов;Кириллов А.;Г.Д. Гребенщиков;Юбилейная статья;Гребенщиков Г.Д.;Русская литература;Эмигрантская литература;;;;;Последние новости;Париж;Газета;№3895;21.11.1931;4;Чердак
В. Вейдле;Вейдле В.В.;В мастерской Бальзака;Рецензия на исследование;Абрагам П.;Французская литература;XXв.;Французская литература;2/2 XIXв.;Бальзак О. де;Сréatures chez Balzac;Последние новости;Париж;Газета;№3900;26.11.1931;3;Чердак
Мих. Ос.;Ильин M.A.;Пятикнижие Корсака;Персональная статья;Корсак В.;Русская литература;Эмигрантская литература;;;;;Последние новости;Париж;Газета;№3900;26.11.1931;3;Чердак
Ек. Кускова;Кускова Е.Д.;Футуристы;Обзорная статья;;Русская литература;Советская литература;;;;;Последние новости;Париж;Газета;№3901;27.11.1931;3—4;Подвал
Р. Словцов;Калишевич Н.В.;Старый Петербург;Рецензия на исследование;Яцевич А.;Русская литература;Советская литература;Русская литература;1/2 XIXв.;Пушкин А.С.;Пушкинский Петербург;Последние новости;Париж;Газета;№3907;03.12.1931;3;Подвал
Георгий Адамович;Адамович Г.В.;«Вишневая косточка»;Рецензия на художественную книгу;Олеша Ю.К.;Русская литература;Советская литература;;;;Вишневая косточка;Последние новости;Париж;Газета;№3907;03.12.1931;3;Чердак
Р. Словцов;Калишевич Н.В.;Сказочники с Пятиречья;Рецензия на издание;Озаровская О.Э.;Русская литература;Фольклор;;;;Пятиречье;Последние новости;Париж;Газета;№3912;08.12.1931;5;Подвал
Георгий Адамович;Адамович Г.В.;«Конец Авербаха»;Персональная статья;Авербах Л.;Русская литература;Советская литература;;;;;Последние новости;Париж;Газета;№3914;10.12.1931;2;Подвал
М. Б.;Берхин М.;Андрэ Моруа о самом себе;Персональная статья;Моруа А.;Французская литература;XXв.;;;;;Последние новости;Париж;Газета;№3914;10.12.1931;3;Чердак
—овъ;;Библиомания;Обзорная статья;;Общее;Общее;;;;;Последние новости;Париж;Газета;№3914;10.12.1931;3;Чердак
Р. Словцов;Калишевич Н.В.;На петербургских набережных;Рецензия на издание;Яцевич А.;Русская литература;Советская литература;Русская литература;1/2 XIXв.;Пушкин А.С.;Пушкинский Петербург;Последние новости;Париж;Газета;№3914;10.12.1931;3;Подвал
Георгий Адамович;Адамович Г.В.;О Тэффи;Рецензия на художественную книгу;Тэффи Н.А.;Русская литература;Эмигрантская литература;;;;Воспоминания;Последние новости;Париж;Газета;№3921;17.12.1931;3;Чердак
Мих. Осоргин;Ильин M.A.;О библиомании;Обзорная статья;;Общее;Общее;;;;;Последние новости;Париж;Газета;№3921;17.12.1931;3;Подвал
Георгий Адамович;Адамович Г.В.;Литературные заметки;Рецензия на художественную книгу;Митрофанов А.;Русская литература;Советская литература;;;;Июнь—июль;Последние новости;Париж;Газета;№3928;24.12.1931;2;Подвал
Георгий Адамович;Адамович Г.В.;Литературные заметки;Рецензия на художественную книгу;Бабель И.Э.;Русская литература;Советская литература;;;;Новые рассказы;Последние новости;Париж;Газета;№3928;24.12.1931;2;Подвал
А. Даманская;Даманская А.;Семь портретов;Рецензия на исследование;Стречи Л.;;;;;;;Последние новости;Париж;Газета;№3928;24.12.1931;3;Чердак
С.;Калишевич Н.В.;«Эмигрантский молодой человек»;Рецензия на статью;;Русская литература;Эмигрантская литература;;;;;Последние новости;Париж;Газета;№3928;24.12.1931;3;Чердак
Р. Словцов;Калишевич Н.В.;Книги в урагане революции;Рецензия на издание;;Русская литература;Советская литература;;;;Альманах библиофила;Последние новости;Париж;Газета;№3928;24.12.1931;3;Подвал
Георгий Адамович;Адамович Г.В.;Провинция и столица;Рецензия на издание;;Русская литература;Эмигрантская литература;;;;Багульник;Последние новости;Париж;Газета;№3935;31.12.1931;2;Подвал
В. Вейдле;Вейдле В.В.;Письма и стихи Китса;Рецензия на публикацию;Оксфордский университет;Английская литература;XXв.;Английская литература;1/2 XIXв.;Китс Д.;;Последние новости;Париж;Газета;№3935;31.12.1931;3;Чердак
Б/а;Б/а;Письма Диккенса;Рецензия на публикацию;;Английская литература;XXв.;Английская литература;2/2 XIXв.;Диккенс Ч.;;Последние новости;Париж;Газета;№3935;31.12.1931;3;Чердак
Р. Словцов;Калишевич Н.В.;Подлинные записки А.О.Смирновой;Рецензия на публикацию;;Русская литература;Советская литература;Русская литература;1/2 XIXв.;Смирнова А.О.;Записки;Последние новости;Париж;Газета;№3940;05.01.1932;2;Подвал
Георгий Адамович;Адамович Г.В.;Грусть;Рецензия на художественную книгу;Зайцев Б.К.;Русская литература;Эмигрантская литература;;;;Жизнь Тургенева;Последние новости;Париж;Газета;№3942;07.01.1932;3;Подвал
Р. Словцов;Калишевич Н.В.;Миллион терзаний;Персональная статья;Гончаров И.А.;Русская литература;2/2 XIXв.;;;;;Последние новости;Париж;Газета;№3942;07.01.1932;5;Подвал
Р. Словцов;Калишевич Н.В.;Лев Толстой и кн. С.С.Урусов;Персональная статья;Толстой Л.Н.;Русская литература;2/2 XIXв.;;;;Война и мир;Последние новости;Париж;Газета;№3947;12.01.1932;4;Подвал
Георгий Адамович;Адамович Г.В.;Мысли и сомнения;Обзорная статья;;Русская литература;Эмигрантская литература;;;;;Последние новости;Париж;Газета;№3949;14.01.1932;2;Подвал
Лозинский Г.;Лозинский Г.;Меримэ и русская литература;Персональная статья;Мериме П.;Французская литература;2/2 XIXв.;Русская литература;Общее;;Письма к Тургеневу;Последние новости;Париж;Газета;№3949;14.01.1932;3;Чердак
В. Вейдле;Вейдле В.В.;Книги о Гете;Персональная статья;Гете И.;Немецкая литература;1/2 XIXв.;;;;;Последние новости;Париж;Газета;№3949;14.01.1932;3;Чердак
Ю.Р.;;Эмиль Людвиг—драматург;Рецензия на художественную книгу;Людвиг Э.;Немецкая литература;XXв.;;;;Портрет;Последние новости;Париж;Газета;№3956;21.01.1932;3;Чердак
Н. К—гъ;Кнорринг Н.Н.;Повесть о неудавшемся романе;Рецензия на художественную книгу;Пришвин М.М.;Русская литература;Советская литература;;;;Журавлиная родина;Последние новости;Париж;Газета;№3956;21.01.1932;3;Чердак
Георгий Адамович;Адамович Г.В.;Стихи В. Смоленского;Рецензия на художественную книгу;Смоленский В.А.;Русская литература;Эмигрантская литература;;;;;Последние новости;Париж;Газета;№3956;21.01.1932;3;Чердак
Р. Словцов;Калишевич Н.В.;Новое о Толстом;Рецензия на публикацию;Публикатор;Русская литература;Советская литература;Русская литература;2/2 XIXв.;Толстой Л.Н.;Полное собрание сочинений;Последние новости;Париж;Газета;№3956;21.01.1932;3;Подвал
М. Бенедиктов;Берхин М.;Шлиман;Рецензия на исследование;Людвиг Э.;Немецкая литература;XXв.;;;;Шлиман;Последние новости;Париж;Газета;№3963;28.01.1932;2;Подвал
В. Вейдле;Вейдле В.В.;Алиса в стране чудес;Рецензия на художественную книгу;Кэролл Л.;Английская литература;2/2 XIXв.;;;;Алиса в стране чудес;Последние новости;Париж;Газета;№3963;28.01.1932;3;Чердак
Георгий Адамович;Адамович Г.В.;Литературные заметки;Рецензия на художественную книгу;Иванов Вс.Н.;Русская литература;Эмигрантская литература;;;;Огни в тумане;Последние новости;Париж;Газета;№3963;28.01.1932;3;Чердак
М. Бенедиктов;Берхин М.;Шлиман;Рецензия на исследование;Людвиг Э.;Немецкая литература;XXв.;;;;Шлиман;Последние новости;Париж;Газета;№3965;30.01.1932;4;Подвал
Георгий Адамович;Адамович Г.В.;Литературные заметки;Рецензия на художественную книгу;Каверин В.А.;Русская литература;Советская литература;;;;Художник неизвестен;Последние новости;Париж;Газета;№3970;04.02.1932;2;Подвал
Н. К—гъ;Кнорринг Н.Н.;А.П. Чапыгин;Персональная статья;Чапыгин А.П.;Русская литература;Советская литература;;;;;Последние новости;Париж;Газета;№3970;04.02.1932;3;Чердак
Р. Словцов;Калишевич Н.В.;Расцвет Чехова;Персональная статья;Чехов А.П.;Русская литература;2/2 XIXв.;;;;;Последние новости;Париж;Газета;№3970;04.02.1932;3;Подвал
В. Вейдле;Вейдле В.В.;Литтон Стрэчи;Персональная статья;Стрэчи Л.;Английская литература;XXв.;;;;;Последние новости;Париж;Газета;№3972;06.02.1932;2;Подвал
Георгий Адамович;Адамович Г.В.;«Современные записки», кн. 48-я;Рецензия на художественную книгу;Песков Г. (Дейша Е.А.);Русская литература;Эмигрантская литература;;;;Злая вечность;Последние новости;Париж;Газета;№3977;11.02.1932;2;Подвал
Георгий Адамович;Адамович Г.В.;«Современные записки», кн. 48-я;Рецензия на художественную книгу;Осоргин М.А.;Русская литература;Эмигрантская литература;;;;Свидетель истории;Последние новости;Париж;Газета;№3977;11.02.1932;2;Подвал
Георгий Адамович;Адамович Г.В.;«Современные записки», кн. 48-я;Рецензия на художественную книгу;Набоков В.В.;Русская литература;Эмигрантская литература;;;;Подвиг;Последние новости;Париж;Газета;№3977;11.02.1932;2;Подвал
Георгий Адамович;Адамович Г.В.;«Современные записки», кн. 48-я;Рецензия на художественную книгу;Скобцов-Кондратьев Д.Е.;Русская литература;Эмигрантская литература;;;;Гремучий родник;Последние новости;Париж;Газета;№3977;11.02.1932;2;Подвал
Георгий Адамович;Адамович Г.В.;«Современные записки», кн. 48-я;Рецензия на художественную книгу;Толстая А.Л.;Русская литература;Эмигрантская литература;;;;Воспоминания;Последние новости;Париж;Газета;№3977;11.02.1932;2;Подвал
Георгий Адамович;Адамович Г.В.;«Современные записки», кн. 48-я;Рецензия на художественную книгу;Мережковский Д.С.;Русская литература;Эмигрантская литература;;;;Назаретские будни;Последние новости;Париж;Газета;№3977;11.02.1932;2;Подвал
Георгий Адамович;Адамович Г.В.;«Современные записки», кн. 48-я;Рецензия на художественную книгу;Бицилли П.М.;Русская литература;Эмигрантская литература;;;;Параллели;Последние новости;Париж;Газета;№3977;11.02.1932;2;Подвал
В. Вейдле;Вейдле В.В.;Орестея по-американски;Рецензия на художественную книгу;О-Нил Ю.Г.;Американская литература;XXв.;;;;Орестея;Последние новости;Париж;Газета;№3977;11.02.1932;3;Чердак
А. Д—ская;Даманская А.;Новый роман А.Моруа;Рецензия на художественную книгу;Моруа А.;Французская литература;XXв.;;;;Семейный круг;Последние новости;Париж;Газета;№3977;11.02.1932;3;Чердак
Георгий Адамович;Адамович Г.В.;Литературные заметки;Рецензия на художественную книгу;Ропшин В. (Савинков Б.В);Русская литература;Эмигрантская литература;;;;;Последние новости;Париж;Газета;№3984;18.02.1932;2;Подвал
Георгий Адамович;Адамович Г.В.;Литературные заметки;Рецензия на художественную книгу;Штейгер А.С.;Русская литература;Эмигрантская литература;;;;Эта жизнь;Последние новости;Париж;Газета;№3984;18.02.1932;2;Подвал
Р. Словцов;Калишевич Н.В.;Некрасов и его обвинители;Рецензия на исследование;Евгеньев-Максимов В.;Русская литература;Советская литература;Русская литература;2/2 XIXв.;Некрасов Н.А.;Некрасов и его современники;Последние новости;Париж;Газета;№3984;18.02.1932;3;Подвал
В. Вейдле;Вейдле В.В.;Переводчики и переводы;Обзорная статья;;Общее;Общее;;;;;Последние новости;Париж;Газета;№3988;22.02.1932;3;Подвал
Георгий Адамович;Адамович Г.В.;Литературные заметки;Рецензия на художественную книгу;Яновский В.С.;Русская литература;Эмигрантская литература;;;;Мир;Последние новости;Париж;Газета;№3991;25.02.1932;2;Подвал
Георгий Адамович;Адамович Г.В.;Литературные заметки;Рецензия на художественную книгу;Комаров С.;Русская литература;Эмигрантская литература;;;;Веселая жизнь;Последние новости;Париж;Газета;№3991;25.02.1932;2;Подвал
В. Вейдле;Вейдле В.В.;Новое о Шекспире;Рецензия на исследование;Шюкинг Л.;Немецкая литература;Исследования;Английская литература;XVIIв.;Шекспир У.;Шекспир;Последние новости;Париж;Газета;№3991;25.02.1932;3;Чердак
Н. К—гъ;Кнорринг Н.Н.;Пустыня;Рецензия на художественную книгу;Павленко П.А.;Русская литература;Советская литература;;;;Пустыня;Последние новости;Париж;Газета;№3991;25.02.1932;3;Чердак
Р. Словцов;Калишевич Н.В.;Война рифмами;Обзорная статья;;Общее;Общее;;;;;Последние новости;Париж;Газета;№3991;25.02.1932;3;Подвал
Георгий Адамович;Адамович Г.В.;Письма женщины;Рецензия на художественную книгу;Мансфильд К.;Английская литература;XXв.;;;;Письма;Последние новости;Париж;Газета;№3998;03.03.1932;2;Подвал
Георгий Адамович;Адамович Г.В.;Заметки о советской литературе;Рецензия на художественную книгу;Рыкачев Я.С.;Русская литература;Советская литература;;;;Величие и падение Андрея Полозова;Последние новости;Париж;Газета;№4005;10.03.1932;2;Подвал
Георгий Адамович;Адамович Г.В.;Заметки о советской литературе;Рецензия на художественную книгу;Олеша Ю.К.;Русская литература;Советская литература;;;;Кое-что из секретных записей попутчика Занда;Последние новости;Париж;Газета;№4005;10.03.1932;2;Подвал
Георгий Адамович;Адамович Г.В.;Заметки о советской литературе;Рецензия на художественную книгу;Левин Б.М.;Русская литература;Советская литература;;;;Одна радость;Последние новости;Париж;Газета;№4005;10.03.1932;2;Подвал
Н. К—гъ;Кнорринг Н.Н.;150-летие «Недоросля»;Юбилейная статья;Фонвизин;Русская литература;1/2 XIXв.;;;;Недоросль;Последние новости;Париж;Газета;№4005;10.03.1932;3;Чердак
Р. Словцов;Калишевич Н.В.;Анна Жаклар;Рецензия на исследование;Книжник-Ветров И.;Русская литература;Советская литература;Русская литература;2/2 XIXв.;Корвин-Круковская А.В.;А.В. Корвин-Круковская;Последние новости;Париж;Газета;№4005;10.03.1932;3;Подвал
Р. Словцов;Калишевич Н.В.;Современники о пьесах Чехова;Персональная статья;Чехов А.П.;Русская литература;2/2 XIXв.;;;;;Последние новости;Париж;Газета;№4012;17.03.1932;3;Подвал
В. Вейдле;Вейдле В.В.;«Стефан Ротт»;Рецензия на художественную книгу;Брод М.;Немецкая литература;XXв.;;;;Стефан Ротт;Последние новости;Париж;Газета;№4012;17.03.1932;3;Чердак
В. Вейдле;Вейдле В.В.;Гете и всемирность;Юбилейная статья;Гете И.;Немецкая литература;1/2 XIXв.;;;;;Последние новости;Париж;Газета;№4017;22.03.1932;2;Подвал
Р. Словцов;Калишевич Н.В.;Письмо к Островскому;Рецензия на публикацию;;Русская литература;Советская литература;Русская литература;2/2 XIXв.;Островский А.Н.;Неизведанные письма к А.Н. Островскому;Последние новости;Париж;Газета;№4017;22.03.1932;3;Подвал
Георгий Адамович;Адамович Г.В.;Литературные заметки;Рецензия на художественную книгу;Осоргин М.А.;Русская литература;Эмигрантская литература;;;;Свидетель истории;Последние новости;Париж;Газета;№4019;24.03.1932;2;Подвал
Георгий Адамович;Адамович Г.В.;Литературные заметки;Рецензия на художественную книгу;Аничков Е.В.;Русская литература;Эмигрантская литература;;;;Язычница;Последние новости;Париж;Газета;№4019;24.03.1932;2;Подвал
Н. К—гъ;Кнорринг Н.Н.;Неизданный Некрасов;Рецензия на публикацию;Публикатор;Русская литература;Советская литература;Русская литература;2/2 XIXв.;Некрасов Н.А.;Жизнь и похождения Тихона Тросникова;Последние новости;Париж;Газета;№4019;24.03.1932;3;Чердак
Р. Словцов;Калишевич Н.В.;Москва сороковых годов;Рецензия на публикацию;;Русская литература;Советская литература;Русская литература;1/2 XIXв.;Кокорев И.Т.;Очерки Москвы сороковых годов;Последние новости;Париж;Газета;№4019;24.03.1932;3;Подвал
Р. Словцов;Калишевич Н.В.;Братья Капнисты;Персональная статья;Капнисты;Русская литература;1/2 XIXв.;;;;;Последние новости;Париж;Газета;№4024;29.03.1932;4;Подвал
М. Б.;Берхин М.;Бернард Шоу в туфлях;Рецензия на исследование;Харрис Ф.;Ирландская литература;XXв.;Ирландская литература;XXв.;Шоу Б.;Bernard Shaw;Последние новости;Париж;Газета;№4026;31.03.1932;3;Чердак
А. Д.;Даманская А.;Гете и толстой;Рецензия на художественную книгу;Манн Т.;Немецкая литература;XXв.;Немецкая литература;1/2 XIXв.;Гете И.;Гете и Толстой;Последние новости;Париж;Газета;№4026;31.03.1932;3;Чердак
А. Д.;Даманская А.;Гете и толстой;Рецензия на художественную книгу;Манн Т.;Немецкая литература;XXв.;Русская литература;2/2 XIXв.;Толстой Л.Н.;Гете и Толстой;Последние новости;Париж;Газета;№4026;31.03.1932;3;Чердак
Р. Словцов;Калишевич Н.В.;Толстой на Кавказе;Персональная статья;Толстой Л.Н.;Русская литература;2/2 XIXв.;;;;Записки;Последние новости;Париж;Газета;№4033;07.04.1932;2;Подвал
В. Вейдле;Вейдле В.В.;Испанская литература;Обзорная статья;;Испанская литература;XXв.;;;;;Последние новости;Париж;Газета;№4033;07.04.1932;3;Чердак
Георгий Адамович;Адамович Г.В.;О книге Лоренса;Рецензия на художественную книгу;Лоренс Д.Г.;Английская литература;XXв.;;;;Любовник Леди Чаттерлей;Последние новости;Париж;Газета;№4033;07.04.1932;3;Подвал
Георгий Адамович;Адамович Г.В.;Литературные заметки;Рецензия на художественную книгу;Кнут Д.;Русская литература;Эмигрантская литература;;;;Парижские ночи;Последние новости;Париж;Газета;№4040;14.04.1932;2;Подвал
Георгий Адамович;Адамович Г.В.;Литературные заметки;Рецензия на художественную книгу;Мандельштам Ю.В.;Русская литература;Эмигрантская литература;;;;Верность;Последние новости;Париж;Газета;№4040;14.04.1932;2;Подвал
Георгий Адамович;Адамович Г.В.;Литературные заметки;Рецензия на художественную книгу;Карелин Ю.;Русская литература;Эмигрантская литература;;;;Горький цвет;Последние новости;Париж;Газета;№4040;14.04.1932;2;Подвал
Н. К—гъ;Кнорринг Н.Н.;Путешествие в Туркменистан;Рецензия на художественную книгу;Павленко П.А.;Русская литература;Советская литература;;;;Путешествие в Туркменистан;Последние новости;Париж;Газета;№4040;14.04.1932;3;Чердак
В. Вейдле;Вейдле В.В.;Вильгельм Буш;Юбилейная статья;Буш В.;Немецкая литература;2/2 XIXв.;;;;;Последние новости;Париж;Газета;№4040;14.04.1932;3;Чердак
Р. Словцов;Калишевич Н.В.;Литературная сатира;Обзорная статья;;Общее;Общее;;;;Эпиграмма и сатира;Последние новости;Париж;Газета;№4040;14.04.1932;3;Подвал
Алданов М.;Алданов М.А.;Н. А. Тэффи;Рецензия на художественную книгу;Тэффи Н.А.;Русская литература;Эмигрантская литература;;;;Авантюрный роман;Последние новости;Париж;Газета;№4047;21.04.1932;3;Чердак
Н. К—гъ;Кнорринг Н.Н.;Детские книги к празднику;Обзорная статья;;Общее;Общее;;;;;Последние новости;Париж;Газета;№4047;21.04.1932;3;Чердак
Георгий Адамович;Адамович Г.В.;Литературные заметки;Рецензия на художественную книгу;Пастернак Б.Л.;Русская литература;Советская литература;;;;Охранная грамота;Последние новости;Париж;Газета;№4054;28.04.1932;2;Подвал
А.Ч.;;Морские рассказы;Рецензия на художественную книгу;Гефтер А.А.;Русская литература;Эмигрантская литература;;;;В море корабли;Последние новости;Париж;Газета;№4054;28.04.1932;3;Чердак
Кн. Сергей Волконский ;Волконский С.;Тургенев по-французски;Рецензия на перевод;;Французская литература;XXв.;Русская литература;2/2 XIXв.;Тургенев И.С.;Poêmes en prose, Nouveaux poêmes en prose;Последние новости;Париж;Газета;№4054;28.04.1932;3;Чердак
—ъ;Адамович Г.В.;«Цилиндр» Джейма Бэрри;Рецензия на художественную книгу;Бэрри Д.;Английская литература;XXв.;;;;Цилиндр;Последние новости;Париж;Газета;№4054;28.04.1932;3;Чердак
В. Вейдле;Вейдле В.В.;Потерянный рай;Обзорная статья;;Общее;Общее;;;;;Последние новости;Париж;Газета;№4063;07.05.1932;2;Подвал
Георгий Адамович;Адамович Г.В.;Литературные заметки;Рецензия на художественную книгу;Ладинский А.П.;Русская литература;Эмигрантская литература;;;;Северное сердце;Последние новости;Париж;Газета;№4068;12.05.1932;2;Подвал
Георгий Адамович;Адамович Г.В.;Литературные заметки;Рецензия на художественную книгу;Шкловский В.Б.;Русская литература;Советская литература;;;;Поиски оптимизма;Последние новости;Париж;Газета;№4068;12.05.1932;2;Подвал
Р. Словцов;Калишевич Н.В.;Новое собрание сочинений Блока;Рецензия на публикацию;;Русская литература;Советская литература;Русская литература;Начало XXв.;Блок А.А.;;Последние новости;Париж;Газета;№4068;12.05.1932;3;Подвал
М. Б.;Берхин М.;Франк Гаррис;Некролог;Харрис Ф.;Ирландская литература;2/2 XIXв.;;;;;Последние новости;Париж;Газета;№4068;12.05.1932;3;Чердак
Н. К—гъ;Кнорринг Н.Н.;«Сквозь ветер»;Рецензия на художественную книгу;;Русская литература;Советская литература;;;;Сквозь ветер;Последние новости;Париж;Газета;№4068;12.05.1932;3;Чердак
Георгий Адамович;Адамович Г.В.;Лукреция Сигарева;Рецензия на художественную книгу;Алексеев Г.В.;Русская литература;Советская литература;;;;Повесть о ненаписанном законе;Последние новости;Париж;Газета;№4071;15.05.1932;4;Подвал
Дионео;Шкловский И.В.;Письма В. Г. Короленко;Рецензия на публикацию;Публикатор;Русская литература;Советская литература;Русская литература;2/2 XIXв.;Короленко В.Г.;Избранные письма;Последние новости;Париж;Газета;№4072;16.05.1932;2;Подвал
Ю. Сазонова;Сазонова Ю.Л.;Персидские сказки;Обзорная статья;;Персидская литература;Общее;;;;Шахеризада;Последние новости;Париж;Газета;№4072;16.05.1932;3;Подвал
Н. Кнорринг;Кнорринг Н.Н.;Гете и Харьковский университет;Персональная статья;Гете И.;Немецкая литература;1/2 XIXв.;;;;;Последние новости;Париж;Газета;№4075;19.05.1932;2;Подвал
Ю. Сазонова;Сазонова Ю.Л.;Змеиный узел;Рецензия на художественную книгу;Мориак Ф.;Французская литература;XXв.;;;;Le Noeud de vipères;Последние новости;Париж;Газета;№4075;19.05.1932;3;Чердак
Р. Словцов;Калишевич Н.В.;Временник друзей русской книги;Рецензия на издание;;Русская литература;Эмигрантская литература;;;;Временник Общества друзей русской книги;Последние новости;Париж;Газета;№4075;19.05.1932;3;Подвал
Ю. Сазонова;Сазонова Ю.Л.;Жизнь сновидений;Обзорная статья;;Общее;Общее;;;;;Последние новости;Париж;Газета;№4076;20.05.1932;2;Подвал
В. Вейдле;Вейдле В.В.;Гатем и Зюлейка;Персональная статья;Гете И.;Немецкая литература;1/2 XIXв.;Немецкая литература;2/2 XIXв.;Виллер М. фон;;Последние новости;Париж;Газета;№4079;23.05.1932;2–3;Подвал
Георгий Адамович;Адамович Г.В.;О «пафосе Москвы»;Обзорная статья;;Русская литература;Советская литература;;;;;Последние новости;Париж;Газета;№4082;26.05.1932;2;Подвал
Р. Словцов;Калишевич Н.В.;Русские сказочники;Рецензия на публикацию;Публикатор;Русская литература;Советская литература;;;;Русская сказка;Последние новости;Париж;Газета;№4082;26.05.1932;3;Подвал
А.М.;;Новая пьеса Гауптмана;Рецензия на художественную книгу;Гауптман Г.;Немецкая литература;XXв.;;;;Перед закатом солнца;Последние новости;Париж;Газета;№4082;26.05.1932;3;Чердак
Г.А.;Адамович Г.В.;«До-тогда-потом»;Рецензия на художественную книгу;Снесарева-Козакова Н.;Русская литература;Эмигрантская литература;;;;До-тогда-потом;Последние новости;Париж;Газета;№4082;26.05.1932;3;Чердак
—ъ;Адамович Г.В.;После роспуска РАПП-а;Обзорная статья;;Русская литература;Советская литература;;;;;Последние новости;Париж;Газета;№4082;26.05.1932;3;Чердак
Ю. Сазонова;Сазонова Ю.Л.;Латинский квартал;Рецензия на художественную книгу;Шампион П.;Французская литература;XXв.;;;;Mon vieux quartier;Последние новости;Париж;Газета;№4083;27.05.1932;2—3;Подвал
Р.С.;Калишевич Н.В.;В лаборатории Анатоля Франса;Персональная статья;Франс А.;Французская литература;XXв.;;;;;Последние новости;Париж;Газета;№4084;29.05.1932;4;Чердак
Георгий Адамович;Адамович Г.В.;«Современные записки», кн. 49;Рецензия на художественную книгу;Сирин В. (Набоков В.В.);Русская литература;Эмигрантская литература;;;;Camera obsura;Последние новости;Париж;Газета;№4089;02.06.1932;2;Подвал
Георгий Адамович;Адамович Г.В.;«Современные записки», кн. 49;Рецензия на художественную книгу;Берберова Н.Н.;Русская литература;Эмигрантская литература;;;;Повелительница;Последние новости;Париж;Газета;№4089;02.06.1932;2;Подвал
Георгий Адамович;Адамович Г.В.;«Современные записки», кн. 49;Рецензия на художественную книгу;Газданов Г.И.;Русская литература;Эмигрантская литература;;;;Счастье;Последние новости;Париж;Газета;№4089;02.06.1932;2;Подвал
Георгий Адамович;Адамович Г.В.;«Современные записки», кн. 49;Рецензия на художественную книгу;Песков Г. (Дейша Е.А.);Русская литература;Эмигрантская литература;;;;Злая вечность;Последние новости;Париж;Газета;№4089;02.06.1932;2;Подвал
Георгий Адамович;Адамович Г.В.;«Современные записки», кн. 49;Рецензия на художественную книгу;Гиппиус З.Н.;Русская литература;Эмигрантская литература;;;;Над забвением;Последние новости;Париж;Газета;№4089;02.06.1932;22;Подвал
Георгий Адамович;Адамович Г.В.;«Современные записки», кн. 49;Рецензия на художественную книгу;Терапиано Ю.К.;Русская литература;Эмигрантская литература;;;;Стихи;Последние новости;Париж;Газета;№4089;02.06.1932;2;Подвал
Георгий Адамович;Адамович Г.В.;«Современные записки», кн. 49;Рецензия на художественную книгу;Поплавский Б.Ю.;Русская литература;Эмигрантская литература;;;;;Последние новости;Париж;Газета;№4089;02.06.1932;2;Подвал
Георгий Адамович;Адамович Г.В.;«Современные записки», кн. 49;Рецензия на художественную книгу;Эйснер А.В.;Русская литература;Эмигрантская литература;;;;Стихи;Последние новости;Париж;Газета;№4089;02.06.1932;2;Подвал
Георгий Адамович;Адамович Г.В.;«Современные записки», кн. 49;Рецензия на художественную книгу;Толстая А.Л.;Русская литература;Эмигрантская литература;;;;Мемуары;Последние новости;Париж;Газета;№4089;02.06.1932;2;Подвал
Георгий Адамович;Адамович Г.В.;«Современные записки», кн. 49;Рецензия на художественную книгу;Цетлин М.О.;Русская литература;Эмигрантская литература;;;;14-е декабря;Последние новости;Париж;Газета;№4089;02.06.1932;2;Подвал
Георгий Адамович;Адамович Г.В.;«Современные записки», кн. 49;Рецензия на художественную книгу;Алданов М.А.;Русская литература;Эмигрантская литература;Немецкая литература;1/2 XIXв.;Гете И.;К юбилею Гете;Последние новости;Париж;Газета;№4089;02.06.1932;2;Подвал
Ивелич;Берберова Н.Н.;По ту сторону;Рецензия на художественную книгу;Талызин М.;Русская литература;Эмигрантская литература;;;;По ту сторону;Последние новости;Париж;Газета;№4089;02.06.1932;3;Чердак
Ю. Сазонова;Сазонова Ю.Л.;"«Тот, через кого скандал вошел в мир» 
";Рецензия на исследование;Кассу Ж.;Французская литература;XXв.;Русская литература;1/2 XIXв.;Толстой Л.Н.;Grandeur et infamie de Tolstoi;Последние новости;Париж;Газета;№4090;03.06.1932;5;Подвал
Ивелич;Берберова Н.Н.;Былины в свете антропософии;Обзорная статья;;Общее;Общее;;;;;Последние новости;Париж;Газета;№4096;09.06.1932;3;Чердак
Георгий Адамович;Адамович Г.В.;Литературные заметки;Рецензия на художественную книгу;Лаврухин Д.И.;Русская литература;Советская литература;;;;Речь по поводу;Последние новости;Париж;Газета;№4096;09.06.1932;3;Подвал
Георгий Адамович;Адамович Г.В.;Литературные заметки;Рецензия на художественную книгу;Алексеев Г.В.;Русская литература;Советская литература;;;;Золотая канарейка;Последние новости;Париж;Газета;№4096;09.06.1932;3;Подвал
Георгий Адамович;Адамович Г.В.;Литературные заметки;Рецензия на художественную книгу;Никулин Л.В.;Русская литература;Советская литература;;;;Записки спутника;Последние новости;Париж;Газета;№4096;09.06.1932;3;Подвал
—ъ;Адамович Г.В.;Мемуары В. д-Ормесона;Рецензия на художественную книгу;д-Ормесон В.;Французская литература;XXв.;;;;Мемуары;Последние новости;Париж;Газета;№4096;09.06.1932;3;Чердак
Георгий Адамович;Адамович Г.В.;«Повесть о страданиях ума»;Рецензия на художественную книгу;Буданцев С.Ф.;Русская литература;Советская литература;;;;Повесть о страданиях ума;Последние новости;Париж;Газета;№4103;16.06.1932;2;Подвал
Ю. Сазонова;Сазонова Ю.Л.;Аргентинская эпопея;Рецензия на художественную книгу;Гальвес М.;Аргентинская литература;XXв.;;;;Смертные дороги;Последние новости;Париж;Газета;№4103;16.06.1932;3;Чердак
Георгий Адамович;Адамович Г.В.;Русские письма;Обзорная статья;;Русская литература;Советская литература;;;;;Последние новости;Париж;Газета;№4110;23.06.1932;3;Подвал
—ъ;Адамович Г.В.;Масарик о Достоевском;Рецензия на исследование;Масарик Т.Г.;Чешская литература;XXв.;Русская литература;2/2 XIXв.;Достоевский Ф.М.;;Последние новости;Париж;Газета;№4110;23.06.1932;3;Чердак
Г.А.;Адамович Г.В.;Лекция Д.С. Мережковского;Персональная статья;Мережковский Д.С.;Русская литература;Эмигрантская литература;;;;;Последние новости;Париж;Газета;№4110;23.06.1932;3;Чердак
Р. Словцов;Калишевич Н.В.;Из литературного прошлого;Рецензия на публикацию;Буш В.В.;Русская литература;Советская литература;Русская литература;2/2 XIXв.;Миллер О.Ф. ;Литература;Последние новости;Париж;Газета;№4110;23.06.1932;4;Подвал
Г.А.;Адамович Г.В.;Вечер Евг.Замятина;Персональная статья;Замятин Е.И.;Русская литература;Эмигрантская литература;;;;;Последние новости;Париж;Газета;№4113;26.06.1932;3;Чердак
Осоргин М.;Ильин M.A.;«Числа»;Рецензия на художественную книгу;Варшавский В.С.;Русская литература;Эмигрантская литература;;;;О «герое» эмигрантской молодой литературы;Последние новости;Париж;Газета;№4117;30.06.1932;2;Подвал
Осоргин М.;Ильин M.A.;«Числа»;Рецензия на художественную книгу;Фельзен Ю.;Русская литература;Эмигрантская литература;;;;Счастье;Последние новости;Париж;Газета;№4117;30.06.1932;2;Подвал
Осоргин М.;Ильин M.A.;«Числа»;Рецензия на художественную книгу;Шаршун С.И.;Русская литература;Эмигрантская литература;;;;Герой интересного романа;Последние новости;Париж;Газета;№4117;30.06.1932;2;Подвал
Осоргин М.;Ильин M.A.;«Числа»;Рецензия на художественную книгу;Буров А.;Русская литература;Эмигрантская литература;;;;;Последние новости;Париж;Газета;№4117;30.06.1932;2;Подвал
В. Вейдле;Вейдле В.В.;О романе;Обзорная статья;;Общее;Общее;;;;;Последние новости;Париж;Газета;№4117;30.06.1932;3;Чердак
Георгий Адамович;Адамович Г.В.;Беллетрист Н. Богданов;Рецензия на художественную книгу;Богданов Н.В.;Русская литература;Советская литература;;;;Вызов;Последние новости;Париж;Газета;№4117;30.06.1932;3;Чердак
Р. Словцов;Калишевич Н.В.;Эмиль Золя в России;Персональная статья;Золя Э.;Французская литература;2/2 XIXв.;;;;;Последние новости;Париж;Газета;№4117;30.06.1932;4;Подвал
Н. Кнорринг;Кнорринг Н.Н.;Граф В.А. Соллогуб;Персональная статья;Соллогуб В.А.;Русская литература;2/2 XIXв.;;;;;Последние новости;Париж;Газета;№4121;04.07.1932;2;Подвал
Георгий Адамович;Адамович Г.В.;Русские письма;Обзорная статья;;Русская литература;Советская литература;;;;;Последние новости;Париж;Газета;№4124;07.07.1932;2;Подвал
В. Вейдле;Вейдле В.В.;Критик «приближений»;Рецензия на художественную книгу;Ш. дю Бо;Французская литература;XXв.;Французская литература;1/2 XIXв.;Сент-Бёв Ш. О. де;;Последние новости;Париж;Газета;№4124;07.07.1932;3;Чердак
Р. Словцов;Калишевич Н.В.;Некрасов и цензура;Рецензия на публикацию;Публикатор;Русская литература;Советская литература;Русская литература;2/2 XIXв.;Некрасов Н.А.;Полное собрание стихотворений Н.А. Некрасова;Последние новости;Париж;Газета;№4124;07.07.1932;4;Подвал
Юниус;Кулишер А.М.;О печати;Обзорная статья;;Общее;Общее;Античная литература;Iв. до н.э.;Цицерон М.Т.;;Последние новости;Париж;Газета;№4125;08.07.1932;5;Подвал
Кузнецова Г.;Кузнецова Г.Н.;Дневник К. Мансфельд;Персональная статья;Мансфильд К.;Английская литература;XXв.;;;;Дневник;Последние новости;Париж;Газета;№4131;14.07.1932;2;Подвал
Бунин;Бунин И.А.;Памяти Ивана Савина;Некролог;Савин И.И.;Русская литература;Эмигрантская литература;;;;;Последние новости;Париж;Газета;№4131;14.07.1932;3;Чердак
В. Вейдле;Вейдле В.В.;Опыты Кокто;Рецензия на художественную книгу;Кокто Ж.;Французская литература;XXв.;;;;Essai de critique indirecte;Последние новости;Париж;Газета;№4131;14.07.1932;3;Чердак
Г.А.;Адамович Г.В.;«Время»;Рецензия на художественную книгу;Вихровский Н.;Русская литература;Эмигрантская литература;;;;Время;Последние новости;Париж;Газета;№4131;14.07.1932;3;Чердак
Р. Словцов;Калишевич Н.В.;Русские Беранже;Рецензия на публикацию;;Русская литература;Советская литература;Русская литература;2/2 XIXв.;Курочкин В.С.;В.С. Курочкин. Собрание стихотворений;Последние новости;Париж;Газета;№4131;14.07.1932;3;Подвал
Р. Словцов;Калишевич Н.В.;Неизданные письма М.Е. Салтыкова;Рецензия на публикацию;;Русская литература;Советская литература;Русская литература;2/2 XIXв.;Салтыков-Щедрин М.Е.;Неизведанные письма (1844—1889);Последние новости;Париж;Газета;№4136;19.07.1932;4;Подвал
Р. Словцов;Калишевич Н.В.;Салтыков и его «компания мушкетеров»;Рецензия на публикацию;;Русская литература;Советская литература;Русская литература;2/2 XIXв.;Салтыков-Щедрин М.Е.;Неизведанные письма (1844—1889);Последние новости;Париж;Газета;№4138;21.07.1932;3;Подвал
Георгий Адамович;Адамович Г.В.;Литературные заметки;Рецензия на художественную книгу;Караваева А.А.;Русская литература;Советская литература;;;;Крутая ступень;Последние новости;Париж;Газета;№4145;28.07.1932;3;Подвал
Георгий Адамович;Адамович Г.В.;Литературные заметки;Рецензия на художественную книгу;Павленко П.А.;Русская литература;Советская литература;;;;Пустыня;Последние новости;Париж;Газета;№4145;28.07.1932;3;Подвал
Георгий Адамович;Адамович Г.В.;Литературные заметки;Рецензия на художественную книгу;Дорогойченко А.Я.;Русская литература;Советская литература;;;;Ветер с гор;Последние новости;Париж;Газета;№4145;28.07.1932;3;Подвал
Н. К—гъ;Кнорринг Н.Н.;А.С. Грин;Персональная статья;Грин А.С.;Русская литература;Советская литература;;;;;Последние новости;Париж;Газета;№4145;28.07.1932;3;Чердак
Р. Словцов;Калишевич Н.В.;Дидро в Петербурге;Персональная статья;Дидро Д.;Французская литература;XVIIIв.;;;;;Последние новости;Париж;Газета;№4150;02.08.1932;5;Подвал
С.;Калишевич Н.В.;Дневники С.А. Толстой;Рецензия на публикацию;;Русская литература;Советская литература;Русская литература;2/2 XIXв.;Толстая С.А.;Дневники Софьи Андреевны;Последние новости;Париж;Газета;№4152;04.08.1932;3;Чердак
Н. К—гъ;Кнорринг Н.Н.;Новый роман Мих.Шолохова;Рецензия на художественную книгу;Шолохов М.М.;Русская литература;Советская литература;;;;Поднятая целина;Последние новости;Париж;Газета;№4152;04.08.1932;3;Чердак
Р. Словцов;Калишевич Н.В.;Братья Тургеневы;Рецензия на художественную книгу;Виноградов А.К.;Русская литература;Советская литература;;;;Повесть о братьях Тургеневых;Последние новости;Париж;Газета;№4152;04.08.1932;3;Подвал
Дон-Аминадо;Шполянский А.П.;Памяти Саши Черного;Некролог;Черный А.;Русская литература;Эмигрантская литература;;;;;Последние новости;Париж;Газета;№4155;07.08.1932;3;Чердак
Мих. Осоргин;Ильин M.A.;А.М. Черный;Некролог;Черный А.;Русская литература;Эмигрантская литература;;;;;Последние новости;Париж;Газета;№4155;07.08.1932;3;Чердак
Парчевский К.;Парчевский К.К.;Путь поэта;Некролог;Черный А.;Русская литература;Эмигрантская литература;;;;;Последние новости;Париж;Газета;№4155;07.08.1932;3;Чердак
Гиппиус З.;Гиппиус З.Н.;Литературный вечер;Персональная статья;Франс А.;Французская литература;XXв.;;;;;Последние новости;Париж;Газета;№4155;07.08.1932;4;Подвал
Грузенберг О.;Грузенберг О.О.;Памяти М.В. Ватсон;Некролог;Ватсон М.В.;Русская литература;Советская литература;;;;;Последние новости;Париж;Газета;№4155;07.08.1932;5;Подвал
В. Вейдле;Вейдле В.В.;Франкенштейн;Рецензия на художественную книгу;Шелли М.;Английская литература;1/2 XIXв.;;;;Франкенштейн;Последние новости;Париж;Газета;№4157;09.08.1932;3;Подвал
Р. Словцов;Калишевич Н.В.;Дневники С.А. Толстой;Рецензия на публикацию;;Русская литература;Советская литература;Русская литература;2/2 XIXв.;Толстая С.А.;Дневники Софьи Андреевны;Последние новости;Париж;Газета;№4157;09.08.1932;5;Подвал
Шлецер Б.;Шлецер Б.Ф.;Гете и музыка;Персональная статья;Гете И.;Немецкая литература;1/2 XIXв.;;;;;Последние новости;Париж;Газета;№4159;11.08.1932;2;Подвал
Георгий Адамович;Адамович Г.В.;Стихи;Обзорная статья;;Общее;Общее;;;;;Последние новости;Париж;Газета;№4159;11.08.1932;3;Подвал
Мих. Ос.;Ильин M.A.;Страна чудес;Рецензия на художественную книгу;Зензинов В.;Русская литература;Эмигрантская литература;;;;Le Chemin de l’Oubli;Последние новости;Париж;Газета;№4159;11.08.1932;3;Чердак
П.М.;Милюков П.Н.(?);«Буря над Европой»;Рецензия на перевод;Кампо С.;Французская литература;XXв.;Русская литература;Эмигрантская литература;Лович Я.Л.;Tempête sur l’Europe;Последние новости;Париж;Газета;№4159;11.08.1932;3;Чердак
Р. Словцов;Калишевич Н.В.;Новое о литературном прошлом;Рецензия на публикацию;;Русская литература;Советская литература;;;;Звенья. Сборники материалов и документов по истории литературы, искусства и общественной мысли XIX века;Последние новости;Париж;Газета;№4159;11.08.1932;4;Подвал
В. Сирин;Набоков В.В.;Памяти А.М. Черного;Некролог;Черный А.;Русская литература;Эмигрантская литература;;;;;Последние новости;Париж;Газета;№4161;13.08.1932;3;Чердак
А. М-чъ;;О звездах;Рецензия на художественную книгу;Баум В.;Австрийская литература;XXв.;;;;Ein Leben ohne Geheimniss;Последние новости;Париж;Газета;№4162;14.08.1932;4;Чердак
Р. Словцов;Калишевич Н.В.;Наши за-границей;Рецензия на публикацию;;Русская литература;Советская литература;Русская литература;2/2 XIXв.;Долгоруков П.В., Жукова Е.И., Чернышевский А.Н.;Звенья. Сборники материалов и документов по истории литературы, искусства и общественной мысли XIX века;Последние новости;Париж;Газета;№4164;16.08.1932;5;Подвал
М. Струве;Струве М.А.;Памяти Максимилиана Волошина;Некролог;Волошин М.А.;Русская литература;Советская литература;;;;;Последние новости;Париж;Газета;№4165;17.08.1932;2;Чердак
Георгий Адамович;Адамович Г.В.;Стихи;Обзорная статья;;Общее;Общее;;;;;Последние новости;Париж;Газета;№4166;18.08.1932;3;Подвал
В. Вейдле;Вейдле В.В.;Немецкие романы;Обзорная статья;;Немецкая литература;Общее;;;;;Последние новости;Париж;Газета;№4166;18.08.1932;3;Чердак
А.;Адамович Г.В.;«Le Mois»;Рецензия на издание;;Французская литература;XXв.;;;;;Последние новости;Париж;Газета;№4166;18.08.1932;3;Чердак
Р. Словцов;Калишевич Н.В.;Русский странник;Рецензия на публикацию;Печерин В.С.;Русская литература;1/2 XIXв.;;;;Замогильные записки;Последние новости;Париж;Газета;№4166;18.08.1932;4;Подвал
Кн. Сергей Волконский ;Волконский С.;«Индейский воздух»;Рецензия на художественную книгу;Моран П.;Французская литература;XXв.;Французская литература;XXв.;Лоти П.;Air Indien;Последние новости;Париж;Газета;№4166;18.08.1932;5;Чердак
Ю. Сазонова;Сазонова Ю.Л.;Париж;Рецензия на художественную книгу;Валлес Ж.;Французская литература;XXв.;;;;Le Tableau de Paris;Последние новости;Париж;Газета;№4168;20.08.1932;5;Подвал
Георгий Адамович;Адамович Г.В.;Книга, природа, человек;Обзорная статья;;Общее;Общее;;;;;Последние новости;Париж;Газета;№4169;21.08.1932;6;Подвал
Р. Словцов;Калишевич Н.В.;Средневековые мистерии;Обзорная статья;;Общее;Общее;;;;;Последние новости;Париж;Газета;№4171;23.08.1932;5;Подвал
Георгий Адамович;Адамович Г.В.;Литературные заметки;Рецензия на художественную книгу;Горький М.;Русская литература;Советская литература;;;;Жизнь Клима Самгина. Т. Т. 1, 2, 3;Последние новости;Париж;Газета;№4173;25.08.1932;3;Подвал
Ивелич;Берберова Н.Н.;«Пятнадцать и один»;Рецензия на художественную книгу;Шкапская М.М.;Русская литература;Советская литература;;;;Пятнадцать и один;Последние новости;Париж;Газета;№4173;25.08.1932;3;Чердак
Мих. Ос.;Ильин M.A.;«Тихон Тимофеич и его практика»;Рецензия на художественную книгу;Шишмарев С.Р.;Русская литература;Эмигрантская литература;;;;Тихон Тимофеич и его практика;Последние новости;Париж;Газета;№4173;25.08.1932;3;Чердак
Демидов И.;Демидов И.П.;«Авантюрный роман истории»;Рецензия на художественную книгу;Алданов М.А.;Русская литература;Эмигрантская литература;;;;Земли, люди;Последние новости;Париж;Газета;№4173;25.08.1932;4;Подвал
Р. Словцов;Калишевич Н.В.;Как Герцен стал «вечным изгнанником»;Персональная статья;Герцен А.И.;Русская литература;2/2 XIXв.;;;;;Последние новости;Париж;Газета;№4173;25.08.1932;5;Подвал
Парчевский К.;Парчевский К.К.;Россия в 44 веке;Рецензия на художественную книгу;Одоевский В.Ф.;Русская литература;1/2 XIXв.;;;;4338 год. Петербургские письма;Последние новости;Париж;Газета;№4176;28.08.1932;6;Подвал
Георгий Адамович;Адамович Г.В.;Литературные заметки;Рецензия на художественную книгу;Лебеденко А.Г.;Русская литература;Советская литература;;;;Тяжелый дивизион;Последние новости;Париж;Газета;№4180;01.09.1932;3;Подвал
Георгий Адамович;Адамович Г.В.;Литературные заметки;Рецензия на художественную книгу;Сельвинский И.Л.;Русская литература;Советская литература;;;;Пао-Пао;Последние новости;Париж;Газета;№4180;01.09.1932;3;Подвал
Георгий Адамович;Адамович Г.В.;Литературные заметки;Рецензия на художественную книгу;Олеша Ю.К.;Русская литература;Советская литература;;;;Записки попутчика Занда;Последние новости;Париж;Газета;№4180;01.09.1932;3;Подвал
Ивелич;Берберова Н.Н.;«Человек и его дело»;Рецензия на художественную книгу;Козаков М.М.;Русская литература;Советская литература;;;;Человек и его дело;Последние новости;Париж;Газета;№4180;01.09.1932;3;Чердак
В. Вейдле;Вейдле В.В.;Конец Бодлера;Персональная статья;Бодлер Ш.;Французская литература;2/2 XIXв.;;;;;Последние новости;Париж;Газета;№4181;02.09.1932;2;Подвал
Р. Словцов;Калишевич Н.В.;Литературные раскопки;Рецензия на публикацию;;Русская литература;Советская литература;Русская литература;2/2 XIXв.;Салтыков-Щедрин М.Е.;Литературное наследство. Т 3.;Последние новости;Париж;Газета;№4185;06.09.1932;4;Подвал
Р. Словцов;Калишевич Н.В.;Литературные раскопки;Рецензия на публикацию;;Русская литература;Советская литература;Русская литература;2/2 XIXв.;Козьма Прутков;Литературное наследство. Т 3.;Последние новости;Париж;Газета;№4185;06.09.1932;4;Подвал
Бунин;Бунин И.А.;О Волошине;Некролог;Волошин М.;Русская литература;Советская литература;;;;;Последние новости;Париж;Газета;№4187;08.09.1932;2–3;Подвал
М-ъ;;Сказка об Алеше;Рецензия на художественную книгу;Зубов П.Ю.;Русская литература;Эмигрантская литература;;;;Сказка об Алеше, его игрушках, киске, воробышке и сером зайчике;Последние новости;Париж;Газета;№4187;08.09.1932;3;Чердак
В. Вейдле;Вейдле В.В.;Стиль и человек;Рецензия на художественную книгу;Жироду Ж.;Французская литература;XXв.;;;;Textes choisis;Последние новости;Париж;Газета;№4187;08.09.1932;3;Чердак
Струве П.;Струве П.Б.;Руставели;Персональная статья;Руставели;Грузинская литература;XIIв.;;;;;Последние новости;Париж;Газета;№4190;11.09.1932;5;Подвал
Ек. Кускова;Кускова Е.Д.;Юбиляр;Юбилейная статья;Горький М.;Русская литература;Советская литература;;;;;Последние новости;Париж;Газета;№4191;12.09.1932;2–3;Подвал
Георгий Адамович;Адамович Г.В.;Новые веяния;Обзорная статья;;Русская литература;Советская литература;;;;;Последние новости;Париж;Газета;№4194;15.09.1932;2;Подвал
В. Вейдле;Вейдле В.В.;Бельгийские поэты;Обзорная статья;;Бельгийская литература;Общее;;;;;Последние новости;Париж;Газета;№4194;15.09.1932;3;Чердак
М.Б.;Берберова Н.Н.;Мемуары Эмиля Людвига;Рецензия на художественную книгу;Людвиг Э.;Немецкая литература;XXв.;;;;Мемуары;Последние новости;Париж;Газета;№4194;15.09.1932;3;Чердак
Р. Словцов;Калишевич Н.В.;Беллетристы—шестидесятники;Рецензия на публикацию;;Русская литература;Советская литература;Русская литература;2/2 XIXв.;Решетников Ф.М.;Дневник. Литературное наследство. Т. 3.;Последние новости;Париж;Газета;№4194;15.09.1932;3;Подвал
Георгий Адамович;Адамович Г.В.;Андрэ Жид и СССР;Рецензия на художественную книгу;Жид А.;Французская литература;XXв.;;;;Дневник;Последние новости;Париж;Газета;№4201;22.09.1932;2;Подвал
В. Вейдле;Вейдле В.В.;Вальтер Скотт;Юбилейная статья;Скотт В.;Английская литература;1/2 XIXв.;;;;;Последние новости;Париж;Газета;№4201;22.09.1932;3;Подвал
М.Б.;Берхин М.;Портретная галлерея Э. Людвига;Рецензия на художественную книгу;Людвиг Э.;Немецкая литература;XXв.;;;;Мемуары;Последние новости;Париж;Газета;№4202;23.09.1932;5;Подвал
А.Н.Т.;;Библиография;Рецензия на издание;;Русская литература;Эмигрантская литература;;;;Огоньки;Последние новости;Париж;Газета;№4204;25.09.1932;5;Чердак
Р. Словцов;Калишевич Н.В.;Лубочные герои;Рецензия на публикацию;;Французская литература;Фольклор;;;;Сartouche et Mandrin. D’apres les Livres de Colportage;Последние новости;Париж;Газета;№4206;27.09.1932;4;Подвал
Лясковский А.;Лясковский А.;Документы о Салтыкове;Рецензия на публикацию;;Русская литература;Советская литература;Русская литература;2/2 XIXв.;Салтыков-Щедрин М.Е.;Красная газета;Последние новости;Париж;Газета;№4208;29.09.1932;3;Чердак
Ивелич;Берберова Н.Н.;«Строительство СССР»;Рецензия на издание;;Русская литература;Советская литература;;;;Строительство СССР;Последние новости;Париж;Газета;№4208;29.09.1932;3;Чердак
М. Бенедиктов;Берхин М.;Юбилей «Морнинг Пост»;Юбилейная статья;;Английская литература;XXв.;;;;;Последние новости;Париж;Газета;№4208;29.09.1932;3;Чердак
С.;Калишевич Н.В.;Книжные новинки;Обзорная статья;;Русская литература;Эмигрантская литература;;;;;Последние новости;Париж;Газета;№4208;29.09.1932;3;Чердак
Милюков П.;Милюков П.Н.;50-й том «Современных записок»;Рецензия на издание;;Русская литература;Эмигрантская литература;;;;;Последние новости;Париж;Газета;№4215;06.10.1932;2;Подвал
Н. К—гъ;Кнорринг Н.Н.;«Рулетенбург»;Рецензия на художественную книгу;Гроссман Л.П.;Русская литература;Советская литература;;;;;Последние новости;Париж;Газета;№4215;06.10.1932;3;Чердак
Одинец Д.;Одинец Д.;Две книги для детей;Рецензия на исследование;Гофман М.Л.;Русская литература;Эмигрантская литература;;;;Русское правописание;Последние новости;Париж;Газета;№4215;06.10.1932;3;Чердак
Одинец Д.;Одинец Д.;Две книги для детей;Рецензия на исследование;Кульман Н.К.;Русская литература;Эмигрантская литература;;;;Как учить наших детей русскому языку;Последние новости;Париж;Газета;№4215;06.10.1932;3;Чердак
Мих. Ос.;Ильин M.A.;«Москва слезам не верит»;Рецензия на художественную книгу;Эренбург И.;Русская литература;Советская литература;;;;Москва слезам не верит;Последние новости;Париж;Газета;№4215;06.10.1932;3;Чердак
Георгий Адамович;Адамович Г.В.;Литературные заметки;Рецензия на художественную книгу;Левин Б.М.;Русская литература;Советская литература;;;;Жили два товарища;Последние новости;Париж;Газета;№4215;06.10.1932;3;Подвал
Р. Словцов;Калишевич Н.В.;А. Блок во Франции;Рецензия на публикацию;;Русская литература;Советская литература;Русская литература;Начало XXв.;Блок А.А.;Письма Александра Блока к родным. Т. 2.;Последние новости;Париж;Газета;№4220;11.10.1932;4;Подвал
Мих. Ос.;Ильин M.A.;«Орлиный взлет»;Рецензия на художественную книгу;Минцлов С.Р.;Русская литература;Эмигрантская литература;;;;Орлиный взлет;Последние новости;Париж;Газета;№4222;13.10.1932;3;Чердак
Даманская А.;Даманская А.;Маленькие люди;Рецензия на художественную книгу;Кейн И.;Немецкая литература;XXв.;;;;Das kunstseidene Mädchen;Последние новости;Париж;Газета;№4222;13.10.1932;3;Чердак
Даманская А.;Даманская А.;Маленькие люди;Рецензия на художественную книгу;Фаллад Г.;Немецкая литература;XXв.;;;;Kleiner Mann — was nun;Последние новости;Париж;Газета;№4222;13.10.1932;3;Чердак
А.М.;;«Станица»;Рецензия на издание;;Русская литература;Эмигрантская литература;;;;Станица;Последние новости;Париж;Газета;№4222;13.10.1932;3;Чердак
Р. Словцов;Калишевич Н.В.;Письма Блока к матери;Рецензия на публикацию;;Русская литература;Советская литература;Русская литература;Начало XXв.;Блок А.А.;Письма Александра Блока к родным. Т. 2.;Последние новости;Париж;Газета;№4222;13.10.1932;4;Подвал
Георгий Адамович;Адамович Г.В.;Комедиант;Рецензия на исследование;Кассу Ж.;Французская литература;XXв.;Русская литература;2/2 XIXв.;Толстой Л.Н.;Grandeur et infamie de Tolstoi;Последние новости;Париж;Газета;№4229;20.10.1932;2;Подвал
Н. К—гъ;Кнорринг Н.Н.;Что читают в эмиграции;Обзорная статья;;Русская литература;Эмигрантская литература;;;;;Последние новости;Париж;Газета;№4229;20.10.1932;3;Чердак
Мих. Осоргин;Ильин M.A.;Москва и молодость;Рецензия на художественную книгу;Куприн А.И.;Русская литература;Эмигрантская литература;;;;Юнкера;Последние новости;Париж;Газета;№4229;20.10.1932;3;Чердак
А. С.;Седых А.(?);У Эмиля Людвига;Персональная статья;Людвиг Э.;Немецкая литература;XXв.;;;;;Последние новости;Париж;Газета;№4236;27.10.1932;2;Чердак
Георгий Адамович;Адамович Г.В.;«Современные записки», кн. 50-я;Рецензия на художественную книгу;Алданов М.А.;Русская литература;Эмигрантская литература;;;;Пещера;Последние новости;Париж;Газета;№4236;27.10.1932;3;Подвал
Георгий Адамович;Адамович Г.В.;«Современные записки», кн. 50-я;Рецензия на художественную книгу;Куприн А.И.;Русская литература;Эмигрантская литература;;;;Жанет;Последние новости;Париж;Газета;№4236;27.10.1932;3;Подвал
Георгий Адамович;Адамович Г.В.;«Современные записки», кн. 50-я;Рецензия на художественную книгу;Ремизов А.М.;Русская литература;Эмигрантская литература;;;;Края гиппопотама;Последние новости;Париж;Газета;№4236;27.10.1932;3;Подвал
Георгий Адамович;Адамович Г.В.;«Современные записки», кн. 50-я;Рецензия на художественную книгу;Сирин В. (Набоков В.В.);Русская литература;Эмигрантская литература;;;;Камера обскура;Последние новости;Париж;Газета;№4236;27.10.1932;3;Подвал
Георгий Адамович;Адамович Г.В.;«Современные записки», кн. 50-я;Рецензия на художественную книгу;Газданов Г.И.;Русская литература;Эмигрантская литература;;;;;Последние новости;Париж;Газета;№4236;27.10.1932;3;Подвал
Георгий Адамович;Адамович Г.В.;«Современные записки», кн. 50-я;Рецензия на художественную книгу;Цветаева М.И.;Русская литература;Эмигрантская литература;;;;Искусство при свете совести;Последние новости;Париж;Газета;№4236;27.10.1932;3;Подвал
Георгий Адамович;Адамович Г.В.;«Современные записки», кн. 50-я;Рецензия на художественную книгу;Вышеславцев Б.П.;Русская литература;Эмигрантская литература;Русская литература;2/2 XIXв.;Достоевский Ф.М.;;Последние новости;Париж;Газета;№4236;27.10.1932;3;Подвал
Георгий Адамович;Адамович Г.В.;«Современные записки», кн. 50-я;Рецензия на художественную книгу;Толстая А.Л.;Русская литература;Эмигрантская литература;;;;Воспоминания;Последние новости;Париж;Газета;№4236;27.10.1932;3;Подвал
Мих. Ос.;Ильин M.A.;Подвиг;Рецензия на художественную книгу;Сирин В. (Набоков В.В.);Русская литература;Эмигрантская литература;;;;Подвиг;Последние новости;Париж;Газета;№4236;27.10.1932;3;Чердак
Н. К—гъ;Кнорринг Н.Н.;Красный Наполеон;Рецензия на художественную книгу;Гуль Р.;Русская литература;Эмигрантская литература;;;;Тухачевский;Последние новости;Париж;Газета;№4236;27.10.1932;3;Чердак
Р. Словцов;Калишевич Н.В.;Чехов на Сахалине;Персональная статья;Чехов А.П.;Русская литература;2/2 XIXв.;;;;;Последние новости;Париж;Газета;№4236;27.10.1932;4;Подвал
В. Вейдле;Вейдле В.В.;Россия на Западе;Обзорная статья;;Русская литература;Общее;;;;;Последние новости;Париж;Газета;№4238;29.10.1932;3;Подвал
Андрей Седых;Седых А.;У В.В. Сирина;Персональная статья;Сирин В. (Набоков В.В.);Русская литература;Эмигрантская литература;;;;;Последние новости;Париж;Газета;№4243;03.11.1932;2;Чердак
Георгий Адамович;Адамович Г.В.;Лжецы;Рецензия на художественную книгу;Герасимова В.А.;Русская литература;Советская литература;;;;Панцирь и забрало;Последние новости;Париж;Газета;№4250;10.11.1932;2;Подвал
А. С.;Седых А.(?);Последние дни Бодлера;Персональная статья;Бодлер Ш.;Французская литература;2/2 XIXв.;;;;;Последние новости;Париж;Газета;№4250;10.11.1932;3;Чердак
И.Д.;Демидов И.П.;«Иисус Неизвестный»;Рецензия на художественную книгу;Мережковский Д.С.;Русская литература;Эмигрантская литература;;;;Иисус Неизвестный;Последние новости;Париж;Газета;№4250;10.11.1932;3;Чердак
Н. К—гъ;Кнорринг Н.Н.;«Поднятая целина»;Рецензия на художественную книгу;Шолохов М.М.;Русская литература;Советская литература;;;;Поднятая целина;Последние новости;Париж;Газета;№4250;10.11.1932;3;Чердак
Георгий Адамович;Адамович Г.В.;Литературные заметки;Рецензия на художественную книгу;Берберова Н.Н.;Русская литература;Эмигрантская литература;;;;Повелительница;Последние новости;Париж;Газета;№4257;17.11.1932;2;Подвал
Георгий Адамович;Адамович Г.В.;Литературные заметки;Рецензия на художественную книгу;Катаев В.П.;Русская литература;Советская литература;;;;Время, вперед!;Последние новости;Париж;Газета;№4257;17.11.1932;2;Подвал
М. Б.;Берхин М.;Записные книжки Ибсена;Рецензия на публикацию;Ибсен Г.;Норвежская литература;2/2 XIXв.;;;;;Последние новости;Париж;Газета;№4257;17.11.1932;3;Чердак
Р. Словцов;Калишевич Н.В.;Новое о Грибоедове;Рецензия на публикацию;Грибоедов А.С;Русская литература;1/2 XIXв.;;;;Путевые записки;Последние новости;Париж;Газета;№4257;17.11.1932;3;Подвал
Даманская А.;Даманская А.;Герард Гауптман;Юбилейная статья;Гауптман Г.;Немецкая литература;XXв.;;;;;Последние новости;Париж;Газета;№4257;17.11.1932;4;Подвал
Р. Словцов;Калишевич Н.В.;Парижские газеты;Обзорная статья;;Французская литература;Общее;;;;;Последние новости;Париж;Газета;№4262;22.11.1932;3;Подвал
Георгий Адамович;Адамович Г.В.;Заметки о советской литературе;Обзорная статья;;Русская литература;Советская литература;;;;;Последние новости;Париж;Газета;№4264;24.11.1932;2;Подвал
Ивелич;Берберова Н.Н.;Испания Эренбурга;Рецензия на художественную книгу;Эренбург И.;Русская литература;Советская литература;;;;;Последние новости;Париж;Газета;№4264;24.11.1932;3;Чердак
Н. К—гъ;Кнорринг Н.Н.;Что читают в эмиграции;Обзорная статья;;Русская литература;Эмигрантская литература;;;;;Последние новости;Париж;Газета;№4264;24.11.1932;3;Чердак
Юниус;Кулишер А.М.;Затравленный;Персональная статья;По Э.А.;Американская литература;1/2 XIXв.;;;;;Последние новости;Париж;Газета;№4266;26.11.1932;4;Подвал
Н. Ст.;Ильин M.A.;"Идея В.В. Вересаева 
";Рецензия на художественную книгу;Вересаев В.В.;Русская литература;Советская литература;;;;Сестры;Последние новости;Париж;Газета;№4271;01.12.1932;3;Чердак
Н. К—гъ;Кнорринг Н.Н.;Новое издание Тургенева ;Рецензия на публикацию;;Русская литература;Советская литература;Русская литература;2/2 XIXв.;Тургенев И.С.;;Последние новости;Париж;Газета;№4271;01.12.1932;3;Чердак
М-ъ;;О писателе и о критике ;Обзорная статья;;Английская литература;Общее;;;;;Последние новости;Париж;Газета;№4271;01.12.1932;3;Чердак
Р. Словцов;Калишевич Н.В.;Русский якобинец;Рецензия на публикацию;;Русская литература;Советская литература;Русская литература;2/2 XIXв.;Ткачев П.Н.;Избранные сочинения;Последние новости;Париж;Газета;№4271;01.12.1932;4;Подвал
Г.А.;Адамович Г.В.;100-летие Бьернсона;Юбилейная статья;Бьернсон Б.;Норвежская литература;2/2 XIXв.;;;;;Последние новости;Париж;Газета;№4278;08.12.1932;3;Чердак
Н. Ст.;Ильин M.A.;«Иудея»;Рецензия на художественную книгу;Теплицкий Л.Д.;Русская литература;Эмигрантская литература;;;;;Последние новости;Париж;Газета;№4278;08.12.1932;3;Чердак
С.;Калишевич Н.В.;Источник одной главы «Воскресения»;Рецензия на художественную книгу;Толстой Л.Н.;Русская литература;2/2 XIXв.;;;;Воскресение;Последние новости;Париж;Газета;№4278;08.12.1932;3;Чердак
Георгий Адамович;Адамович Г.В.;Литературные заметки;Рецензия на художественную книгу;Фельзен Ю.;Русская литература;Эмигрантская литература;;;;Счастье;Последние новости;Париж;Газета;№4278;08.12.1932;3;Подвал
Георгий Адамович;Адамович Г.В.;Литературные заметки;Рецензия на художественную книгу;Таль А.;Русская литература;Эмигрантская литература;;;;Клетчатое солнце;Последние новости;Париж;Газета;№4278;08.12.1932;3;Подвал
А. В.;;Антоний Слонимский о советской России;Персональная статья;Слонимский А.;Польская литература;XXв.;;;;;Последние новости;Париж;Газета;№4282;12.12.1932;2;Подвал
Н. К—гъ;Кнорринг Н.Н.;М. Горький в Петропавловской крепости;Персональная статья;Горький М.;Русская литература;Советская литература;;;;;Последние новости;Париж;Газета;№4285;15.12.1932;3;Чердак
Георгий Адамович;Адамович Г.В.;Заметки о советской литературе;Рецензия на художественную книгу;Сергеев-Ценский С.Н.;Русская литература;Советская литература;;;;Стремительное шоссе;Последние новости;Париж;Газета;№4285;15.12.1932;3;Подвал
Георгий Адамович;Адамович Г.В.;Заметки о советской литературе;Рецензия на художественную книгу;Герасимова В.А.;Русская литература;Советская литература;;;;Свидетели с нашей стороны;Последние новости;Париж;Газета;№4285;15.12.1932;3;Подвал
Р. Словцов;Калишевич Н.В.;«Искра» и ее подражатели ;Обзорная статья;;Русская литература;2/2 XIXв.;;;;;Последние новости;Париж;Газета;№4292;22.12.1932;3;Подвал
Милюков П.;Милюков П.Н.;Новая историческая повесть;Рецензия на художественную книгу;Булгакова Е.И.;Русская литература;Эмигрантская литература;;;;Царевна Софья;Последние новости;Париж;Газета;№4292;22.12.1932;3;Чердак
Н. Ст.;Ильин M.A.;История одной жизни ;Рецензия на художественную книгу;Воложанин О.А.;Русская литература;Эмигрантская литература;;;;История одной жизни;Последние новости;Париж;Газета;№4292;22.12.1932;3;Чердак
Б. В.;;«Баба-Яга»;Рецензия на художественную книгу;Тэффи Н.А.;Русская литература;Эмигрантская литература;;;;Народная сказка Баба-Яга;Последние новости;Париж;Газета;№4292;22.12.1932;3;Чердак
Р. Словцов;Калишевич Н.В.;Пять лет в Петербурге;Рецензия на публикацию;;Французская литература;XXв.;Французская литература;2/2 XIXв.;Вогюэ М. де;Дневник Мельхиора де Вогюэ ;Последние новости;Париж;Газета;№4297;27.12.1932;3;Подвал
В. Вейдле;Вейдле В.В.;Густав Мейринк;Некролог;Майринк Г.;Австрийская литература;XXв.;;;;;Последние новости;Париж;Газета;№4297;27.12.1932;5;Подвал
Р. Словцов;Калишевич Н.В.;После 1-го марта ;Рецензия на публикацию;;Французская литература;XXв.;Французская литература;2/2 XIXв.;Вогюэ М. де;Дневник Мельхиора де Вогюэ ;Последние новости;Париж;Газета;№4299;29.12.1932;2;Подвал
В. Вейдле;Вейдле В.В.;Конрад-Фердинанд Мейер;Персональная статья;Мейер К.-Ф.;Швейцарская литература;2/2 XIXв.;;;;;Последние новости;Париж;Газета;№4299;29.12.1932;3;Чердак
Георгий Адамович;Адамович Г.В.;Гоголь;Персональная статья;Гоголь Н.В.;Русская литература;1/2 XIXв.;;;;;Последние новости;Париж;Газета;№4299;29.12.1932;3;Подвал
Георгий Адамович;Адамович Г.В.;Литературные заметки;Рецензия на художественную книгу;Леонов Л.М.;Русская литература;Советская литература;;;;Скутаревский;Последние новости;Париж;Газета;№4306;05.01.1933;2;Подвал
Ю. Сазонова;Сазонова Ю.Л.;Графиня Сегюр;Персональная статья;Сегюр С.Ф.;Французская литература;2/2 XIXв.;;;;;Последние новости;Париж;Газета;№4309;08.01.1933;4—5;Подвал
Р. Словцов;Калишевич Н.В.;«Парижские тайны»;Рецензия на художественную книгу;Сю Э.;Французская литература;1/2 XIXв.;;;;Парижские тайны;Последние новости;Париж;Газета;№4311;10.01.1933;4—5;Подвал
Антон Крайний;Гиппиус З.Н.;Живая книга;Рецензия на художественную книгу;Таманин Т. (Манухина Т.И.);Русская литература;Эмигрантская литература;;;;Отечество;Последние новости;Париж;Газета;№4313;12.01.1933;2—3;Подвал
Милюков П.;Милюков П.Н.;—;Рецензия на художественную книгу;Таманин Т. (Манухина Т.И.);Русская литература;Эмигрантская литература;;;;Отечество;Последние новости;Париж;Газета;№4313;12.01.1933;3;Подвал
Г.А.;Адамович Г.В.;Сов.литература в 1933 году;Обзорная статья;;Русская литература;Советская литература;;;;;Последние новости;Париж;Газета;№4313;12.01.1933;3;Чердак
А. Д.;Даманская А.;Беседы с Гауптманом;Рецензия на художественную книгу;Шапиро Ж.;Немецкая литература;XXв.;Немецкая литература;XXв.;Гауптман Г.;Gespräche mit G. Hauptmann;Последние новости;Париж;Газета;№4313;12.01.1933;3;Чердак
Георгий Адамович;Адамович Г.В.;«Числа»;Рецензия на художественную книгу;Алферов А.;Русская литература;Эмигрантская литература;;;;Дурачье;Последние новости;Париж;Газета;№4320;19.01.1933;2;Подвал
Георгий Адамович;Адамович Г.В.;«Числа»;Рецензия на художественную книгу;Бакунина Е.В.;Русская литература;Эмигрантская литература;;;;Тело;Последние новости;Париж;Газета;№4320;19.01.1933;2;Подвал
Георгий Адамович;Адамович Г.В.;«Числа»;Рецензия на художественную книгу;Штейгер А.С.;Русская литература;Эмигрантская литература;;;;Кирпичики;Последние новости;Париж;Газета;№4320;19.01.1933;2;Подвал
Георгий Адамович;Адамович Г.В.;«Числа»;Рецензия на художественную книгу;Фельзен Ю.;Русская литература;Эмигрантская литература;;;;Письма о Лермонтове;Последние новости;Париж;Газета;№4320;19.01.1933;2;Подвал
Георгий Адамович;Адамович Г.В.;«Числа»;Рецензия на художественную книгу;Гиппиус З.Н.;Русская литература;Эмигрантская литература;;;;Перламутровая трость;Последние новости;Париж;Газета;№4320;19.01.1933;2;Подвал
Георгий Адамович;Адамович Г.В.;«Числа»;Рецензия на художественную книгу;Оцуп Н.А.;Русская литература;Эмигрантская литература;;;;Стихи;Последние новости;Париж;Газета;№4320;19.01.1933;2;Подвал
Георгий Адамович;Адамович Г.В.;«Числа»;Рецензия на художественную книгу;Иванов Г.В.;Русская литература;Эмигрантская литература;;;;Стихи;Последние новости;Париж;Газета;№4320;19.01.1933;2;Подвал
Георгий Адамович;Адамович Г.В.;«Числа»;Рецензия на статью;Терапиано Ю.К.;Русская литература;Эмигрантская литература;;;;О человеке тридцатых годов;Последние новости;Париж;Газета;№4320;19.01.1933;2;Подвал
Георгий Адамович;Адамович Г.В.;«Числа»;Рецензия на статью;Формаков А.И.;Русская литература;Эмигрантская литература;;;;О двух могилах;Последние новости;Париж;Газета;№4320;19.01.1933;2;Подвал
Дионео;Кулишер А.М.;С.Я.Елпатьевский;Некролог;Елпатьевский С.Я.;Русская литература;Советская литература;;;;;Последние новости;Париж;Газета;№4320;19.01.1933;3;Чердак
С.;Калишевич Н.В.;15-летие «Петрополиса»;Юбилейная статья;;Русская литература;Эмигрантская литература;;;;;Последние новости;Париж;Газета;№4320;19.01.1933;3;Чердак
Р. Словцов;Калишевич Н.В.;Промахи писателей;Обзорная статья;;Русская литература;Общее;;;;;Последние новости;Париж;Газета;№4320;19.01.1933;3;Подвал
Мих. Осоргин;Ильин M.A.;Грибоедов по-итальянски;Рецензия на перевод;Вердинуа Ф.;Итальянская литература;XXв.;Русская литература;1/2 XIXв.;Грибоедов А.С.;;Последние новости;Париж;Газета;№4320;19.01.1933;4;Подвал
Ю. Сазонова;Сазонова Ю.Л.;Суета сует;Рецензия на художественную книгу;Моруа А.;Французская литература;XXв.;;;;Mes songes que voici ;Последние новости;Париж;Газета;№4324;23.01.1933;2;Подвал
Р. Словцов;Калишевич Н.В.;Чехов—журналист;Персональная статья;Чехов А.П.;Русская литература;2/2 XIXв.;;;;;Последние новости;Париж;Газета;№4327;26.01.1933;3;Подвал
В. Вейдле;Вейдле В.В.;Джордж Мур;Некролог;Мур Д.;Английская литература;XXв.;;;;;Последние новости;Париж;Газета;№4328;27.01.1933;3;Чердак
Георгий Адамович;Адамович Г.В.;В подполье;Рецензия на художественную книгу;Иринин М.С.;Русская литература;Советская литература;;;;Бунт на коленях;Последние новости;Париж;Газета;№4334;02.02.1933;3;Подвал
М. Алданов;Алданов М.А.;Джон Голсуорси;Некролог;Голсуорси Д.;Английская литература;XXв.;;;;;Последние новости;Париж;Газета;№4334;02.02.1933;3;Чердак
Н. К—гъ;Кнорринг Н.Н.;Японский роман;Рецензия на художественную книгу;Кикучи К.;Японская литература;XXв.;;;;Дама с жемчужиной;Последние новости;Париж;Газета;№4334;02.02.1933;3;Чердак
А. Д.;Даманская А.;Свидетель;Рецензия на художественную книгу;Фейхтвангер Л.;Немецкая литература;XXв.;;;;Der jüdische Krieg;Последние новости;Париж;Газета;№4334;02.02.1933;3;Чердак
Ю. Сазонова;Сазонова Ю.Л.;Судьба литературных тем;Обзорная статья;;Русская литература;Общее;;;;;Последние новости;Париж;Газета;№4336;04.02.1933;4;Подвал
Георгий Адамович;Адамович Г.В.;Стихи Пастернака;Рецензия на художественную книгу;Пастернак Б.Л.;Русская литература;Советская литература;;;;Второе рождение;Последние новости;Париж;Газета;№4341;09.02.1933;3;Подвал
Мих. Ос.;Ильин M.A.;Судьба Н.С.Лескова;Рецензия на публикацию;;Русская литература;Советская литература;Русская литература;2/2 XIXв.;Лесков Н.С.;Академия Очарованный странник;Последние новости;Париж;Газета;№4341;09.02.1933;3;Чердак
Р. Словцов;Калишевич Н.В.;От Гете до Кропоткина;Рецензия на издание;;Русская литература;Советская литература;;;;Звенья. Сборники материалов и документов по истории литературы, искусства и общественной мысли XIX века;Последние новости;Париж;Газета;№4341;09.02.1933;4;Подвал
В. Жаботинский;Жаботинский В.;Х.Н. Бялик;Юбилейная статья;Бялик Х.Н.;Еврейская литература;XXв.;;;;;Последние новости;Париж;Газета;№4342;10.02.1933;3;Подвал
Ю. С.;Сазонова Ю.Л.;Материнство;Рецензия на художественную книгу;Ратель С.;Французская литература;XXв.;;;;La Maison des Bories;Последние новости;Париж;Газета;№4348;16.02.1933;3;Чердак
Георгий Адамович;Адамович Г.В.;Игрок;Рецензия на художественную книгу;Гроссман Л.П.;Русская литература;Советская литература;Русская литература;2/2 XIXв.;Достоевский Ф.М.;Достоевский за рулеткой;Последние новости;Париж;Газета;№4350;18.02.1933;3;Подвал
Георгий Адамович;Адамович Г.В.;Игрок;Рецензия на издание;;Немецкая литература;XXв.;Русская литература;2/2 XIXв.;Достоевский Ф.М.;Достоевский за рулеткой;Последние новости;Париж;Газета;№4350;18.02.1933;3;Подвал
Ю. Сазонова;Сазонова Ю.Л.;Кукольный Фауст;Обзорная статья;;Немецкая литература;Общее;;;;;Последние новости;Париж;Газета;№4350;18.02.1933;4;Подвал
В. Жаботинский;Жаботинский В.;О романе Фейхтвангера;Рецензия на художественную книгу;Фейхтвангер Л.;Немецкая литература;XXв.;;;;Иудейская война;Последние новости;Париж;Газета;№4355;23.02.1933;2;Подвал
Мих. Ос.;Ильин M.A.;Портреты советских писателей;Рецензия на художественную книгу;Слоним М.Л.;Русская литература;Эмигрантская литература;;;;Портреты советских писателей;Последние новости;Париж;Газета;№4355;23.02.1933;3;Чердак
Георгий Адамович;Адамович Г.В.;Заметки о советской литературе;Рецензия на художественную книгу;Павленко П.А.;Русская литература;Советская литература;;;;Баррикады;Последние новости;Париж;Газета;№4355;23.02.1933;3;Подвал
Георгий Адамович;Адамович Г.В.;Заметки о советской литературе;Рецензия на художественную книгу;Толстой А.Н.;Русская литература;Советская литература;;;;Петр 1;Последние новости;Париж;Газета;№4355;23.02.1933;3;Подвал
Георгий Адамович;Адамович Г.В.;Заметки о советской литературе;Рецензия на художественную книгу;Лебеденко А.Г.;Русская литература;Советская литература;;;;Тяжелый дивизион;Последние новости;Париж;Газета;№4355;23.02.1933;3;Подвал
Георгий Адамович;Адамович Г.В.;Заметки о советской литературе;Рецензия на художественную книгу;Кольцов М.Е.;Русская литература;Советская литература;;;;Свои и чужие;Последние новости;Париж;Газета;№4355;23.02.1933;3;Подвал
Р. Словцов;Калишевич Н.В.;Толстой в Севастополе;Рецензия на публикацию;;Русская литература;Советская литература;Русская литература;2/2 XIXв.;Толстой Л.Н.;Полное собрание сочинений;Последние новости;Париж;Газета;№4355;23.02.1933;4;Подвал
А.;Адамович Г.В.;Поэма Руставели в переводе Бальмонта;Рецензия на перевод;Бальмонт К.Д.;Русская литература;Эмигрантская литература;Грузинская литература;XIIв.;Руставели;Носящий барсову шкуру;Последние новости;Париж;Газета;№4262;02.03.1933;3;Чердак
Георгий Адамович;Адамович Г.В.;«Современные записки», кн. 51-я;Рецензия на художественную книгу;Зайцев Б.К.;Русская литература;Эмигрантская литература;;;;Дом в Пасси;Последние новости;Париж;Газета;№4262;02.03.1933;3;Подвал
Георгий Адамович;Адамович Г.В.;«Современные записки», кн. 51-я;Рецензия на художественную книгу;Алданов М.А.;Русская литература;Эмигрантская литература;;;;Пещера;Последние новости;Париж;Газета;№4262;02.03.1933;3;Подвал
Георгий Адамович;Адамович Г.В.;«Современные записки», кн. 51-я;Рецензия на художественную книгу;Сирин В. (Набоков В.В.);Русская литература;Эмигрантская литература;;;;Camera obscura;Последние новости;Париж;Газета;№4262;02.03.1933;3;Подвал
Георгий Адамович;Адамович Г.В.;«Современные записки», кн. 51-я;Рецензия на художественную книгу;Зуров Л.Ф.;Русская литература;Эмигрантская литература;;;;Древний путь;Последние новости;Париж;Газета;№4262;02.03.1933;3;Подвал
Георгий Адамович;Адамович Г.В.;«Современные записки», кн. 51-я;Рецензия на художественную книгу;Бальмонт К.Д.;Русская литература;Эмигрантская литература;;;;Стихи;Последние новости;Париж;Газета;№4262;02.03.1933;3;Подвал
Георгий Адамович;Адамович Г.В.;«Современные записки», кн. 51-я;Рецензия на художественную книгу;Ладинский А.П.;Русская литература;Эмигрантская литература;;;;Стихи;Последние новости;Париж;Газета;№4262;02.03.1933;3;Подвал
Георгий Адамович;Адамович Г.В.;«Современные записки», кн. 51-я;Рецензия на художественную книгу;Смоленский В.А.;Русская литература;Эмигрантская литература;;;;Стихи;Последние новости;Париж;Газета;№4262;02.03.1933;3;Подвал
Георгий Адамович;Адамович Г.В.;«Современные записки», кн. 51-я;Рецензия на художественную книгу;Пиотровский В.;Русская литература;Эмигрантская литература;;;;Стихи;Последние новости;Париж;Газета;№4262;02.03.1933;3;Подвал
Георгий Адамович;Адамович Г.В.;«Современные записки», кн. 51-я;Рецензия на художественную книгу;Ремизов А.М.;Русская литература;Эмигрантская литература;;;;Чинг-Чанг;Последние новости;Париж;Газета;№4262;02.03.1933;3;Подвал
Георгий Адамович;Адамович Г.В.;«Современные записки», кн. 51-я;Рецензия на статью;Бицилли П.М.;Русская литература;Эмигрантская литература;;;;Жизнь и литература;Последние новости;Париж;Газета;№4262;02.03.1933;3;Подвал
Георгий Адамович;Адамович Г.В.;«Современные записки», кн. 51-я;Рецензия на художественную книгу;Толстая А.Л.;Русская литература;Эмигрантская литература;;;;Воспоминания;Последние новости;Париж;Газета;№4262;02.03.1933;3;Подвал
Георгий Адамович;Адамович Г.В.;«Современные записки», кн. 51-я;Рецензия на художественную книгу;Цветаева М.И.;Русская литература;Эмигрантская литература;;;;Дом;Последние новости;Париж;Газета;№4262;02.03.1933;3;Подвал
Р. Словцов;Калишевич Н.В.;Новое о Толстом;Рецензия на публикацию;Толстой Л.Н.;Русская литература;2/2 XIXв.;;;;Полное собрание сочинений;Последние новости;Париж;Газета;№4262;02.03.1933;4;Подвал
Ю. Сазонова;Сазонова Ю.Л.;Безжизненная жизнь;Рецензия на художественную книгу;Жироду Ж.;Французская литература;XXв.;;;;Сентиментальная Франция;Последние новости;Париж;Газета;№4264;04.03.1933;4;Подвал
Р. Словцов;Калишевич Н.В.;Огаревское наследство;Рецензия на исследование;Черняк Я.З.;Русская литература;Советская литература;Русская литература;2/2 XIXв.;Некрасов Н.А., Огарев Н.П., Панаева А.Я.;Огарев, Некрасов, Герцен, Чернышевский в споре об огаревском наследстве;Последние новости;Париж;Газета;№4367;07.03.1933;4;Подвал
Ивелич;Берберова Н.Н.;«За рубежом»;Рецензия на издание;;Русская литература;Советская литература;;;;За рубежом;Последние новости;Париж;Газета;№4369;09.03.1933;3;Чердак
Ю. Сазонова;Сазонова Ю.Л.;«Смерть и жизнь»;Рецензия на художественную книгу;Монтерлан А. де;Французская литература;XXв.;;;;Mors et Vita;Последние новости;Париж;Газета;№4369;09.03.1933;3;Чердак
Георгий Адамович;Адамович Г.В.;Человеческий документ;Рецензия на художественную книгу;Бакунина Е.В.;Русская литература;Эмигрантская литература;;;;Тело;Последние новости;Париж;Газета;№4369;09.03.1933;3;Подвал
Р. Словцов;Калишевич Н.В.;Козьма Прутков по-марксистски;Рецензия на исследование;Берков П.Н.;Русская литература;2/2 XIXв.;Русская литература;2/2 XIXв.;Козьма Прутков;Козьма Прутков, директор пробирной палатки и поэт;Последние новости;Париж;Газета;№4369;09.03.1933;4;Подвал
Георгий Адамович;Адамович Г.В.;Дневник Мариэтты Шагинян;Рецензия на художественную книгу;Шагинян М.С.;Русская литература;Советская литература;;;;Дневник;Последние новости;Париж;Газета;№4376;16.03.1933;3;Подвал
Н. В.;;В.Л. Биншток;Некролог;Биншток В.Л.;Русская литература;Эмигрантская литература;;;;;Последние новости;Париж;Газета;№4376;16.03.1933;3;Чердак
Р. Словцов;Калишевич Н.В.;«В мире отверженных»;Рецензия на публикацию;;Русская литература;Советская литература;Русская литература;2/2 XIXв.;Мельшин Л. (П. Якубович);В мире отверженных;Последние новости;Париж;Газета;№4376;16.03.1933;4;Подвал
Георгий Адамович;Адамович Г.В.;Лесков и Толстой;Рецензия на художественную книгу;Микулич В. (Л.И. Веселитская);Русская литература;Советская литература;Русская литература;2/2 XIXв.;Толстой Л.Н., Лесков Н.С.;Встречи;Последние новости;Париж;Газета;№4383;23.03.1933;3;Подвал
Ю. Сазонова;Сазонова Ю.Л.;Родовой культ;Рецензия на художественную книгу;Мориак Ф.;Французская литература;XXв.;;;;Le Mystery Frontenac;Последние новости;Париж;Газета;№4383;23.03.1933;3;Чердак
—вичъ;Адамович Г.В.;Новое путешествие Дон-Кихота;Рецензия на художественную книгу;Сервантес М. де;Испанская литература;Общее;;;;;Последние новости;Париж;Газета;№4383;23.03.1933;3;Чердак
Ю. Сазонова;Сазонова Ю.Л.;Злобное наваждение;Рецензия на художественную книгу;Демезон А.;Французская литература;XXв.;;;;Tropique;Последние новости;Париж;Газета;№4385;25.03.1933;3;Подвал
Георгий Адамович;Адамович Г.В.;Литературные заметки;Рецензия на художественную книгу;Седых А.;Русская литература;Эмигрантская литература;;;;Люди за бортом;Последние новости;Париж;Газета;№4390;30.03.1933;3;Подвал
Георгий Адамович;Адамович Г.В.;Литературные заметки;Рецензия на художественную книгу;Березовский С.;Русская литература;Эмигрантская литература;;;;Красная шкатулка;Последние новости;Париж;Газета;№4390;30.03.1933;3;Подвал
Ю. Сазонова;Сазонова Ю.Л.;Спящая красавица;Рецензия на художественную книгу;Сюпервьель Ж.;Французская литература;XXв.;;;;La Belle au bois;Последние новости;Париж;Газета;№4390;30.03.1933;3;Чердак
А.Н.Т.;;«Журнал Содружества»;Рецензия на издание;;Русская литература;Советская литература;;;;Журнал Содружества;Последние новости;Париж;Газета;№4390;30.03.1933;3;Чердак
Мих. Ос.;Ильин M.A.;Русская литература под тропиками;Рецензия на перевод;Зельцов Ю.Л.;Бразильская литература;XXв.;Русская литература;Общее;;Bibliotheca de auctores russos;Последние новости;Париж;Газета;№4390;30.03.1933;3;Чердак
П.;;Диспут об Андрэ Жиде;Персональная статья;Жид А.;Французская литература;XXв.;;;;;Последние новости;Париж;Газета;№4390;30.03.1933;3;Чердак
А. Даманская;Даманская А.;Яков Вассерман;Юбилейная статья;Вассерман Я.;Немецкая литература;XXв.;;;;;Последние новости;Париж;Газета;№4397;06.04.1933;3;Чердак
Мих. Ос.;Ильин M.A.;«L’ échéance»;Рецензия на художественную книгу;Эргац И.М.;Французская литература;XXв.;;;;L’ échéance;Последние новости;Париж;Газета;№4397;06.04.1933;3;Чердак
А.Н.Т.;;«Взлеты»;Рецензия на издание;;Русская литература;Эмигрантская литература;;;;Взлеты;Последние новости;Париж;Газета;№4397;06.04.1933;3;Чердак
В. Вейдле;Вейдле В.В.;Старость Шекспира;Персональная статья;Шекспир У.;Английская литература;XVIIв.;;;;;Последние новости;Париж;Газета;№4400;09.04.1933;5;Подвал
Георгий Адамович;Адамович Г.В.;Литературные заметки;Рецензия на художественную книгу;Зозуля Е.Д.;Русская литература;Советская литература;;;;Собственность;Последние новости;Париж;Газета;№4404;13.04.1933;2;Подвал
Георгий Адамович;Адамович Г.В.;Литературные заметки;Рецензия на художественную книгу;Яковлев А.С.;Русская литература;Советская литература;;;;октябрь;Последние новости;Париж;Газета;№4404;13.04.1933;2;Подвал
Георгий Адамович;Адамович Г.В.;Литературные заметки;Рецензия на художественную книгу;Зелинский К.Л.;Русская литература;Советская литература;;;;Семейная хроника Ларцевых;Последние новости;Париж;Газета;№4404;13.04.1933;2;Подвал
В. Вейдле;Вейдле В.В.;«Медный всадник» на польском языке;Рецензия на перевод;Тувим Ю.;Польская литература;XXв.;Русская литература;1/2 XIXв.;Пушкин А.С.;;Последние новости;Париж;Газета;№4404;13.04.1933;3;Чердак
Ю. Сазонова;Сазонова Ю.Л.;Трое в одном автомобиле;Рецензия на художественную книгу;Серстевенс А.Т.;Французская литература;XXв.;;;;L’itinéraire espagnol;Последние новости;Париж;Газета;№4404;13.04.1933;3;Чердак
Георгий Адамович;Адамович Г.В.;«Маски» Андрея Белого;Рецензия на художественную книгу;Белый А.;Русская литература;Советская литература;;;;Маски;Последние новости;Париж;Газета;№4411;20.04.1933;2;Подвал
—ъ;Адамович Г.В.;Маркс—поэт;Персональная статья;Маркс К.;Немецкая литература;1/2 XIXв.;;;;;Последние новости;Париж;Газета;№4411;20.04.1933;3;Чердак
Р. Словцов;Калишевич Н.В.;Рокамболь русской революции;Рецензия на художественную книгу;Юрковский Ф.Н.;Русская литература;Советская литература;;;;Булгаков;Последние новости;Париж;Газета;№4411;20.04.1933;3;Подвал
Ю. Сазонова;Сазонова Ю.Л.;Любовь Бенджамена Констана;Рецензия на публикацию;;Французская литература;XXв.;Французская литература;1/2 XIXв.;Констан Б.;Сorrespondance de Benjamin Constant et d’Anna Lindsay;Последние новости;Париж;Газета;№4413;22.04.1933;4;Подвал
В. Вейдле;Вейдле В.В.;Петербургские пророчества;Обзорная статья;;Русская литература;Общее;;;;;Последние новости;Париж;Газета;№4416;25.04.1933;3;Подвал
Георгий Адамович;Адамович Г.В.;Путешествие в глубь ночи;Рецензия на художественную книгу;Селин Л.-Ф.;Французская литература;XXв.;;;;Путешествие в глубь ночи;Последние новости;Париж;Газета;№4418;27.04.1933;3;Подвал
Ю. Сазонова;Сазонова Ю.Л.;Старая Франция;Рецензия на художественную книгу;Гар Р. М. дю;Французская литература;XXв.;;;;Vielle France;Последние новости;Париж;Газета;№4418;27.04.1933;3;Чердак
Н. Энка;;Прекрасная Эсмеральда;Рецензия на художественную книгу;Федоров В.Г.;Русская литература;Эмигрантская литература;;;;Прекрасная Эсмеральда;Последние новости;Париж;Газета;№4418;27.04.1933;3;Чердак
А. Ртищев;;Маркиз де Сад;Персональная статья;Сад М. де;Французская литература;XVIIIв.;;;;;Последние новости;Париж;Газета;№4420;29.04.1933;4;Подвал
В. Вейдле;Вейдле В.В.;Островитяне;Обзорная статья;;Английская литература;Общее;;;;;Последние новости;Париж;Газета;№4421;30.04.1933;5;Подвал
Бальмонт К.;Бальмонт К.Д.;Стих и песня;Обзорная статья;;Общее;Общее;;;;;Последние новости;Париж;Газета;№4425;04.05.1933;3;Чердак
С.;Калишевич Н.В.;Гете и Россия;Рецензия на публикацию;;Русская литература;Советская литература;Немецкая литература;1/2 XIXв.;Гете И.;Литературное наследство;Последние новости;Париж;Газета;№4425;04.05.1933;3;Чердак
В. Вейдле;Вейдле В.В.;Графиня де Ноай;Некролог;Ноай А. де;Французская литература;XXв.;;;;;Последние новости;Париж;Газета;№4425;04.05.1933;3;Чердак
Ю. Сазонова;Сазонова Ю.Л.;Читатель;Обзорная статья;;Русская литература;Общее;;;;;Последние новости;Париж;Газета;№4427;06.05.1933;4;Подвал
Р. Словцов;Калишевич Н.В.;Гете и русский двор;Рецензия на исследование;Дурылин С.;Русская литература;Советская литература;Немецкая литература;1/2 XIXв.;Гете И.;Русские писатели у Гете в Веймаре;Последние новости;Париж;Газета;№4430;09.05.1933;5;Подвал
Георгий Адамович;Адамович Г.В.;Три пьесы;Рецензия на художественную книгу;Вишневский Вс.В.;Русская литература;Советская литература;;;;Оптимистическая трагедия;Последние новости;Париж;Газета;№4432;11.05.1933;2;Подвал
Георгий Адамович;Адамович Г.В.;Три пьесы;Рецензия на художественную книгу;Толстой А.Н.;Русская литература;Советская литература;;;;Патент №119;Последние новости;Париж;Газета;№4432;11.05.1933;2;Подвал
Георгий Адамович;Адамович Г.В.;Три пьесы;Рецензия на художественную книгу;Старчаков А.О.;Русская литература;Советская литература;;;;Патент №120;Последние новости;Париж;Газета;№4432;11.05.1933;2;Подвал
Георгий Адамович;Адамович Г.В.;Три пьесы;Рецензия на художественную книгу;Чумадрин М.;Русская литература;Советская литература;;;;Естественная история;Последние новости;Париж;Газета;№4432;11.05.1933;2;Подвал
Р. Словцов;Калишевич Н.В.;Русские знакомства Гете;Персональная статья;Дурылин С.;Русская литература;Советская литература;Немецкая литература;1/2 XIXв.;Гете И.;Русские писатели у Гете в Веймаре;Последние новости;Париж;Газета;№4432;11.05.1933;3;Подвал
Н. К—гъ;Кнорринг Н.Н.;«Тихий Дон»;Рецензия на художественную книгу;Шолохов М.М.;Русская литература;Советская литература;;;;Тихий Дон;Последние новости;Париж;Газета;№4432;11.05.1933;3;Чердак
Мих. Ос.;Ильин M.A.;За миллионами;Рецензия на художественную книгу;Крымов В.;Русская литература;Эмигрантская литература;;;;За миллионами;Последние новости;Париж;Газета;№4432;11.05.1933;3;Чердак
Ю. Сазонова;Сазонова Ю.Л.;Его величайшая любовь;Рецензия на художественную книгу;Рафалович С.Л.;Русская литература;Эмигрантская литература;;;;Son plus grand amour;Последние новости;Париж;Газета;№4432;11.05.1933;3;Чердак
В. Вейдле;Вейдле В.В.;Толстоевский;Обзорная статья;;Немецкая литература;Общее;Русская литература;2/2 XIXв.;Достоевский Ф.М.;;Последние новости;Париж;Газета;№4435;14.05.1933;6;Подвал
В. Вейдле;Вейдле В.В.;Толстоевский;Обзорная статья;;Немецкая литература;Общее;Русская литература;2/2 XIXв.;Толстой Л.Н.;;Последние новости;Париж;Газета;№4435;14.05.1933;6;Подвал
Арсений Мерич;Даманская А.;Английские писательницы;Обзорная статья;;Английская литература;Общее;;;;;Последние новости;Париж;Газета;№4436;15.05.1933;3;Подвал
Георгий Адамович;Адамович Г.В.;Литературные заметки;Рецензия на художественную книгу;Кузнецова Г.Н.;Русская литература;Эмигрантская литература;;;;Пролог;Последние новости;Париж;Газета;№4439;18.05.1933;3;Подвал
Георгий Адамович;Адамович Г.В.;Литературные заметки;Рецензия на художественную книгу;Кунина И.Е.;Русская литература;Эмигрантская литература;;;;Только факты, сер;Последние новости;Париж;Газета;№4439;18.05.1933;3;Подвал
И. Демидов;Демидов И.П.;«Под новыми звездами»;Рецензия на художественную книгу;Корсак В.;Русская литература;Эмигрантская литература;;;;Под новыми звездами;Последние новости;Париж;Газета;№4439;18.05.1933;3;Чердак
Ю. Сазонова;Сазонова Ю.Л.;Новый роман Андре Шансона;Рецензия на художественную книгу;Шамсон А.;Французская литература;XXв.;;;;L’auberge de l’abime;Последние новости;Париж;Газета;№4439;18.05.1933;3;Чердак
Георгий Адамович;Адамович Г.В.;Стихи;Рецензия на издание;;Русская литература;Эмигрантская литература;;;;«Невод». Сб. берлинских поэтов ;Последние новости;Париж;Газета;№4446;25.05.1933;2;Подвал
Георгий Адамович;Адамович Г.В.;Стихи;Рецензия на издание;;Русская литература;Эмигрантская литература;;;;«Скит». Сб. пражских поэтов;Последние новости;Париж;Газета;№4446;25.05.1933;2;Подвал
Георгий Адамович;Адамович Г.В.;Стихи;Рецензия на художественную книгу;Ставров П.С.;Русская литература;Эмигрантская литература;;;;Без последствий;Последние новости;Париж;Газета;№4446;25.05.1933;2;Подвал
М—ъ;;Дневники Арнольда Беннетта;Рецензия на публикацию;;Английская литература;XXв.;Английская литература;XXв.;Беннетт А.;The Journals if Arnold Bennett;Последние новости;Париж;Газета;№4446;25.05.1933;3;Чердак
Ю. Сазонова;Сазонова Ю.Л.;Новый роман Лакретелля;Рецензия на художественную книгу;Лакретель Ж. де;Французская литература;XXв.;;;;Les Hauts Ponts, Les Fiançailles;Последние новости;Париж;Газета;№4446;25.05.1933;3;Чердак
Мих. Осоргин;Ильин M.A.;Памяти Ив. Болдырева;Некролог;Болдырев И.;Русская литература;Эмигрантская литература;;;;;Последние новости;Париж;Газета;№4446;25.05.1933;4;Подвал
Георгий Адамович;Адамович Г.В.;«Современные записки», кн. 52;Рецензия на художественную книгу;Толстая А.Л.;Русская литература;Эмигрантская литература;;;;Воспоминания;Последние новости;Париж;Газета;№4453;01.06.1933;3;Подвал
Георгий Адамович;Адамович Г.В.;«Современные записки», кн. 52;Рецензия на художественную книгу;Бунин И.А.;Русская литература;Эмигрантская литература;;;;Жизнь Арсеньева;Последние новости;Париж;Газета;№4453;01.06.1933;3;Подвал
Георгий Адамович;Адамович Г.В.;«Современные записки», кн. 52;Рецензия на художественную книгу;Сирин В. (Набоков В.В.);Русская литература;Эмигрантская литература;;;;Камера обскура;Последние новости;Париж;Газета;№4453;01.06.1933;3;Подвал
Георгий Адамович;Адамович Г.В.;«Современные записки», кн. 52;Рецензия на художественную книгу;Зайцев Б.К.;Русская литература;Эмигрантская литература;;;;Дом в Пасси;Последние новости;Париж;Газета;№4453;01.06.1933;3;Подвал
Георгий Адамович;Адамович Г.В.;«Современные записки», кн. 52;Рецензия на художественную книгу;Зуров Л.Ф.;Русская литература;Эмигрантская литература;;;;Древний путь;Последние новости;Париж;Газета;№4453;01.06.1933;3;Подвал
Георгий Адамович;Адамович Г.В.;«Современные записки», кн. 52;Рецензия на художественную книгу;Гиппиус З.Н.;Русская литература;Эмигрантская литература;;;;Стихи;Последние новости;Париж;Газета;№4453;01.06.1933;3;Подвал
Георгий Адамович;Адамович Г.В.;«Современные записки», кн. 52;Рецензия на художественную книгу;Поплавский Б.Ю.;Русская литература;Эмигрантская литература;;;;Стихи;Последние новости;Париж;Газета;№4453;01.06.1933;3;Подвал
Георгий Адамович;Адамович Г.В.;«Современные записки», кн. 52;Рецензия на художественную книгу;Кнут Д.;Русская литература;Эмигрантская литература;;;;Стихи;Последние новости;Париж;Газета;№4453;01.06.1933;3;Подвал
Георгий Адамович;Адамович Г.В.;«Современные записки», кн. 52;Рецензия на художественную книгу;Штейгер А.С.;Русская литература;Эмигрантская литература;;;;Стихи;Последние новости;Париж;Газета;№4453;01.06.1933;3;Подвал
Георгий Адамович;Адамович Г.В.;«Современные записки», кн. 52;Рецензия на статью;Цветаева М.И.;Русская литература;Эмигрантская литература;;;;Живое о живом;Последние новости;Париж;Газета;№4453;01.06.1933;3;Подвал
Георгий Адамович;Адамович Г.В.;«Современные записки», кн. 52;Рецензия на художественную книгу;Мережковский Д.С.;Русская литература;Эмигрантская литература;;;;Иисус Неизвестный;Последние новости;Париж;Газета;№4453;01.06.1933;3;Подвал
Георгий Адамович;Адамович Г.В.;«Современные записки», кн. 52;Рецензия на статью;Алданов М.А.;Русская литература;Эмигрантская литература;;;;О романе;Последние новости;Париж;Газета;№4453;01.06.1933;3;Подвал
Георгий Адамович;Адамович Г.В.;«Современные записки», кн. 52;Рецензия на статью;В. ВейдлеВ.;Русская литература;Эмигрантская литература;;;;Борьба с историей;Последние новости;Париж;Газета;№4453;01.06.1933;3;Подвал
Алексей Ремизов;Ремизов А.М.;Над могилой Болдырева-Шкотта;Некролог;Болдырев И.;Русская литература;Эмигрантская литература;;;;;Последние новости;Париж;Газета;№4453;01.06.1933;3;Чердак
А. Д.;Даманская А.;«Две истины»;Рецензия на художественную книгу;Феррере Г.;Итальянская литература;XXв.;;;;Les deux vérités;Последние новости;Париж;Газета;№4453;01.06.1933;3;Чердак
Ек. Кускова;Кускова Е.Д.;Достоевский по-советски;Персональная статья;;Русская литература;Советская литература;Русская литература;2/2 XIXв.;Достоевский Ф.М.;;Последние новости;Париж;Газета;№4453;01.06.1933;4;Подвал
В. Вейдле;Вейдле В.В.;Земной рай;Обзорная статья;;Общее;Общее;;;;;Последние новости;Париж;Газета;№4456;04.06.1933;5;Подвал
В. Вейдле;Вейдле В.В.;Россия, Европа и XIX век;Обзорная статья;;Общее;Общее;;;;;Последние новости;Париж;Газета;№4460;08.06.1933;2;Подвал
Мих. Ос.;Ильин M.A.;«День второй»;Рецензия на художественную книгу;Эренбург И.;Русская литература;Советская литература;;;;День второй;Последние новости;Париж;Газета;№4460;08.06.1933;3;Чердак
Ю. Сазонова;Сазонова Ю.Л.;Славянская душа;Рецензия на художественную книгу;Деберли А.;Французская литература;XXв.;;;;Les inconnus dans la cave;Последние новости;Париж;Газета;№4460;08.06.1933;3;Чердак
Ю. Сазонова;Сазонова Ю.Л.;Славянская душа;Рецензия на художественную книгу;Кассу Ж.;Французская литература;XXв.;;;;Le fils indigne;Последние новости;Париж;Газета;№4460;08.06.1933;3;Чердак
Георгий Адамович;Адамович Г.В.;Пильняк и Бабель;Персональная статья;Пильняк Б.А.;Русская литература;Советская литература;;;;;Последние новости;Париж;Газета;№4460;08.06.1933;3;Подвал
Георгий Адамович;Адамович Г.В.;Пильняк и Бабель;Персональная статья;Бабель И.Э.;Русская литература;Советская литература;;;;;Последние новости;Париж;Газета;№4460;08.06.1933;3;Подвал
Р. Словцов;Калишевич Н.В.;Гоголь в жизни;Рецензия на исследование;Вересаев В.В.;Русская литература;Советская литература;Русская литература;1/2 XIXв.;Гоголь Н.В.;Гоголь в жизни;Последние новости;Париж;Газета;№4465;13.06.1933;4;Подвал
Бальмонт К.;Бальмонт К.Д.;Тургенев, как поэт;Юбилейная статья;Тургенев И.С.;Русская литература;2/2 XIXв.;;;;;Последние новости;Париж;Газета;№4467;15.06.1933;2;Подвал
В. Вейдле;Вейдле В.В.;Сербские поэты;Обзорная статья;;Сербская литература;XXв.;;;;;Последние новости;Париж;Газета;№4467;15.06.1933;3;Чердак
А. М.;;Корсика;Рецензия на художественную книгу;Керр А.;Немецкая литература;XXв.;;;;Eine Insel —heisst Korsika;Последние новости;Париж;Газета;№4467;15.06.1933;3;Чердак
Р. Словцов;Калишевич Н.В.;Гоголь за-границей;Рецензия на исследование;Вересаев В.В.;Русская литература;Советская литература;Русская литература;1/2 XIXв.;Гоголь Н.В.;Гоголь в жизни;Последние новости;Париж;Газета;№4467;15.06.1933;3;Подвал
Дионео;Шкловский И.В.;Новый сборник;Рецензия на издание;;Еврейская литература;Общее;;;;Yiströel;Последние новости;Париж;Газета;№4470;18.06.1933;2;Чердак
В. Вейдле;Вейдле В.В.;Современники и потомки;Обзорная статья;;Общее;Общее;;;;;Последние новости;Париж;Газета;№4472;20.06.1933;2;Подвал
Бальмонт К.;Бальмонт К.Д.;Тургенев, как поэт;Юбилейная статья;Тургенев И.С.;Русская литература;2/2 XIXв.;;;;;Последние новости;Париж;Газета;№4474;22.06.1933;3;Чердак
Ю. Сазонова;Сазонова Ю.Л.;«Кошка» Колетт;Рецензия на художественную книгу;Колетт С.-Г.;Французская литература;XXв.;;;;La Chatte;Последние новости;Париж;Газета;№4474;22.06.1933;3;Чердак
Георгий Адамович;Адамович Г.В.;Послания читателей;Обзорная статья;;Общее;Общее;;;;;Последние новости;Париж;Газета;№4474;22.06.1933;4;Подвал
Р. Словцов;Калишевич Н.В.;«Библиография» В. Бутчика;Рецензия на исследование;Бутчик В.;Русская литература;Эмигрантская литература;;;;;Последние новости;Париж;Газета;№4481;29.06.1933;3;Подвал
В. Вейдле;Вейдле В.В.;Французская книга о Ломоносове;Рецензия на исследование;Маркиз де Люр-Салюс;Французская литература;XXв.;Русская литература;XVIIIв.;Ломоносов М.В.;Lomonosof, le prodigieux moujik;Последние новости;Париж;Газета;№4481;29.06.1933;3;Чердак
Даманская А.;Даманская А.;Жизнь на окраинах;Рецензия на художественную книгу;Дабит Е.;Французская литература;XXв.;;;;Faubourgs de Paris;Последние новости;Париж;Газета;№4481;29.06.1933;3;Чердак
М. К.;;Чехов на французском языке;Рецензия на перевод;Рош Д.А.;Французская литература;XXв.;Русская литература; 2/2 XIXв.;Чехов А.П.;;Последние новости;Париж;Газета;№4481;29.06.1933;3;Чердак
Георгий Адамович;Адамович Г.В.;«Числа». Книга IX;Рецензия на художественную книгу;Самсонов В.;Русская литература;Эмигрантская литература;;;;Сказочная принцесса;Последние новости;Париж;Газета;№4481;29.06.1933;4;Подвал
Георгий Адамович;Адамович Г.В.;«Числа». Книга IX;Рецензия на художественную книгу;Фельзен Ю.;Русская литература;Эмигрантская литература;;;;Письма о Лермонтове;Последние новости;Париж;Газета;№4481;29.06.1933;4;Подвал
Георгий Адамович;Адамович Г.В.;«Числа». Книга IX;Рецензия на художественную книгу;Шаршун С.И.;Русская литература;Эмигрантская литература;;;;Долголикое;Последние новости;Париж;Газета;№4481;29.06.1933;4;Подвал
Георгий Адамович;Адамович Г.В.;«Числа». Книга IX;Рецензия на художественную книгу;Ремизов А.М.;Русская литература;Эмигрантская литература;;;;Шиш еловый;Последние новости;Париж;Газета;№4481;29.06.1933;4;Подвал
Георгий Адамович;Адамович Г.В.;«Числа». Книга IX;Рецензия на статью;Демидов И.;Русская литература;Эмигрантская литература;;;;Живая улика;Последние новости;Париж;Газета;№4481;29.06.1933;4;Подвал
Георгий Адамович;Адамович Г.В.;«Числа». Книга IX;Рецензия на статью;Буров А.;Русская литература;Эмигрантская литература;;;;Мужик и три собаки;Последние новости;Париж;Газета;№4481;29.06.1933;4;Подвал
Георгий Адамович;Адамович Г.В.;«Числа». Книга IX;Рецензия на статью;Оцуп Н.А.;Русская литература;Эмигрантская литература;;;;;Последние новости;Париж;Газета;№4481;29.06.1933;4;Подвал
Георгий Адамович;Адамович Г.В.;«Числа». Книга IX;Рецензия на статью;Поплавский Б.Ю.;Русская литература;Эмигрантская литература;;;;;Последние новости;Париж;Газета;№4481;29.06.1933;4;Подвал
Георгий Адамович;Адамович Г.В.;«Числа». Книга IX;Рецензия на статью;Терапиано Ю.К.;Русская литература;Эмигрантская литература;;;;;Последние новости;Париж;Газета;№4481;29.06.1933;4;Подвал
Георгий Адамович;Адамович Г.В.;«Числа». Книга IX;Рецензия на статью;Антон Крайний (Гиппиус З.Н.);Русская литература;Эмигрантская литература;;;;;Последние новости;Париж;Газета;№4481;29.06.1933;4;Подвал
Георгий Адамович;Адамович Г.В.;«Числа». Книга IX;Рецензия на статью;Кантор М.;Русская литература;Эмигрантская литература;;;;;Последние новости;Париж;Газета;№4481;29.06.1933;4;Подвал
Георгий Адамович;Адамович Г.В.;«Числа». Книга IX;Рецензия на статью;Ландау (Алданов М.А.);Русская литература;Эмигрантская литература;;;;;Последние новости;Париж;Газета;№4481;29.06.1933;4;Подвал
Георгий Адамович;Адамович Г.В.;«Числа». Книга IX;Рецензия на художественную книгу;Гиппиус З.Н.;Русская литература;Эмигрантская литература;;;;Стихи;Последние новости;Париж;Газета;№4481;29.06.1933;4;Подвал
Ю. Сазонова;Сазонова Ю.Л.;Миф о Гете;Рецензия на исследование;Жалу Э.;Французская литература;XXв.;Немецкая литература;1/2 XIXв.;Гете И.;Vie de Goete;Последние новости;Париж;Газета;№4483;01.07.1933;3;Подвал
Р. Словцов;Калишевич Н.В.;Беллетристы—шестидесятники;Рецензия на публикацию;;Русская литература;Советская литература;Русская литература;2/2 XIXв.;;Шестидесятники. Избранные произведения;Последние новости;Париж;Газета;№4488;06.07.1933;2;Подвал
В. Вейдле;Вейдле В.В.;Итальянская антология русской поэзии;Рецензия на перевод;Поджоли Р.;Итальянская литература;XXв.;Русская литература;Общее;;La Violetta notturna;Последние новости;Париж;Газета;№4488;06.07.1933;3;Чердак
А. М.;;Знаменательный сдвиг;Рецензия на издание;;Французская литература;XXв.;;;Фернандес Р.;Нувель Ревю Франсе;Последние новости;Париж;Газета;№4488;06.07.1933;3;Чердак
А. М.;;Знаменательный сдвиг;Рецензия на издание;;Французская литература;XXв.;;;Жид А.;Нувель Ревю Франсе;Последние новости;Париж;Газета;№4488;06.07.1933;3;Чердак
В. Вейдле;Вейдле В.В.;Исповедь Сент-Бева;Персональная статья;Сент-Бев Ш.О. де;Французская литература;1/2 XIXв.;;;;;Последние новости;Париж;Газета;№4493;11.07.1933;4;Подвал
Р. Словцов;Калишевич Н.В.;Вокруг Чехова;Рецензия на художественную книгу;Чехов М.П.;Русская литература;Советская литература;Русская литература;2/2 XIXв.;Чехов А.П.;Вокруг Чехова. Встречи, впечатления;Последние новости;Париж;Газета;№4495;13.07.1933;3;Подвал
Ю. Сазонова;Сазонова Ю.Л.;Среди безумных;Рецензия на художественную книгу;Рубо Л.;Французская литература;XXв.;;;;Démons et déments;Последние новости;Париж;Газета;№4495;13.07.1933;3;Чердак
М.;;Две повести;Рецензия на художественную книгу;Шмеркович И.К.;Русская литература;Эмигрантская литература;;;;Галеви, В Хейдере;Последние новости;Париж;Газета;№4495;13.07.1933;3;Чердак
А. М.;;«Две недели в сентябре»;Рецензия на художественную книгу;Шериф Р.С.;Английская литература;XXв.;;;;The Fortnight in September;Последние новости;Париж;Газета;№4495;13.07.1933;3;Чердак
Георгий Адамович;Адамович Г.В.;«Энергия»;Рецензия на художественную книгу;Гладков Ф.;Русская литература;Советская литература;;;;Энергия;Последние новости;Париж;Газета;№4495;13.07.1933;4;Подвал
А. М.;;Романист и его герои;Рецензия на художественную книгу;Мориак Ф.;Французская литература;XXв.;;;;Le romancier et ses personnages;Последние новости;Париж;Газета;№4502;20.07.1933;3;Чердак
Эсъ;;Революционный подмастерье;Рецензия на художественную книгу;Истман М.;Американская литература;XXв.;;;;L’apprenti révolutionnaire;Последние новости;Париж;Газета;№4502;20.07.1933;3;Чердак
Р. Словцов;Калишевич Н.В.;О Чехове;Рецензия на публикацию;;Русская литература;Советская литература;Русская литература;2/2 XIXв.;Чехов А.П.;Полное собрание сочинений;Последние новости;Париж;Газета;№4502;20.07.1933;4;Подвал
Ю. Сазонова;Сазонова Ю.Л.;Утопия и действительность;Рецензия на художественную книгу;Золя Э.;Французская литература;2/2 XIXв.;;;;Труд;Последние новости;Париж;Газета;№4504;22.07.1933;4;Подвал
В. Вейдле;Вейдле В.В.;Вымысел;Обзорная статья;;Общее;Общее;;;;;Последние новости;Париж;Газета;№4504;22.07.1933;5;Подвал
Р. Словцов;Калишевич Н.В.;Пушкин в 1833 году;Рецензия на исследование;;Русская литература;Советская литература;Русская литература;1/2 XIXв.;Пушкин А.С.;Пушкин. 1933 год;Последние новости;Париж;Газета;№4504;27.07.1933;3;Подвал
Ю. Сазонова;Сазонова Ю.Л.;«Зеленая лошадь»;Рецензия на художественную книгу;Эме М.;Французская литература;XXв.;;;;Зеленая лошадь;Последние новости;Париж;Газета;№4504;27.07.1933;3;Чердак
Мих. Ос.;Ильин M.A.;Судьба зарубежной книги;Обзорная статья;;Общее;Общее;;;;;Последние новости;Париж;Газета;№4504;27.07.1933;3;Чердак
В. Вейдле;Вейдле В.В.;Пушкин и Мериме;Персональная статья;Мериме П.;Французская литература;2/2 XIXв.;Русская литература;1/2 XIXв.;Пушкин А.С.;;Последние новости;Париж;Газета;№4512;30.07.1933;5;Чердак
Георгий Адамович;Адамович Г.В.;Советский Ремарк;Рецензия на художественную книгу;Лебеденко А.Г.;Русская литература;Советская литература;;;;Тяжелый дивизион;Последние новости;Париж;Газета;№4516;03.08.1933;3;Подвал
Б/а;Б/а;«Париж» — И. Эренбурга;Рецензия на художественную книгу;Эренбург И.;Русская литература;Советская литература;;;;Мой Париж;Последние новости;Париж;Газета;№4516;03.08.1933;3;Чердак
Ю. С.;Сазонова Ю.Л.;Повести Лоренса;Рецензия на художественную книгу;Лоренс Д.Г.;Английская литература;XXв.;;;;Les filles du Pasteur;Последние новости;Париж;Газета;№4516;03.08.1933;3;Чердак
Демидов И.;Демидов И.П.;Памяти А.М. Черного;Некролог;Черный А.;Русская литература;Эмигрантская литература;;;;;Последние новости;Париж;Газета;№4518;05.08.1933;3;Чердак
В. Вейдле;Вейдле В.В.;Человек против писателя;Обзорная статья;;Общее;Общее;;;;;Последние новости;Париж;Газета;№4519;06.08.1933;6;Подвал
Р. Словцов;Калишевич Н.В.;Пушкин в 1833 году;Рецензия на исследование;;Русская литература;Советская литература;Русская литература;1/2 XIXв.;Пушкин А.С.;;Последние новости;Париж;Газета;№4521;08.08.1933;3;Подвал
Георгий Адамович;Адамович Г.В.;«Юноша»;Рецензия на художественную книгу;Левин Б.М.;Русская литература;Советская литература;;;;Юноша;Последние новости;Париж;Газета;№4523;10.08.1933;2;Подвал
Ю. С.;Сазонова Ю.Л.;«Укротительница мужчин»;Рецензия на художественную книгу;Дювернуа А.;Французская литература;XXв.;;;;L’ombre d’une femme;Последние новости;Париж;Газета;№4523;10.08.1933;3;Чердак
М. О.;Ильин M.A.(?);Тургенев-отец;Рецензия на исследование;Семенов Е.;Французская литература;XXв.;Русская литература;2/2 XIXв.;Тургенев И.С.;La Vie douloureuse d’Ivan Tourguéneff;Последние новости;Париж;Газета;№4523;10.08.1933;3;Чердак
Р. Словцов;Калишевич Н.В.;Михаил Чулков — «мелкотравчатый сочинитель»;Рецензия на исследование;Шкловский В.Б.;Русская литература;Советская литература;Русская литература;XVIIIв.;Чулков М.Д.;Чулков и Левшин;Последние новости;Париж;Газета;№4523;10.08.1933;3;Подвал
Георгий Адамович;Адамович Г.В.;Литературные заметки;Рецензия на художественную книгу;Сухотин Л.М.;Русская литература;Эмигрантская литература;;;;Фет и Елена Лазич;Последние новости;Париж;Газета;№4530;17.08.1933;3;Подвал
Георгий Адамович;Адамович Г.В.;Литературные заметки;Рецензия на художественную книгу;Андреев В.;Русская литература;Эмигрантская литература;;;;Восстание звезд;Последние новости;Париж;Газета;№4530;17.08.1933;3;Подвал
Георгий Адамович;Адамович Г.В.;Литературные заметки;Рецензия на художественную книгу;Тутковский П.;Русская литература;Эмигрантская литература;;;;Молот времени;Последние новости;Париж;Газета;№4530;17.08.1933;3;Подвал
В. Вейдле;Вейдле В.В.;Русская литература в Испании;Обзорная статья;;Испанская литература;Общее;Русская литература;Общее;;;Последние новости;Париж;Газета;№4530;17.08.1933;3;Чердак
Р. Словцов;Калишевич Н.В.;Полный Тютчев;Рецензия на публикацию;Тютчев;Русская литература;2/2 XIXв.;;;;Полное собрание сочинений;Последние новости;Париж;Газета;№4530;17.08.1933;4;Подвал
Ю. Сазонова;Сазонова Ю.Л.;Современный конквистадор;Рецензия на художественную книгу;Монфрейд А. де;Французская литература;XXв.;;;;Vers les terres hostiles de l’Éthiopie;Последние новости;Париж;Газета;№4533;20.08.1933;7;Подвал
Георгий Адамович;Адамович Г.В.;Шолохов;Персональная статья;Шолохов М.М.;Русская литература;Советская литература;;;;;Последние новости;Париж;Газета;№4537;24.08.1933;3;Подвал
Кн. Сергей Волконский ;Волконский С.;«Каспар Гаузер»;Рецензия на художественную книгу;Вассерман Я.;Немецкая литература;XXв.;;;;Gaspard Hauser oi la paresse di coeur;Последние новости;Париж;Газета;№4537;24.08.1933;3;Чердак
Р. Словцов;Калишевич Н.В.;Жизнь идеалистки;Рецензия на художественную книгу;Мейзенбуг М.;Немецкая литература;2/2 XIXв.;;;;Воспоминания идеалистки;Последние новости;Париж;Газета;№4542;29.08.1933;4;Подвал
Мих. Ос.;Ильин M.A.;Тель-Авив;Рецензия на художественную книгу;Высоцкий А.;Русская литература;Эмигрантская литература;;;;Тель-Авив;Последние новости;Париж;Газета;№4544;31.08.1933;3;Чердак
Ю. С.;Сазонова Ю.Л.;Французские пейзажи;Рецензия на художественную книгу;Водуайе Ж.-Л.;Французская литература;XXв.;;;;En France;Последние новости;Париж;Газета;№4544;31.08.1933;3;Чердак
Георгий Адамович;Адамович Г.В.;Коммунисты и смерть;Рецензия на художественную книгу;Колдунов С.;Русская литература;Советская литература;;;;P.S.;Последние новости;Париж;Газета;№4544;31.08.1933;4;Подвал
Р. Словцов;Калишевич Н.В.;Мальвида Мейзенбуг и ее друзья;Рецензия на художественную книгу;Мейзенбуг М.;Немецкая литература;2/2 XIXв.;;;;Воспоминания идеалистки;Последние новости;Париж;Газета;№4544;31.08.1933;5;Подвал
Ю. Сазонова;Сазонова Ю.Л.;Рыцарь без страха и упрека;Рецензия на исследование;Роже Буте де Монвель;Французская литература;XXв.;Испанская литература;XVIв.;Сервантес М. де;Сervantes et les enchanteurs;Последние новости;Париж;Газета;№4546;02.09.1933;5;Подвал
Милюков П.;Милюков П.Н.;Русский европеец;Юбилейная статья;Тургенев И.С.;Русская литература;2/2 XIXв.;;;;;Последние новости;Париж;Газета;№4547;03.09.1933;2;Чердак
Георгий Адамович;Адамович Г.В.;О Тургеневе;Юбилейная статья;Тургенев И.С.;Русская литература;2/2 XIXв.;;;;;Последние новости;Париж;Газета;№4547;03.09.1933;2—3;Чердак
Парчевский К.;Парчевский К.К.;Болезнь и смерть;Юбилейная статья;Тургенев И.С.;Русская литература;2/2 XIXв.;;;;;Последние новости;Париж;Газета;№4547;03.09.1933;3;Чердак
Георгий Адамович;Адамович Г.В.;Не апология;Обзорная статья;;Русская литература;Советская литература;;;;;Последние новости;Париж;Газета;№4551;07.09.1933;3;Подвал
А. Д.;Даманская А.;Марш Радецкого;Рецензия на художественную книгу;Рот Ж.;Австрийская литература;XXв.;;;;Radetzkymarsch;Последние новости;Париж;Газета;№4551;07.09.1933;3;Чердак
—чъ;Адамович Г.В.;Л. Андреев и М. Горький;Рецензия на публикацию;Горький М.;Русская литература;Советская литература;;;;;Последние новости;Париж;Газета;№4551;07.09.1933;3;Чердак
—чъ;Адамович Г.В.;Л. Андреев и М. Горький;Рецензия на публикацию;Андреев Л.Н.;Русская литература;Советская литература;;;;;Последние новости;Париж;Газета;№4551;07.09.1933;3;Чердак
Н. Кнорринг;Кнорринг Н.Н.;Родовое «гнездо» Тургенева;Персональная статья;Тургенев И.С.;Русская литература;2/2 XIXв.;;;;;Последние новости;Париж;Газета;№4551;07.09.1933;5;Подвал
Кн. Сергей Волконский ;Волконский С.;Г-жа Сталь;Персональная статья;Сталь А.-Л. Ж. де;Французская литература;1/2 XIXв.;;;;;Последние новости;Париж;Газета;№4555;11.09.1933;3;Подвал
Р. Словцов;Калишевич Н.В.;В старых редакциях;Рецензия на художественную книгу;Перцов П.П;Русская литература;Советская литература;;;;Литературные воспоминания;Последние новости;Париж;Газета;№4556;12.09.1933;4;Подвал
Георгий Адамович;Адамович Г.В.;Литературные заметки;Рецензия на художественную книгу;Веселый А.;Русская литература;Советская литература;;;;Гуляй-Волга;Последние новости;Париж;Газета;№4558;14.09.1933;3;Подвал
Георгий Адамович;Адамович Г.В.;Литературные заметки;Рецензия на художественную книгу;Сергеев-Ценский С.Н.;Русская литература;Советская литература;;;;Львы и солнце;Последние новости;Париж;Газета;№4558;14.09.1933;3;Подвал
Георгий Адамович;Адамович Г.В.;Литературные заметки;Рецензия на художественную книгу;Лидин В.Г.;Русская литература;Советская литература;;;;Великий или Тихий;Последние новости;Париж;Газета;№4558;14.09.1933;3;Подвал
С.;Калишевич Н.В.;«Летописи жизни» писателей;Рецензия на исследование;;Русская литература;Советская литература;;;;Академия;Последние новости;Париж;Газета;№4558;14.09.1933;3;Чердак
Б/а;Б/а;Тургенев и современники;Персональная статья;Тургенев И.С.;Русская литература;2/2 XIXв.;Русская литература;Советская литература;;;Последние новости;Париж;Газета;№4558;14.09.1933;3;Чердак
Б/а;Б/а;Селин в СССР;Рецензия на статью;Анисимов И.;Русская литература;Советская литература;Французская литература;XXв.;Селин Л.-Ф.;;Последние новости;Париж;Газета;№4558;14.09.1933;3;Чердак
В. Вейдле;Вейдле В.В.;Опрощение;Обзорная статья;;Общее;Общее;;;;;Последние новости;Париж;Газета;№4560;16.09.1933;5;Подвал
Р. Словцов;Калишевич Н.В.;Галерея поэтов;Рецензия на художественную книгу;Перцов П.П;Русская литература;Советская литература;;;;Литературные воспоминания;Последние новости;Париж;Газета;№4563;19.09.1933;3;Подвал
Георгий Адамович;Адамович Г.В.;Человек и жена;Рецензия на художественную книгу;Смирнов Н.;Русская литература;Советская литература;;;;Человек и жена;Последние новости;Париж;Газета;№4565;21.09.1933;2;Подвал
В. З.;Зензинов В.М.;«Лето Господне»;Рецензия на художественную книгу;Шмелев И.С.;Русская литература;Эмигрантская литература;;;;Лето Господне;Последние новости;Париж;Газета;№4565;21.09.1933;3;Чердак
Р. Словцов;Калишевич Н.В.;Роман Л.Н. Толстого с В.В. Арсеньевой;Персональная статья;Толстой Л.Н.;Русская литература;2/2 XIXв.;Русская литература;2/2 XIXв.;Арсеньева В.В.;;Последние новости;Париж;Газета;№4565;21.09.1933;3;Подвал
Н. Кнорринг;Кнорринг Н.Н.;С.И. Танаев в Ясной Поляне;Персональная статья;Танаев С.И.;Русская литература;2/2 XIXв.;Русская литература;2/2 XIXв.;Толстой Л.Н.;;Последние новости;Париж;Газета;№4569;25.09.1933;3;Подвал
Р. Словцов;Калишевич Н.В.;Эразм Роттердамский;Персональная статья;Роттердамский Э.;Голландская литература;XVIв.;;;;;Последние новости;Париж;Газета;№4570;26.09.1933;3;Подвал
Георгий Адамович;Адамович Г.В.;На разные темы;Персональная статья;Блок А.А.;Русская литература;Начало XXв.;;;;;Последние новости;Париж;Газета;№4572;28.09.1933;2;Подвал
Георгий Адамович;Адамович Г.В.;На разные темы;Персональная статья;Гумилев Н.С.;Русская литература;Начало XXв.;;;;;Последние новости;Париж;Газета;№4572;28.09.1933;2;Подвал
Георгий Адамович;Адамович Г.В.;На разные темы;Рецензия на художественную книгу;Тургенев И.С.;Русская литература;2/2 XIXв.;;;;Стихотворения в прозе;Последние новости;Париж;Газета;№4572;28.09.1933;2;Подвал
Георгий Адамович;Адамович Г.В.;На разные темы;Рецензия на художественную книгу;Иванов Вс.Н.;Русская литература;Эмигрантская литература;;;;О конечном идеале;Последние новости;Париж;Газета;№4572;28.09.1933;2;Подвал
Георгий Адамович;Адамович Г.В.;На разные темы;Рецензия на художественную книгу;Сетницкий Н.;Русская литература;Эмигрантская литература;;;;Открытие великой тайны бытия и загробной жизни;Последние новости;Париж;Газета;№4572;28.09.1933;2;Подвал
Б/а;Б/а;Селин о современном обществе;Персональная статья;Селин Л.-Ф.;Французская литература;XXв.;;;;;Последние новости;Париж;Газета;№4577;03.10.1933;3;Чердак
Георгий Адамович;Адамович Г.В.;«Август»;Рецензия на художественную книгу;Гамсун К.;Норвежская литература;XXв.;;;;август;Последние новости;Париж;Газета;№4579;05.10.1933;2;Подвал
Бальмонт К.;Бальмонт К.Д.;И.С. Шмелев;Юбилейная статья;Шмелев И.С.;Русская литература;Эмигрантская литература;;;;;Последние новости;Париж;Газета;№4579;05.10.1933;3;Чердак
Б/а;Б/а;Белградские рукописи Пушкина;;Пушкин А.С.;Русская литература;1/2 XIXв.;;;;;Последние новости;Париж;Газета;№4579;05.10.1933;3;Чердак
Р. Словцов;Калишевич Н.В.;Писательские архивы;Рецензия на публикацию;;Русская литература;Советская литература;Русская литература;2/2 XIXв.;Герцен А.И.;Литературное наследство;Последние новости;Париж;Газета;№4579;05.10.1933;3;Подвал
Р. Словцов;Калишевич Н.В.;Писательские архивы;Рецензия на публикацию;;Русская литература;Советская литература;Русская литература;2/2 XIXв.;Лесков Н.С.;Литературное наследство;Последние новости;Париж;Газета;№4579;05.10.1933;3;Подвал
Р. Словцов;Калишевич Н.В.;Писательские архивы;Рецензия на публикацию;;Русская литература;Советская литература;Русская литература;2/2 XIXв.;Бартенев П.И.;Литературное наследство;Последние новости;Париж;Газета;№4579;05.10.1933;3;Подвал
Р. Словцов;Калишевич Н.В.;Писательские архивы;Рецензия на публикацию;;Русская литература;Советская литература;Русская литература;2/2 XIXв.;Берви-Флеровский В.В.;Литературное наследство;Последние новости;Париж;Газета;№4579;05.10.1933;3;Подвал
В. Вейдле;Вейдле В.В.;Гейне по советски;Рецензия на перевод;Тынянов Ю.Н.;Русская литература;Советская литература;Немецкая литература;1/2 XIXв.;Гейне Г.;;Последние новости;Париж;Газета;№4586;12.10.1933;3;Чердак
Н. К—гъ;Кнорринг Н.Н.;Новый роман Вересаева;Рецензия на художественную книгу;Вересаев В.В.;Русская литература;Советская литература;;;;Сестры;Последние новости;Париж;Газета;№4586;12.10.1933;3;Чердак
В. Вейдле;Вейдле В.В.;Советские эстеты;Обзорная статья;;Русская литература;Советская литература;;;;;Последние новости;Париж;Газета;№4588;14.10.1933;5;Подвал
Георгий Адамович;Адамович Г.В.;Герои нашего времени;Рецензия на статью;Ермилов;Русская литература;Советская литература;;;;;Последние новости;Париж;Газета;№4593;19.10.1933;2;Подвал
Георгий Адамович;Адамович Г.В.;Герои нашего времени;Рецензия на статью;Мазнин;Русская литература;Советская литература;;;;;Последние новости;Париж;Газета;№4593;19.10.1933;2;Подвал
—чъ;Адамович Г.В.;Литературная Япония;Обзорная статья;;Японская литература;Общее;;;;;Последние новости;Париж;Газета;№4593;19.10.1933;3;Чердак
Б/а;Б/а;«Золотая арфа» Гауптмана;Рецензия на художественную книгу;Гауптман Г.;Немецкая литература;XXв.;;;;Золотая арфа;Последние новости;Париж;Газета;№4593;19.10.1933;3;Чердак
С.;Калишевич Н.В.;75-летие А.А. Плещеева;Юбилейная статья;Плещеев А.А.;Русская литература;Эмигрантская литература;;;;;Последние новости;Париж;Газета;№4593;19.10.1933;3;Чердак
Б/а;Б/а;Кризис книги;Обзорная статья;;Французская литература;XXв.;;;;;Последние новости;Париж;Газета;№4593;19.10.1933;3;Чердак
Р. Словцов;Калишевич Н.В.;Адель Оммер де Гелль;Рецензия на публикацию;;Русская литература;Советская литература;Французская литература;2/2 XIXв.;Адель Оммер де Гелль;Письма и записки;Последние новости;Париж;Газета;№4593;19.10.1933;3;Подвал
Р.С.;Калишевич Н.В.;Юбилей М.И. Ганфмана;Юбилейная статья;Ганфман М.И.;Русская литература;Эмигрантская литература;;;;;Последние новости;Париж;Газета;№4595;21.10.1933;4;Чердак
Р. Словцов;Калишевич Н.В.;Адель Оммер де Гелль;Рецензия на публикацию;;Русская литература;Советская литература;Французская литература;2/2 XIXв.;Адель Оммер де Гелль;Письма и записки;Последние новости;Париж;Газета;№4598;24.10.1933;3;Подвал
Мих. Осоргин;Ильин M.A.;Солдатские сказки А. Черного;Рецензия на художественную книгу;Черный А.;Русская литература;Эмигрантская литература;;;;Солдатские сказки;Последние новости;Париж;Газета;№4600;26.10.1933;2;Чердак
Георгий Адамович;Адамович Г.В.;«Современные записки», кн. 53-я;Рецензия на художественную книгу;Бунин И.А.;Русская литература;Эмигрантская литература;;;;Жизнь Арсеньева;Последние новости;Париж;Газета;№4607;02.11.1933;2;Подвал
Георгий Адамович;Адамович Г.В.;«Современные записки», кн. 53-я;Рецензия на художественную книгу;Куприн А.И.;Русская литература;Эмигрантская литература;;;;Жанета;Последние новости;Париж;Газета;№4607;02.11.1933;2;Подвал
Георгий Адамович;Адамович Г.В.;«Современные записки», кн. 53-я;Рецензия на художественную книгу;Зайцев Б.К.;Русская литература;Эмигрантская литература;;;;Дом в Пасси;Последние новости;Париж;Газета;№4607;02.11.1933;2;Подвал
Георгий Адамович;Адамович Г.В.;«Современные записки», кн. 53-я;Рецензия на художественную книгу;Яновский В.С.;Русская литература;Эмигрантская литература;;;;Преображение;Последние новости;Париж;Газета;№4607;02.11.1933;2;Подвал
Георгий Адамович;Адамович Г.В.;«Современные записки», кн. 53-я;Рецензия на художественную книгу;Ладинский А.П.;Русская литература;Эмигрантская литература;;;;Через улицу;Последние новости;Париж;Газета;№4607;02.11.1933;2;Подвал
Георгий Адамович;Адамович Г.В.;«Современные записки», кн. 53-я;Рецензия на художественную книгу;Гефтер А.А.;Русская литература;Эмигрантская литература;;;;Смерч;Последние новости;Париж;Газета;№4607;02.11.1933;2;Подвал
Георгий Адамович;Адамович Г.В.;«Современные записки», кн. 53-я;Рецензия на статью;В. ВейдлеВ.;Русская литература;Эмигрантская литература;;;;Чистая поэзия;Последние новости;Париж;Газета;№4607;02.11.1933;2;Подвал
Георгий Адамович;Адамович Г.В.;«Современные записки», кн. 53-я;Рецензия на статью;Цветаева М.И.;Русская литература;Эмигрантская литература;;;;;Последние новости;Париж;Газета;№4607;02.11.1933;2;Подвал
Георгий Адамович;Адамович Г.В.;«Современные записки», кн. 53-я;Рецензия на статью;Алданов М.А.;Русская литература;Эмигрантская литература;;;;;Последние новости;Париж;Газета;№4607;02.11.1933;2;Подвал
А.;Адамович Г.В.;Неизвестная редакция «Маскарада»;Рецензия на статью;Эйхенбаум Б.М.;Русская литература;Советская литература;Русская литература;1/2 XIXв.;Лермонтов М.Ю.;;Последние новости;Париж;Газета;№4607;02.11.1933;3;Чердак
Н. Ст.;Ильин M.A.;«У камелька»;Рецензия на художественную книгу;Минцлов С.Р.;Русская литература;Эмигрантская литература;;;;У камелька;Последние новости;Париж;Газета;№4607;02.11.1933;3;Чердак
В. Вейдле;Вейдле В.В.;Шарль Пегги;Персональная статья;Пегги Ш.;Французская литература;XXв.;;;;;Последние новости;Париж;Газета;№4607;02.11.1933;3;Чердак
В. Вейдле;Вейдле В.В.;Болезнь века;Обзорная статья;;Общее;Общее;;;;;Последние новости;Париж;Газета;№4612;07.11.1933;4;Подвал
Георгий Адамович;Адамович Г.В.;«Идивидуалистка»;Рецензия на художественную книгу;Огнев Н.;Русская литература;Советская литература;;;;Три измерения Калерии Липской;Последние новости;Париж;Газета;№4614;09.11.1933;2;Подвал
Демидов И.;Демидов И.П.;«Флот»;Рецензия на художественную книгу;Лукин А.И.;Русская литература;Эмигрантская литература;;;;Флот;Последние новости;Париж;Газета;№4614;09.11.1933;3;Чердак
С.;Калишевич Н.В.;Записная книжка Короленко;Рецензия на публикацию;;Русская литература;Советская литература;Русская литература;2/2 XIXв.;Короленко В.Г.;Записная книжка;Последние новости;Париж;Газета;№4614;09.11.1933;3;Чердак
Мих. Ос.;Ильин M.A.;Проза поэта;Рецензия на художественную книгу;Лугин Г.;Русская литература;Эмигрантская литература;;;;28 градусов, 14 минут, 30 секунд восточной долготы;Последние новости;Париж;Газета;№4614;09.11.1933;3;Чердак
Р. Словцов;Калишевич Н.В.;Рисунки Пушкина;Рецензия на исследование;Эфрос А.;Русская литература;Советская литература;Русская литература;1/2 XIXв.;Пушкин А.С.;Рисунки поэта;Последние новости;Париж;Газета;№4614;09.11.1933;3;Подвал
Дионео;Кулишер А.М.;Козьма Прутков по-советски;Рецензия на исследование;Берков П.Н.;Русская литература;Советская литература;Русская литература;2/2 XIXв.;Козьма Прутков;;Последние новости;Париж;Газета;№4616;11.11.1933;2;Чердак
В. Вейдле;Вейдле В.В.;Умирание вещей;Обзорная статья;;Общее;Общее;;;;;Последние новости;Париж;Газета;№4619;14.11.1933;2;Подвал
Алданов М.;Алданов М.А.;Об искусстве Бунина;Персональная статья;Бунин И.А.;Русская литература;Эмигрантская литература;;;;;Последние новости;Париж;Газета;№4621;16.11.1933;2;Подвал
Милюков П.;Милюков П.Н.;Привет лауреату;Персональная статья;Бунин И.А.;Русская литература;Эмигрантская литература;;;;;Последние новости;Париж;Газета;№4621;16.11.1933;3;Чердак
Георгий Адамович;Адамович Г.В.;9-го ноября;Персональная статья;Бунин И.А.;Русская литература;Эмигрантская литература;;;;;Последние новости;Париж;Газета;№4621;16.11.1933;3;Чердак
Мих. Осоргин;Ильин M.A.;«Господин из Сан-Фрациско»;Рецензия на художественную книгу;Бунин И.А.;Русская литература;Эмигрантская литература;;;;Господин из Сан-Фрациско»;Последние новости;Париж;Газета;№4621;16.11.1933;3;Чердак
Гиппиус З.;Гиппиус З.Н.;В сей час;Персональная статья;Бунин И.А.;Русская литература;Эмигрантская литература;;;;;Последние новости;Париж;Газета;№4621;16.11.1933;3;Чердак
В. Вейдле;Вейдле В.В.;Полдень;Персональная статья;Бунин И.А.;Русская литература;Эмигрантская литература;;;;;Последние новости;Париж;Газета;№4621;16.11.1933;3;Чердак
Андрей Седых;Седых А.;—;Персональная статья;Бунин И.А.;Русская литература;Эмигрантская литература;;;;;Последние новости;Париж;Газета;№4621;16.11.1933;3—4;Чердак
Л. Зуров;Зуров Л.;1920—1933;Персональная статья;Бунин И.А.;Русская литература;Эмигрантская литература;;;;;Последние новости;Париж;Газета;№4621;16.11.1933;4;Чердак
Р. Словцов;Калишевич Н.В.;Неизданный Толстой;Рецензия на публикацию;;Русская литература;Советская литература;Русская литература;2/2 XIXв.;Толстой Л.Н.;;Последние новости;Париж;Газета;№4626;21.11.1933;4;Подвал
Георгий Адамович;Адамович Г.В.;План;Обзорная статья;;Русская литература;Советская литература;;;;;Последние новости;Париж;Газета;№4628;23.11.1933;2;Подвал
В. Вейдле;Вейдле В.В.;Памяти Аполлинера;Юбилейная статья;Аполлинер Г.;Французская литература;XXв.;;;;;Последние новости;Париж;Газета;№4628;23.11.1933;3;Чердак
Мих. Ос.;Ильин M.A.;«Карусель»;Рецензия на художественную книгу;Даули Д.;Итальянская литература;XXв.;;;;;Последние новости;Париж;Газета;№4628;23.11.1933;3;Чердак
Р. Словцов;Калишевич Н.В.;Легенда о Ромео и Джульетте;Рецензия на исследование;Ховет Г.;Французская литература;XXв.;;;;;Последние новости;Париж;Газета;№4628;23.11.1933;3;Подвал
М. Бенедиктов;Берхин М.;Эдуард VII;Рецензия на художественную книгу;Моруа А.;Французская литература;XXв.;;;;Эдуард VII;Последние новости;Париж;Газета;№4628;23.11.1933;4;Подвал
Ек. Кускова;Кускова Е.Д.;О справедливости и «песенке Вертинского»;Обзорная статья;;Русская литература;Эмигрантская литература;;;;;Последние новости;Париж;Газета;№4629;24.11.1933;2;Подвал
Р. Словцов;Калишевич Н.В.;Конец Александра Бестужева;Рецензия на художественную книгу;Толстая Т.;Русская литература;Советская литература;Русская литература;1/2 XIXв.;Бестужев А.А.;А.А. Бестужев;Последние новости;Париж;Газета;№4633;28.11.1933;3;Подвал
Георгий Адамович;Адамович Г.В.;Литературные заметки;Рецензия на художественную книгу;Зуров Л.Ф.;Русская литература;Эмигрантская литература;;;;Древний путь;Последние новости;Париж;Газета;№4635;30.11.1933;3;Подвал
Георгий Адамович;Адамович Г.В.;Литературные заметки;Рецензия на художественную книгу;Ильф И., Петров Е.;Русская литература;Советская литература;;;;Как создавался Робинзон;Последние новости;Париж;Газета;№4635;30.11.1933;3;Подвал
Пл.;;Новый роман Гауптмана;Рецензия на художественную книгу;Гауптман Г.;Немецкая литература;XXв.;;;;Мерлин;Последние новости;Париж;Газета;№4635;30.11.1933;3;Чердак
В. Вейдле;Вейдле В.В.;Жан Мореас;Персональная статья;Мореас Ж.;Французская литература;2/2 XIXв.;;;;;Последние новости;Париж;Газета;№4635;30.11.1933;3;Чердак
Р. Словцов;Калишевич Н.В.;Летопись жизни Тютчева;Рецензия на исследование;Чулков Г.И.;Русская литература;Советская литература;Русская литература;2/2 XIXв.;Тютчев Ф.И.;Летопись жизни и творчества Ф.И. Тютчева;Последние новости;Париж;Газета;№4635;30.11.1933;4;Подвал
М. Бенедиктов;Берхин М.;Дипломат на троне;Рецензия на художественную книгу;Моруа А.;Французская литература;XXв.;;;;;Последние новости;Париж;Газета;№4637;02.12.1933;3;Подвал
В. Вейдле;Вейдле В.В.;Кармен;Рецензия на художественную книгу;Мериме П.;Французская литература;1/2 XIXв.;;;;;Последние новости;Париж;Газета;№4638;03.12.1933;3;Подвал
Георгий Адамович;Адамович Г.В.;Избранный Брюсов;Персональная статья;Брюсов В.Я.;Русская литература;Советская литература;;;;;Последние новости;Париж;Газета;№4642;07.12.1933;3;Подвал
В. Вейдле;Вейдле В.В.;Стефан Георге;Некролог;Георге С.;Немецкая литература;XXв.;;;;;Последние новости;Париж;Газета;№4642;07.12.1933;3;Чердак
Н. Ст.;Ильин M.A.;Новые издания;Обзорная статья;;Русская литература;Эмигрантская литература;;;;;Последние новости;Париж;Газета;№4642;07.12.1933;3;Чердак
Р. Словцов;Калишевич Н.В.;Переписка Л.Н. Толстого;Рецензия на публикацию;;Русская литература;Советская литература;Русская литература;2/2 XIXв.;Толстой Л.Н.;Полное собрание сочинений;Последние новости;Париж;Газета;№4642;07.12.1933;4;Подвал
В. Вейдле;Вейдле В.В.;Стендаль;Персональная статья;Стендаль;Французская литература;1/2 XIXв.;;;;;Последние новости;Париж;Газета;№4647;12.12.1933;3;Подвал
Георгий Адамович;Адамович Г.В.;На разные темы;Рецензия на художественную книгу;Лебеденко А.Г.;Русская литература;Советская литература;;;;Тяжелый дивизион;Последние новости;Париж;Газета;№4649;14.12.1933;3;Подвал
Георгий Адамович;Адамович Г.В.;На разные темы;Рецензия на издание;;Русская литература;Эмигрантская литература;;;;Кочевье;Последние новости;Париж;Газета;№4649;14.12.1933;3;Подвал
Георгий Адамович;Адамович Г.В.;На разные темы;Персональная статья;Селин Л.-Ф.;Французская литература;XXв.;;;;;Последние новости;Париж;Газета;№4649;14.12.1933;3;Подвал
Георгий Адамович;Адамович Г.В.;На разные темы;Персональная статья;Мальро А.;Французская литература;XXв.;;;;;Последние новости;Париж;Газета;№4649;14.12.1933;3;Подвал
А. Д.;Даманская А.;Андре Мальро;Персональная статья;Мальро А.;Французская литература;XXв.;;;;;Последние новости;Париж;Газета;№4649;14.12.1933;3;Чердак
Мих. Ос.;Ильин M.A.;Хасидские рассказы И.Л.Перетца;Персональная статья;Перетц И.Л.;Еврейская литература;XXв.;;;;;Последние новости;Париж;Газета;№4649;14.12.1933;3;Чердак
Р. Словцов;Калишевич Н.В.;Судьба Полежаева;Рецензия на публикацию;;Русская литература;Советская литература;Русская литература;1/2 XIXв.;Полежаев А.И.;Стихотворения;Последние новости;Париж;Газета;№4654;19.12.1933;2;Подвал
Ю. Сазонова;Сазонова Ю.Л.;Фильм действительности;Обзорная статья;;Общее;Общее;;;;;Последние новости;Париж;Газета;№4654;19.12.1933;3;Подвал
Р. Словцов;Калишевич Н.В.;Поэт «Искры»;Рецензия на публикацию;;Русская литература;Советская литература;Русская литература;2/2 XIXв.;;Поэты «Искры»;Последние новости;Париж;Газета;№4656;21.12.1933;3;Подвал
В. Вейдле;Вейдле В.В.;Сонеты Шекспира;Персональная статья;Шекспир У.;Английская литература;XVIIв.;;;;;Последние новости;Париж;Газета;№4656;21.12.1933;3;Чердак
Георгий Адамович;Адамович Г.В.;Литературные заметки;Рецензия на художественную книгу;Воинова А.;Русская литература;Советская литература;;;;Восток и Запад;Последние новости;Париж;Газета;№4663;28.12.1933;2;Подвал
Т. Таманин;;«Иисус Неизвестный»;Рецензия на художественную книгу;Мережковский Д.С.;Русская литература;Эмигрантская литература;;;;Иисус Неизвестный;Последние новости;Париж;Газета;№4663;28.12.1933;3;Чердак
Мих. Осоргин;Ильин M.A.;С.Р. Минцлов;Некролог;Минцлов С.Р.;Русская литература;Эмигрантская литература;;;;;Последние новости;Париж;Газета;№4663;28.12.1933;3;Чердак
Г.А.;Адамович Г.В.;А. Луначарский;Некролог;Луначарский А.В.;Русская литература;Советская литература;;;;;Последние новости;Париж;Газета;№4663;28.12.1933;3;Чердак
Р. Словцов;Калишевич Н.В.;«Общество безвестных людей»;Рецензия на публикацию;;Русская литература;Советская литература;Русская литература;1/2 XIXв.;;;Последние новости;Париж;Газета;№4663;28.12.1933;3;Подвал
Георгий Адамович;Адамович Г.В.;Сирин;Персональная статья;Сирин В. (Набоков В.В.);Русская литература;Эмигрантская литература;;;;;Последние новости;Париж;Газета;№4670;04.01.1934;3;Подвал
В. Вейдле;Вейдле В.В.;Якоб Вассерман;Некролог;Вассерман Я.;Немецкая литература;XXв.;;;;;Последние новости;Париж;Газета;№4670;04.01.1934;3;Чердак
Р. Словцов;Калишевич Н.В.;Восемнадцатый век в архивах;Рецензия на публикацию;;Русская литература;Советская литература;Русская литература;XVIIIв.;;Литературное наследство;Последние новости;Париж;Газета;№4670;04.01.1934;4;Подвал
Ю. Сазонова;Сазонова Ю.Л.;Одиночество;Обзорная статья;;Русская литература;Советская литература;;;;;Последние новости;Париж;Газета;№4672;06.01.1934;3;Подвал
В. Вейдле;Вейдле В.В.;Гоголь и Гофман;Персональная статья;Гоголь Н.В.;Русская литература;1/2 XIXв.;Немецкая литература;1/2 XIXв.;Гофман Э.Т.А.;;Последние новости;Париж;Газета;№4677;11.01.1934;3;Чердак
Демидов И.;Демидов И.П.;М.А. Алданов;Рецензия на художественную книгу;Алданов М.А.;Русская литература;Эмигрантская литература;;;;«Бегства», «Пещера»;Последние новости;Париж;Газета;№4677;11.01.1934;4;Подвал
Ю. Сазонова;Сазонова Ю.Л.;Рококо;Рецензия на художественную книгу;Моран П.;Французская литература;XXв.;;;;Рококо;Последние новости;Париж;Газета;№4679;13.01.1934;3;Подвал
Р. Словцов;Калишевич Н.В.;Последняя книга Андрей Белого;Рецензия на художественную книгу;Белый А.;Русская литература;Советская литература;;;;Начало века;Последние новости;Париж;Газета;№4682;16.01.1934;3;Подвал
Георгий Адамович;Адамович Г.В.;Анна Ахматова;Персональная статья;Ахматова А.А.;Русская литература;Советская литература;;;;;Последние новости;Париж;Газета;№4684;18.01.1934;2;Подвал
В. Вейдле;Вейдле В.В.;Анри Ренье;Персональная статья;Ренье А.;Французская литература;XXв.;;;;;Последние новости;Париж;Газета;№4684;18.01.1934;3;Чердак
Р. Словцов;Калишевич Н.В.;История двух романов Тургенева;Рецензия на публикацию;;Русская литература;Советская литература;Русская литература;2/2 XIXв.;Тургенев И.С.;Рудин, дворянское гнездо;Последние новости;Париж;Газета;№4684;18.01.1934;4;Подвал
С.;Калишевич Н.В.;Эпос вогулов;Рецензия на исследование;Плотников М.А.;Русская литература;Советская литература;Литература вогулов;Общее;;;Последние новости;Париж;Газета;№4691;25.01.1934;3;Чердак
—ъ;Адамович Г.В.;Бр. Таро—плагиаторы?;Персональная статья;Таро Жан, Таро Жер;Французская литература;XXв.;;;;;Последние новости;Париж;Газета;№4691;25.01.1934;3;Чердак
А. Д.;Даманская А.;Герман Бар;Некролог;Бар Г.;Австрийская литература;XXв.;;;;;Последние новости;Париж;Газета;№4691;25.01.1934;3;Чердак
М.Б.;Берхин М.;Литтон Стрэчи;Рецензия на художественную книгу;Стречи Л.;Английская литература;XXв.;;;;Characters and Commentaries;Последние новости;Париж;Газета;№4691;25.01.1934;3;Чердак
Даманская А.;Даманская А.;Муза-Даг;Рецензия на художественную книгу;Верфель Ф.;Австрийская литература;XXв.;;;;Сорок дней Муса-Дага;Последние новости;Париж;Газета;№4692;26.01.1934;5;Подвал
В. Вейдле;Вейдле В.В.;Байрон в Женеве;Персональная статья;Байрон Д.;Английская литература;1/2 XIXв.;;;;;Последние новости;Париж;Газета;№4694;28.01.1934;4;Подвал
Георгий Адамович;Адамович Г.В.;«Жалость»;Рецензия на художественную книгу;Герасимова В.А.;Русская литература;Советская литература;;;;Жалость;Последние новости;Париж;Газета;№4698;01.02.1934;3;Подвал
С.;Адамович Г.В.;Новое издание Калевалы;Рецензия на публикацию;;Русская литература;Советская литература;Русская литература;Фольклор;;Калевала;Последние новости;Париж;Газета;№4698;01.02.1934;3;Чердак
В. Вейдле;Вейдле В.В.;Трагедии Сенеки;Рецензия на перевод;Академия;Русская литература;Советская литература;Античная литература;Iв.;Сенека Л.А.;;Последние новости;Париж;Газета;№4698;01.02.1934;3;Чердак
В. Мякотин;Мякотин В.А.;Сборник в честь проф. Л.Милетича;Рецензия на издание;;Русская литература;Эмигрантская литература;Болгарская литература;XXв.;Милетич Л.;;Последние новости;Париж;Газета;№4698;01.02.1934;3;Чердак
М.;;Новый роман Карла Чапека;Рецензия на художественную книгу;Чапек К.;Чешская литература;XXв.;;;;Povetron;Последние новости;Париж;Газета;№4698;01.02.1934;3;Чердак
Р. Словцов;Калишевич Н.В.;Критики и читатели «Войны и мира»;Рецензия на исследование;Спиридонов В.А.;Русская литература;Советская литература;Русская литература;2/2 XIXв.;Толстой Л.Н.;Л.Н. Толстой. Библиография;Последние новости;Париж;Газета;№4698;01.02.1934;4;Подвал
В. Вейдле;Вейдле В.В.;Байрон в Женеве;Персональная статья;Байрон Д.;Английская литература;1/2 XIXв.;;;;;Последние новости;Париж;Газета;№4700;03.02.1934;3;Подвал
Георгий Адамович;Адамович Г.В.;Стихи;Рецензия на художественную книгу;Гомолицкий Л.Н.;Русская литература;Эмигрантская литература;;;;Дом;Последние новости;Париж;Газета;№4705;08.02.1934;2;Подвал
Георгий Адамович;Адамович Г.В.;Стихи;Рецензия на художественную книгу;Дешевой Н.;Русская литература;Эмигрантская литература;;;;Листопад;Последние новости;Париж;Газета;№4705;08.02.1934;2;Подвал
Георгий Адамович;Адамович Г.В.;Стихи;Рецензия на художественную книгу;Волков Б.Н.;Русская литература;Эмигрантская литература;;;;В пыли чужих дорог;Последние новости;Париж;Газета;№4705;08.02.1934;2;Подвал
Георгий Адамович;Адамович Г.В.;Стихи;Рецензия на художественную книгу;Галахов В.;Русская литература;Эмигрантская литература;;;;Враждебный мир;Последние новости;Париж;Газета;№4705;08.02.1934;2;Подвал
Георгий Адамович;Адамович Г.В.;Стихи;Рецензия на художественную книгу;Гладищев П.;Русская литература;Эмигрантская литература;;;;Сны наяву;Последние новости;Париж;Газета;№4705;08.02.1934;2;Подвал
В. Вейдле;Вейдле В.В.;Зырянские песни;Рецензия на публикацию;Лах Р.;Немецкая литература;XXв.;Русская литература;Фольклор;;;Последние новости;Париж;Газета;№4705;08.02.1934;3;Чердак
М.;;«Ирод» Л. Теплицкого;Рецензия на художественную книгу;Теплицкий Л.Д.;Русская литература;Эмигрантская литература;;;;Ирод;Последние новости;Париж;Газета;№4705;08.02.1934;3;Чердак
Н. К—гъ;Кнорринг Н.Н.;«Беруны»;Рецензия на художественную книгу;Давыдов З.;Русская литература;Советская литература;;;;Беруны;Последние новости;Париж;Газета;№4705;08.02.1934;3;Чердак
А.Н.Т.;;Журнал содружества;Рецензия на издание;;Русская литература;Эмигрантская литература;;;;Журнал Содружества;Последние новости;Париж;Газета;№4705;08.02.1934;3;Чердак
Р. Словцов;Калишевич Н.В.;Два редактора;Рецензия на публикацию;;Русская литература;Советская литература;Русская литература;2/2 XIXв.;Антонович М.А.;Шестидесятые годы;Последние новости;Париж;Газета;№4705;08.02.1934;3;Подвал
Р. Словцов;Калишевич Н.В.;Два редактора;Рецензия на публикацию;;Русская литература;Советская литература;Русская литература;2/2 XIXв.;Елисеев Г.З.;Шестидесятые годы;Последние новости;Париж;Газета;№4705;08.02.1934;3;Подвал
Георгий Адамович;Адамович Г.В.;«Современные записки», кн. 54-я;Рецензия на художественную книгу;Зайцев Б.К.;Русская литература;Эмигрантская литература;;;;Дом в Пасси;Последние новости;Париж;Газета;№4711;15.02.1934;2;Подвал
Георгий Адамович;Адамович Г.В.;«Современные записки», кн. 54-я;Рецензия на художественную книгу;Алданов М.А.;Русская литература;Эмигрантская литература;;;;Пещера;Последние новости;Париж;Газета;№4711;15.02.1934;2;Подвал
Георгий Адамович;Адамович Г.В.;«Современные записки», кн. 54-я;Рецензия на художественную книгу;Сирин В. (Набоков В.В.);Русская литература;Эмигрантская литература;;;;Отчаяние;Последние новости;Париж;Газета;№4711;15.02.1934;2;Подвал
Георгий Адамович;Адамович Г.В.;«Современные записки», кн. 54-я;Рецензия на художественную книгу;Газданов Г.И.;Русская литература;Эмигрантская литература;;;;Железные лорд;Последние новости;Париж;Газета;№4711;15.02.1934;2;Подвал
Георгий Адамович;Адамович Г.В.;«Современные записки», кн. 54-я;Рецензия на художественную книгу;Гиппиус З.Н.;Русская литература;Эмигрантская литература;;;;Стихи;Последние новости;Париж;Газета;№4711;15.02.1934;2;Подвал
Георгий Адамович;Адамович Г.В.;«Современные записки», кн. 54-я;Рецензия на художественную книгу;Бальмонт К.Д.;Русская литература;Эмигрантская литература;;;;Стихи;Последние новости;Париж;Газета;№4711;15.02.1934;2;Подвал
Георгий Адамович;Адамович Г.В.;«Современные записки», кн. 54-я;Рецензия на художественную книгу;Цветаева М.И.;Русская литература;Эмигрантская литература;;;;Дом у старого Пимена;Последние новости;Париж;Газета;№4711;15.02.1934;2;Подвал
Георгий Адамович;Адамович Г.В.;«Современные записки», кн. 54-я;Рецензия на статью;Милюков П.Н.;Русская литература;Эмигрантская литература;Русская литература;2/2 XIXв.;Тургенев И.С.;;Последние новости;Париж;Газета;№4711;15.02.1934;2;Подвал
Георгий Адамович;Адамович Г.В.;«Современные записки», кн. 54-я;Рецензия на статью;Степун Ф.А.;Русская литература;Эмигрантская литература;;;;;Последние новости;Париж;Газета;№4711;15.02.1934;2;Подвал
В. Вейдле;Вейдле В.В.;Научный жаргон в СССР;Обзорная статья;;Русская литература;Советская литература;;;;;Последние новости;Париж;Газета;№4711;15.02.1934;3;Чердак
А. Д.;Даманская А.;Новый роман Фейхтвангера;Рецензия на художественную книгу;Фейхтвангер Л.;Немецкая литература;XXв.;;;;Geschwister Oppenheim;Последние новости;Париж;Газета;№4711;15.02.1934;3;Чердак
Ю. Сазонова;Сазонова Ю.Л.;Советские свидетели;Обзорная статья;;Русская литература;Советская литература;;;;;Последние новости;Париж;Газета;№4713;17.02.1934;3;Подвал
В. Вейдле;Вейдле В.В.;Три любви;Обзорная статья;;Общее;Общее;;;;;Последние новости;Париж;Газета;№4715;19.02.1934;3;Подвал
Р. Словцов;Калишевич Н.В.;Денис Давыдов;Рецензия на публикацию;;Русская литература;Советская литература;Русская литература;1/2 XIXв.;Давыдов Д.;Полное собрание сочинений;Последние новости;Париж;Газета;№4718;22.02.1934;3;Подвал
Георгий Адамович;Адамович Г.В.;Язык и свобода;Обзорная статья;;Русская литература;Общее;;;;;Последние новости;Париж;Газета;№4718;22.02.1934;3;Подвал
А.;Адамович Г.В.;Э.Багрицкий;Некролог;Багрицкий Э.Г.;Русская литература;Советская литература;;;;;Последние новости;Париж;Газета;№4718;22.02.1934;3;Чердак
Алданов М.;Алданов М.А.;«Встречи»;Рецензия на издание;;Русская литература;Эмигрантская литература;;;;Встречи;Последние новости;Париж;Газета;№4718;22.02.1934;3;Чердак
Бальмонт К.;Бальмонт К.Д.;Деревенские поэмы Филеаса Лебега;Рецензия на художественную книгу;Лебег Ф.;Французская литература;XXв.;;;;Сhoix de poêmes;Последние новости;Париж;Газета;№4719;23.02.1934;2;Подвал
Ю. Сазонова;Сазонова Ю.Л.;Страх жизни;Персональная статья;Кафка Ф.;Австрийская литература;XXв.;;;;;Последние новости;Париж;Газета;№4720;24.02.1934;4;Подвал
Р. Словцов;Калишевич Н.В.;Безумие Гаршина;Рецензия на публикацию;;Русская литература;Советская литература;Русская литература;2/2 XIXв.;Гаршин В.М.;В.М. Гаршин. Полное собрание сочинений;Последние новости;Париж;Газета;№4723;27.02.1934;3;Подвал
Мих. Ос.;Ильин M.A.;Повесть о пустяках;Рецензия на художественную книгу;Темирязев Б. (Анненков Ю.П.);Русская литература;Эмигрантская литература;;;;;Последние новости;Париж;Газета;№4725;01.03.1934;3;Чердак
Н. К—гъ;Кнорринг Н.Н.;«Соленый ветер»;Рецензия на художественную книгу;Лухманов Д.А.;Русская литература;Советская литература;;;;Соленый ветер;Последние новости;Париж;Газета;№4725;01.03.1934;3;Чердак
С.;Калишевич Н.В.;Обращение О-Нила;Рецензия на художественную книгу;О-Нил Ю.Г.;Американская литература;XXв.;;;;Бесконечные дни;Последние новости;Париж;Газета;№4725;01.03.1934;3;Чердак
Р. Словцов;Калишевич Н.В.;Забытый писатель;Рецензия на публикацию;;Русская литература;Советская литература;Русская литература;2/2 XIXв.;Успенский Н.;Николай Успенский. Сочинения;Последние новости;Париж;Газета;№4725;01.03.1934;3;Подвал
В. Вейдле;Вейдле В.В.;Вдохновение убийства;Персональная статья;Ласнер П.-Ф.;Французская литература;1/2 XIXв.;;;;;Последние новости;Париж;Газета;№4729;05.03.1934;2;Подвал
Р. Словцов;Калишевич Н.В.;В крепостной усадьбе;Рецензия на публикацию;;Русская литература;Советская литература;Русская литература;2/2 XIXв.;Водовозова Е.Н.;На заре жизни;Последние новости;Париж;Газета;№4730;06.03.1934;4;Подвал
Георгий Адамович;Адамович Г.В.;Морские романы;Рецензия на художественную книгу;Тихонов Н.С.;Русская литература;Советская литература;;;;Война;Последние новости;Париж;Газета;№4732;08.03.1934;3;Подвал
Георгий Адамович;Адамович Г.В.;Морские романы;Рецензия на художественную книгу;Новиков-Прибой А.С.;Русская литература;Советская литература;;;;Цусима;Последние новости;Париж;Газета;№4732;08.03.1934;3;Подвал
Георгий Адамович;Адамович Г.В.;Морские романы;Рецензия на художественную книгу;Лавренев Б.А.;Русская литература;Советская литература;;;;Синее и белое;Последние новости;Париж;Газета;№4732;08.03.1934;3;Подвал
Георгий Адамович;Адамович Г.В.;Морские романы;Рецензия на художественную книгу;Малышкин А.Г.;Русская литература;Советская литература;;;;Севастополь;Последние новости;Париж;Газета;№4732;08.03.1934;3;Подвал
Георгий Адамович;Адамович Г.В.;Морские романы;Рецензия на художественную книгу;Соболев Л.С.;Русская литература;Советская литература;;;;Капитальный ремонт;Последние новости;Париж;Газета;№4732;08.03.1934;3;Подвал
А. Даманская;Даманская А.;Последний роман Ром. Роллана;Рецензия на художественную книгу;Роллан Р.;Французская литература;XXв.;;;;Очарованная душа;Последние новости;Париж;Газета;№4732;08.03.1934;4;Подвал
А. Ш.;Швыров А.В.;Автор «Трильби»;Юбилейная статья;Морье Д. дю;Английская литература;2/2 XIXв.;;;;;Последние новости;Париж;Газета;№4732;08.03.1934;3;Чердак
Н. К—гъ;Кнорринг Н.Н.;«Бархатный диктатор»;Рецензия на художественную книгу;Гроссман Л.П.;Русская литература;Советская литература;Русская литература;2/2 XIXв.;Гаршин В.М.;Бархатный диктатор;Последние новости;Париж;Газета;№4732;08.03.1934;3;Чердак
Ю. Сазонова;Сазонова Ю.Л.;О Данте;Персональная статья;Алигьери Д.;Итальянская литература;XIVв.;;;;;Последние новости;Париж;Газета;№4734;10.03.1934;4;Подвал
Георгий Адамович;Адамович Г.В.;«Немецкая слобода»;Рецензия на художественную книгу;Нитобург Л.;Русская литература;Советская литература;;;;Немецкая слобода;Последние новости;Париж;Газета;№4739;15.03.1934;2;Подвал
В. Вейдле;Вейдле В.В.;Два старых поэта;Персональная статья;Менар Ф.;Французская литература;XVIIв.;;;;;Последние новости;Париж;Газета;№4739;15.03.1934;3;Чердак
В. Вейдле;Вейдле В.В.;Два старых поэта;Персональная статья;Сев М.;Французская литература;XVIв.;;;;;Последние новости;Париж;Газета;№4739;15.03.1934;3;Чердак
А. Д.;Даманская А.;«Фонтамара»;Рецензия на художественную книгу;Cиллоне И.;Итальянская литература;XXв.;;;;Фонтамара;Последние новости;Париж;Газета;№4739;15.03.1934;3;Чердак
Казак;;Казачье единство;Рецензия на издание;;Русская литература;Эмигрантская литература;;;;Казачье Единство;Последние новости;Париж;Газета;№4739;15.03.1934;3;Чердак
Б/а;Б/а;«Иллюстрированная жизнь»;Рецензия на издание;;Русская литература;Эмигрантская литература;;;;Иллюстрированная жизнь;Последние новости;Париж;Газета;№4739;15.03.1934;3;Чердак
Р. Словцов;Калишевич Н.В.;Молодежь шестидесятых годов;Рецензия на публикацию;;Русская литература;Советская литература;Русская литература;2/2 XIXв.;Водовозова Е.Н.;Е.Н. Водовозова. На заре жизни и другие воспоминания;Последние новости;Париж;Газета;№4739;15.03.1934;3;Подвал
Б/а;Б/а;Процесс Оскара Уйальда;Рецензия на исследование;Пэк Х.;Английская литература;XXв.;Ирландская литература;XXв.;Уальд О.;Процесс Оскара Уйальда;Последние новости;Париж;Газета;№4740;16.03.1934;5;Чердак
Ю. Сазонова;Сазонова Ю.Л.;Советская смерть;Обзорная статья;;Русская литература;Советская литература;;;;;Последние новости;Париж;Газета;№4741;17.03.1934;4;Подвал
С.;Калишевич Н.В.;Цветаева о Белом;Рецензия на статью;Цветаева М.И.;Русская литература;Эмигрантская литература;Русская литература;Советская литература;Белый А.;;Последние новости;Париж;Газета;№4741;17.03.1934;4;Чердак
Р. Словцов;Калишевич Н.В.;Гитара и словарь;Рецензия на исследование;Эйхенбаум Б.М.;Русская литература;Советская литература;Русская литература;2/2 XIXв.;Макаров Н.П.;Маршрут в бессмертие. Жизнь и подвиги чухломского дворянина и международного лексикографа Николая Петровича Макарова;Последние новости;Париж;Газета;№4744;20.03.1934;4;Подвал
Р. Словцов;Калишевич Н.В.;Газета в одно су;Рецензия на исследование;Мориенваль Ж.;Французская литература;XXв.;Французская литература;2/2 XIXв.;Милло М.-П.;Les creatures de la grande presse en France;Последние новости;Париж;Газета;№4751;27.03.1934;3;Подвал
Георгий Адамович;Адамович Г.В.;Литературные заметки;Рецензия на художественную книгу;Северянин И.;Русская литература;Эмигрантская литература;;;;Медальоны;Последние новости;Париж;Газета;№4753;29.03.1934;2;Подвал
Георгий Адамович;Адамович Г.В.;Литературные заметки;Рецензия на художественную книгу;Червинская Л.Д.;Русская литература;Эмигрантская литература;;;;Приближения;Последние новости;Париж;Газета;№4753;29.03.1934;2;Подвал
Георгий Адамович;Адамович Г.В.;Литературные заметки;Рецензия на издание;;Русская литература;Эмигрантская литература;;;;Чураевка;Последние новости;Париж;Газета;№4753;29.03.1934;2;Подвал
Ю. Сазонова;Сазонова Ю.Л.;Ложь ;Обзорная статья;;Общее;Общее;;;;;Последние новости;Париж;Газета;№4755;31.03.1934;4;Подвал
Р. Словцов;Калишевич Н.В.;Воспоминания И.Л. Толстого;Рецензия на художественную книгу;;Русская литература;Эмигрантская литература;Русская литература;2/2 XIXв.;Толстой Л.Н.;Мои воспоминания;Последние новости;Париж;Газета;№4758;03.04.1934;2;Подвал
Георгий Адамович;Адамович Г.В.;«Собственность»;Рецензия на художественную книгу;Романов П.С.;Русская литература;Советская литература;;;;Собственность;Последние новости;Париж;Газета;№4760;05.04.1934;2;Подвал
А.;Адамович Г.В.;Гоголевский сборник;Рецензия на публикацию;;Русская литература;Советская литература;Русская литература;1/2 XIXв.;Гоголь Н.В.;Гоголевский сборник;Последние новости;Париж;Газета;№4760;05.04.1934;3;Чердак
С.;Калишевич Н.В.;Новое издание Пушкина;Рецензия на публикацию;;Русская литература;Советская литература;Русская литература;1/2 XIXв.;Пушкин А.С.;Полное собрание сочинений Пушкина;Последние новости;Париж;Газета;№4760;05.04.1934;3;Чердак
В. Вейдле;Вейдле В.В.;Бодлер и Прарон;Персональная статья;Бодлер Ш.;Французская литература;2/2 XIXв.;;;;;Последние новости;Париж;Газета;№4760;05.04.1934;3;Чердак
В. Вейдле;Вейдле В.В.;Бодлер и Прарон;Персональная статья;Прарон Э.;Французская литература;2/2 XIXв.;;;;;Последние новости;Париж;Газета;№4760;05.04.1934;3;Чердак
Георгий Адамович;Адамович Г.В.;Парижские впечатления;Обзорная статья;;Русская литература;Эмигрантская литература;;;;;Последние новости;Париж;Газета;№4774;12.04.1934;2;Подвал
Мих. Ос.;Ильин M.A.;Роман женщины;Рецензия на художественную книгу;Дарская Е.;Французская литература;XXв.;;;;L’éveil, Echec à l’amour;Последние новости;Париж;Газета;№4774;12.04.1934;3;Чердак
В. Вейдле;Вейдле В.В.;Романтическое искусство;Обзорная статья;;Общее;Общее;;;;;Последние новости;Париж;Газета;№4774;12.04.1934;4;Подвал
Р. Словцов;Калишевич Н.В.;История двух поэм Блока;Рецензия на публикацию;;Русская литература;Советская литература;Русская литература;Начало XXв.;Блок А.А.;Поэмы. «Двенадцать». «Скифы». «Возмездие»;Последние новости;Париж;Газета;№4774;12.04.1934;3;Подвал
Г.А.;Адамович Г.В.;Неизвестная страница Гоголя;Рецензия на исследование;Оксман Ю.;Русская литература;Советская литература;Русская литература;1/2 XIXв.;Гоголь Н.В.;;Последние новости;Париж;Газета;№4774;19.04.1934;3;Чердак
В. Вейдле;Вейдле В.В.;Сент-Бев и Гюго;Персональная статья;Сент-Бев Ш.О. де;Французская литература;1/2 XIXв.;;;;;Последние новости;Париж;Газета;№4774;19.04.1934;3;Чердак
В. Вейдле;Вейдле В.В.;Сент-Бев и Гюго;Персональная статья;Гюго В.;Французская литература;1/2 XIXв.;;;;;Последние новости;Париж;Газета;№4774;19.04.1934;3;Чердак
Георгий Адамович;Адамович Г.В.;Повести Герцена;Рецензия на публикацию;;Русская литература;Советская литература;Русская литература;2/2 XIXв.;Герцен А.И.;;Последние новости;Париж;Газета;№4781;26.04.1934;2;Подвал
В. Мякотин;Мякотин В.А.;Новый труд о древнерусской поэзии;Рецензия на исследование;Ляцкий Е.;Русская литература;Советская литература;Русская литература;Древнерусская;;Слово о полку Игореве;Последние новости;Париж;Газета;№4781;26.04.1934;3;Чердак
Н. К—гъ;Кнорринг Н.Н.;Детская литература в СССР;Обзорная статья;;Русская литература;Советская литература;;;;;Последние новости;Париж;Газета;№4781;26.04.1934;3;Чердак
С.;Калишевич Н.В.;Планы издательства «Академия»;Рецензия на издание;;Русская литература;Советская литература;;;;Академия;Последние новости;Париж;Газета;№4781;26.04.1934;3;Чердак
В. Вейдле;Вейдле В.В.;Аббат Прево;Персональная статья;Прево А.;Французская литература;XVIIIв.;;;;;Последние новости;Париж;Газета;№4782;27.04.1934;3;Подвал
Ю. Сазонова;Сазонова Ю.Л.;Литературные совпадения;Обзорная статья;;Общее;Общее;;;;;Последние новости;Париж;Газета;№4783;28.04.1934;4;Подвал
Р. Словцов;Калишевич Н.В.;Как писались «Плоды просвещения»;Рецензия на публикацию;;Русская литература;Советская литература;Русская литература;2/2 XIXв.;Толстой Л.Н.;Л.Н. Толстой. Полное собрание сочинений;Последние новости;Париж;Газета;№4788;03.05.1934;2;Подвал
Ю. Сазонова;Сазонова Ю.Л.;В литературной казарме;Обзорная статья;;Русская литература;Советская литература;;;;;Последние новости;Париж;Газета;№4790;05.05.1934;3;Подвал
Георгий Адамович;Адамович Г.В.;«Путь правый»;Рецензия на художественную книгу;Шаршун С.И.;Русская литература;Эмигрантская литература;;;;Путь правый;Последние новости;Париж;Газета;№4795;10.05.1934;2;Подвал
В. Вейдле;Вейдле В.В.;Брюссельские дневники Бодлера;Персональная статья;Бодлер Ш.;Французская литература;2/2 XIXв.;;;;;Последние новости;Париж;Газета;№4795;10.05.1934;3;Чердак
Н. К—гъ;Кнорринг Н.Н.;«Корень жизни»;Рецензия на художественную книгу;Пришвин М.М.;Русская литература;Советская литература;;;;Жень-Шень;Последние новости;Париж;Газета;№4795;10.05.1934;3;Чердак
Георгий Адамович;Адамович Г.В.;Человек и коммунизм;Рецензия на художественную книгу;Рамюз Ш.;Швейцарская литература;XXв.;;;;Taille de l’homme;Последние новости;Париж;Газета;№4802;17.05.1934;2;Подвал
Р. Словцов;Калишевич Н.В.;Новое о Щедрине;Рецензия на публикацию;;Русская литература;Советская литература;Русская литература;2/2 XIXв.;Салтыков-Щедрин М.Е.;Литературное наследство;Последние новости;Париж;Газета;№4802;17.05.1934;3;Подвал
Н. Кнорринг;Кнорринг Н.Н.;Книжные жалобы;Обзорная статья;;Общее;Общее;;;;;Последние новости;Париж;Газета;№4804;19.05.1934;3;Подвал
Р. Словцов;Калишевич Н.В.;А.В. Сухово-Кобылин;Рецензия на публикацию;Коншина Е.;Русская литература;Советская литература;Русская литература;2/2 XIXв.;Сухово-Кобылин А.В.;Труды Публичной библиотеки СССР имени Ленина;Последние новости;Париж;Газета;№4807;22.05.1934;4;Подвал
Георгий Адамович;Адамович Г.В.;«Современные записки», кн. 55-я;Рецензия на художественную книгу;Шмелев И.С.;Русская литература;Эмигрантская литература;;;;Няня из Москвы;Последние новости;Париж;Газета;№4809;24.05.1934;2;Подвал
Георгий Адамович;Адамович Г.В.;«Современные записки», кн. 55-я;Рецензия на художественную книгу;Сирин В. (Набоков В.В.);Русская литература;Эмигрантская литература;;;;Отчаяние;Последние новости;Париж;Газета;№4809;24.05.1934;2;Подвал
Георгий Адамович;Адамович Г.В.;«Современные записки», кн. 55-я;Рецензия на художественную книгу;Алданов М.А.;Русская литература;Эмигрантская литература;;;;Пещера;Последние новости;Париж;Газета;№4809;24.05.1934;2;Подвал
Георгий Адамович;Адамович Г.В.;«Современные записки», кн. 55-я;Рецензия на художественную книгу;Цветаева М.И.;Русская литература;Эмигрантская литература;;;;Плененный дух;Последние новости;Париж;Газета;№4809;24.05.1934;2;Подвал
С.;Калишевич Н.В.;Как писал Чехов;Рецензия на исследование;Тренин В.;Русская литература;Советская литература;Русская литература;2/2 XIXв.;Чехов А.П.;Работа Чехова над новеллой;Последние новости;Париж;Газета;№4809;24.05.1934;3;Чердак
А. Д.;Даманская А.;Франц Элленс;Рецензия на художественную книгу;Элленс Ф.;Бельгийская литература;XXв.;;;;Fraicheur de la mer;Последние новости;Париж;Газета;№4809;24.05.1934;3;Чердак
Р. Словцов;Калишевич Н.В.;Февральский манифест;Рецензия на публикацию;;Русская литература;Советская литература;Русская литература;2/2 XIXв.;Анненков П.В.;Труды Публичной библиотеки СССР имени Ленина;Последние новости;Париж;Газета;№4809;24.05.1934;3;Подвал
Р. Словцов;Калишевич Н.В.;«Другой Ленский»;Рецензия на публикацию;;Русская литература;Советская литература;Русская литература;1/2 XIXв.;Веневитинов Д.В.;Д.В. Веневитинов. Полное собрание сочинений;Последние новости;Париж;Газета;№4814;29.05.1934;4;Подвал
Георгий Адамович;Адамович Г.В.;Радость;Рецензия на художественную книгу;Авдеенко А.О.;Русская литература;Советская литература;;;;Я люблю;Последние новости;Париж;Газета;№4816;31.05.1934;2;Подвал
В. Вейдле;Вейдле В.В.;Слава Гельдерлина;Персональная статья;Гельдерлин Ф.;Немецкая литература;1/2 XIXв.;;;;;Последние новости;Париж;Газета;№4816;31.05.1934;3;Чердак
Г.А.;Адамович Г.В.;«Новь»;Рецензия на издание;;Русская литература;Эмигрантская литература;;;;Новь;Последние новости;Париж;Газета;№4816;31.05.1934;3;Чердак
Р. Словцов;Калишевич Н.В.;Русские писатели в 60-х годах;Рецензия на публикацию;Чуковский К.И.;Русская литература;Советская литература;Русская литература;2/2 XIXв.;;Люди и книги шестидесятых годов;Последние новости;Париж;Газета;№4816;31.05.1934;3;Подвал
Р. Словцов;Калишевич Н.В.;Новый том писем Достоевского;Рецензия на публикацию;Долинин А.С.;Русская литература;Советская литература;Русская литература;2/2 XIXв.;Достоевский Ф.М.;Ф.М. Достоевский. Письма III. 1872—1877;Последние новости;Париж;Газета;№4822;05.06.1934;3;Подвал
Георгий Адамович;Адамович Г.В.;Радость;Рецензия на художественную книгу;Авдеенко А.О.;Русская литература;Советская литература;;;;Я люблю;Последние новости;Париж;Газета;№4824;07.06.1934;3;Подвал
А. Д.;Даманская А.;Мария Жеверс;Рецензия на художественную книгу;Жеверс М.;Фламандская литература;XXв.;;;;Madame Orpha;Последние новости;Париж;Газета;№4824;07.06.1934;3;Чердак
Н. К—гъ;Кнорринг Н.Н.;Малолетний Витушишников;Рецензия на художественную книгу;Тынянов Ю.Н.;Русская литература;Советская литература;;;;Малолетний Витушишников;Последние новости;Париж;Газета;№4824;07.06.1934;3;Чердак
Т.;;«Казачье единство»;Рецензия на издание;;Русская литература;Эмигрантская литература;;;;Казачье Единство;Последние новости;Париж;Газета;№4824;07.06.1934;3;Чердак
Р. Словцов;Калишевич Н.В.;«Дневник писателя» и его читатели;Рецензия на публикацию;;Русская литература;Советская литература;Русская литература;2/2 XIXв.;Достоевский Ф.М.;Ф.М. Достоевский. Письма III. 1872—1877;Последние новости;Париж;Газета;№4824;07.06.1934;4;Подвал
Р. Словцов;Калишевич Н.В.;Северные сказочники;Рецензия на публикацию;;Русская литература;Советская литература;Русская литература;Фольклор;;Сказки и предания Северного края;Последние новости;Париж;Газета;№4828;12.06.1934;3;Подвал
Б/а;Б/а;Пушкин в издании ГИХЛ-а;Рецензия на публикацию;Чуковский К.И.;Русская литература;Советская литература;Русская литература;1/2 XIXв.;Пушкин А.С.;;Последние новости;Париж;Газета;№4830;14.06.1934;2;Чердак
Георгий Адамович;Адамович Г.В.;Андрей Белый и Гоголь;Рецензия на исследование;Белый А.;Русская литература;Советская литература;Русская литература;1/2 XIXв.;Гоголь Н.В.;Мастерство Гоголя;Последние новости;Париж;Газета;№4830;14.06.1934;2;Подвал
М. К.;;Чехов на Монпарнассе;Персональная статья;;Французская литература;XXв.;Русская литература;2/2 XIXв.;Чехов А.П.;;Последние новости;Париж;Газета;№4830;14.06.1934;3;Чердак
Г.А.;Адамович Г.В.;Памяти К. Вагинова;Некролог;Вагинов К.К.;Русская литература;Советская литература;;;;;Последние новости;Париж;Газета;№4830;14.06.1934;3;Чердак
В. Вейдле;Вейдле В.В.;Мистраль;Персональная статья;Мистраль Ф.;Французская литература;XXв.;;;;;Последние новости;Париж;Газета;№4830;14.06.1934;3;Чердак
Р. Словцов;Калишевич Н.В.;Жизнь и стихи Тютчева;Рецензия на публикацию;;Русская литература;Советская литература;Русская литература;2/2 XIXв.;Тютчев Ф.И.;Ф.И. Тютчев. Полное собрание сочинений;Последние новости;Париж;Газета;№4830;14.06.1934;3;Подвал
Ю. Сазонова;Сазонова Ю.Л.;Портреты;Рецензия на художественную книгу;Лакретель Ж. де;Французская литература;XXв.;;;;Les aveux étudiés;Последние новости;Париж;Газета;№4832;16.06.1934;4;Подвал
Р. Словцов;Калишевич Н.В.;«Фонарь» и «Марсельеза»;Рецензия на публикацию;;Русская литература;Советская литература;Французская литература;2/2 XIXв.;Рошфор А.;Приключения моей жизни;Последние новости;Париж;Газета;№4835;19.06.1934;4;Подвал
Георгий Адамович;Адамович Г.В.;Корень жизни;Рецензия на художественную книгу;Пришвин М.М.;Русская литература;Советская литература;;;;Жень-Шень;Последние новости;Париж;Газета;№4837;21.06.1934;2;Подвал
В. Вейдле;Вейдле В.В.;Марксистские искусствоведы;Обзорная статья;;Русская литература;Советская литература;;;;;Последние новости;Париж;Газета;№4838;22.06.1934;5;Подвал
Ю. Сазонова;Сазонова Ю.Л.;Духовный путь Гоголя;Персональная статья;Гоголь Н.В.;Русская литература;1/2 XIXв.;;;;;Последние новости;Париж;Газета;№4840;24.06.1934;4;Подвал
Георгий Адамович;Адамович Г.В.;«Числа»;Рецензия на художественную книгу;Агеев М.;Русская литература;Эмигрантская литература;;;;Повесть с кокаином;Последние новости;Париж;Газета;№4844;28.06.1934;2;Подвал
Георгий Адамович;Адамович Г.В.;«Числа»;Рецензия на художественную книгу;Фельзен Ю.;Русская литература;Эмигрантская литература;;;;Возвращение;Последние новости;Париж;Газета;№4844;28.06.1934;2;Подвал
Георгий Адамович;Адамович Г.В.;«Числа»;Рецензия на художественную книгу;Шаршун С.И.;Русская литература;Эмигрантская литература;;;;С одинокими Господь;Последние новости;Париж;Газета;№4844;28.06.1934;2;Подвал
Георгий Адамович;Адамович Г.В.;«Числа»;Рецензия на художественную книгу;Алферов А.;Русская литература;Эмигрантская литература;;;;;Последние новости;Париж;Газета;№4844;28.06.1934;2;Подвал
Георгий Адамович;Адамович Г.В.;«Числа»;Рецензия на художественную книгу;Татищев Н.;Русская литература;Эмигрантская литература;;;;;Последние новости;Париж;Газета;№4844;28.06.1934;2;Подвал
Георгий Адамович;Адамович Г.В.;«Числа»;Рецензия на художественную книгу;Горлин М.;Русская литература;Эмигрантская литература;;;;;Последние новости;Париж;Газета;№4844;28.06.1934;2;Подвал
Георгий Адамович;Адамович Г.В.;«Числа»;Рецензия на художественную книгу;Поплавский Б.Ю.;Русская литература;Эмигрантская литература;;;;Бал;Последние новости;Париж;Газета;№4844;28.06.1934;2;Подвал
Георгий Адамович;Адамович Г.В.;«Числа»;Рецензия на художественную книгу;Оцуп Н.А.;Русская литература;Эмигрантская литература;;;;Красавица;Последние новости;Париж;Газета;№4844;28.06.1934;2;Подвал
Георгий Адамович;Адамович Г.В.;«Числа»;Рецензия на статью;Поплавский Б.Ю.;Русская литература;Эмигрантская литература;;;;Вокруг «Чисел»;Последние новости;Париж;Газета;№4844;28.06.1934;2;Подвал
В. Вейдле;Вейдле В.В.;Жюль Ренар;Персональная статья;Ренар Ж.;Французская литература;;;;;;Последние новости;Париж;Газета;№4844;28.06.1934;3;Чердак
Н. К.;;Записки о будущей японо-американской войне;Рецензия на художественную книгу;Фукунага К.;Японская литература;XXв.;;;;Записки о будущей японо-американской войне;Последние новости;Париж;Газета;№4844;28.06.1934;3;Чердак
А.;Адамович Г.В.;Неизведанные стихи Некрасова;Рецензия на публикацию;Чуковский К.И.;Русская литература;Советская литература;Русская литература;2/2 XIXв.;Некрасов Н.А.;;Последние новости;Париж;Газета;№4844;28.06.1934;3;Чердак
Ю. Сазонова;Сазонова Ю.Л.;Сломанный мир;Рецензия на художественную книгу;Марсель Г.;Французская литература;XXв.;;;;Le Monde Cassé;Последние новости;Париж;Газета;№4846;30.06.1934;5;Подвал
М. Бенедиктов;Берхин М.;Против Гюго;Персональная статья;Гюго В.;Французская литература;1/2 XIXв.;;;;;Последние новости;Париж;Газета;№4847;01.07.1934;5;Подвал
Р. Словцов;Калишевич Н.В.;Как писалась и исполнялась «Женитьба»;Рецензия на исследование;Данилов С.С.;Русская литература;Советская литература;Русская литература;1/2 XIXв.;Гоголь Н.В.;«Женитьба» Н.В. Гоголя;Последние новости;Париж;Газета;№4849;03.07.1934;2;Подвал
Р.С.;Калишевич Н.В.;Памяти А.А. Яблоновского;Некролог;Яблоновский А.А.;Русская литература;Эмигрантская литература;;;;;Последние новости;Париж;Газета;№4851;05.07.1934;3;Чердак
Г.А.;Адамович Г.В.;«Скит»;Рецензия на издание;;Русская литература;Эмигрантская литература;;;;Скит;Последние новости;Париж;Газета;№4851;05.07.1934;3;Чердак
А. Ш.;Швыров А.В.;Литературный скандал в Англии;Рецензия на исследование;;Английская литература;XXв.;;;;An Enquiry into the Nature of Certain Nineteenth Century Pamphlets;Последние новости;Париж;Газета;№4851;05.07.1934;3;Чердак
Дон-Аминадо;Шполянский А.П.;А.А. Яблоновский;Некролог;Яблоновский А.А.;Русская литература;Эмигрантская литература;;;;;Последние новости;Париж;Газета;№4851;05.07.1934;4;Чердак
С. Поляков-Литовцев;Поляков-Литовцев С.;Хаим Нахман Бялик;Некролог;Бялик Х.Н.;Еврейская литература;XXв.;;;;;Последние новости;Париж;Газета;№4856;10.07.1934;3;Подвал
Георгий Адамович;Адамович Г.В.;Литературные заметки;Рецензия на художественную книгу;Шагинян М.С.;Русская литература;Советская литература;;;;Тайна трех букв;Последние новости;Париж;Газета;№4858;12.07.1934;3;Подвал
Георгий Адамович;Адамович Г.В.;Литературные заметки;Рецензия на художественную книгу;Киршон В.;Русская литература;Советская литература;;;;Чудесный сплав;Последние новости;Париж;Газета;№4858;12.07.1934;3;Подвал
В. Вейдле;Вейдле В.В.;Анри де Монтерлан;Персональная статья;Монтерлан А. де;Французская литература;XXв.;;;;;Последние новости;Париж;Газета;№4858;12.07.1934;3;Чердак
Б/а;Б/а;«Разбойник Сухай»;Рецензия на художественную книгу;Ольбрахт И.;Чешская литература;XXв.;;;;Разбойник Сухай;Последние новости;Париж;Газета;№4858;12.07.1934;3;Чердак
Ек. Кускова;Кускова Е.Д.;Король шутки;Некролог;Яблоновский А.А.;Русская литература;Эмигрантская литература;;;;;Последние новости;Париж;Газета;№4859;13.07.1934;3;Подвал
Георгий Адамович;Адамович Г.В.;О Чехове;Персональная статья;Чехов А.П.;Русская литература;2/2 XIXв.;;;;;Последние новости;Париж;Газета;№4865;19.07.1934;3;Подвал
Мих. Ос.;Ильин M.A.;В дебрях Манчжурии;Рецензия на художественную книгу;Байков Н.;Русская литература;Эмигрантская литература;;;;В дебрях Манчжурии;Последние новости;Париж;Газета;№4865;19.07.1934;3;Чердак
А. Д.;Даманская А.;Чеслав Галич;Рецензия на художественную книгу;Галич Ч.;Польская литература;XXв.;;;;Ludzie Którzy jeszcze Zyja Warszawa;Последние новости;Париж;Газета;№4865;19.07.1934;3;Чердак
Ю. Сазонова;Сазонова Ю.Л.;Надежда;Рецензия на художественную книгу;Арлан М.;Французская литература;XXв.;;;;Les vivants;Последние новости;Париж;Газета;№4867;21.07.1934;5;Подвал
Р. Словцов;Калишевич Н.В.;Из прошлого;Рецензия на исследование;Ашукин Н.С.;Русская литература;Советская литература;Русская литература;1/2 XIXв.;Пушкин А.С.;«Живой Пушкин»;Последние новости;Париж;Газета;№4870;24.07.1934;4;Подвал
Р. Словцов;Калишевич Н.В.;Из прошлого;Рецензия на художественную книгу;Гиляровский В.А.;Русская литература;Советская литература;Русская литература;2/2 XIXв.;Сухово-Кобылин А.В.;Друзья и встречи;Последние новости;Париж;Газета;№4870;24.07.1934;4;Подвал
В. Вейдле;Вейдле В.В.;Искусство и машины;Рецензия на исследование;Волькенштейн В.;Русская литература;Советская литература;;;;Опыт современной эстетики;Последние новости;Париж;Газета;№4872;26.07.1934;3;Чердак
Георгий Адамович;Адамович Г.В.;Рукопись;Рецензия на художественную книгу;;Русская литература;Советская литература;;;;;Последние новости;Париж;Газета;№4872;26.07.1934;3;Подвал
Бальмонт К.;Бальмонт К.Д.;О поэзии Фета;Персональная статья;Фет А.А.;Русская литература;2/2 XIXв.;;;;;Последние новости;Париж;Газета;№4875;29.07.1934;5;Подвал
А.;Адамович Г.В.;Чехов о самоубийцах;Рецензия на публикацию;;Русская литература;Советская литература;Русская литература;2/2 XIXв.;Чехов А.П.;Литературный Ленинград;Последние новости;Париж;Газета;№4875;29.07.1934;5;Чердак
Ю. Сазонова;Сазонова Ю.Л.;Время;Обзорная статья;;Общее;Общее;;;;;Последние новости;Париж;Газета;№4877;31.07.1934;4;Подвал
Мих. Ос.;Ильин M.A.;Франко-русский роман;Рецензия на художественную книгу;Пари Ж.;Французская литература;XXв.;;;;Les hommes sont pressés;Последние новости;Париж;Газета;№4879;02.08.1934;3;Чердак
Георгий Адамович;Адамович Г.В.;Литературные заметки;Рецензия на художественную книгу;Катаев В.П.;Русская литература;Советская литература;;;;Дорога цветов;Последние новости;Париж;Газета;№4879;02.08.1934;3;Подвал
Георгий Адамович;Адамович Г.В.;Литературные заметки;Рецензия на художественную книгу;Пильняк Б.А.;Русская литература;Советская литература;;;;Рассказы;Последние новости;Париж;Газета;№4879;02.08.1934;3;Подвал
А.;Адамович Г.В.;«Тень Фонвизина»;Рецензия на художественную книгу;Пушкин А.С.;Русская литература;1/2 XIXв.;;;;;Последние новости;Париж;Газета;№4881;04.08.1934;5;Чердак
Н. К—гъ;Кнорринг Н.Н.;Две книги о Тургеневе;Рецензия на исследование;;Русская литература;Советская литература;Русская литература;2/2 XIXв.;Тургенев И.С.;И.С. Тургенев. К пятидесятилетию его смерти;Последние новости;Париж;Газета;№4886;09.08.1934;3;Чердак
Н. К—гъ;Кнорринг Н.Н.;Две книги о Тургеневе;Рецензия на исследование;Клеман М.К.;Русская литература;Советская литература;Русская литература;2/2 XIXв.;Тургенев И.С.;Летопись жизни и творчества И.С. Тургенева;Последние новости;Париж;Газета;№4886;09.08.1934;3;Чердак
С.;Калишевич Н.В.;Судьба архивов Салтыкова;Рецензия на публикацию;;Русская литература;Советская литература;Русская литература;2/2 XIXв.;Салтыков-Щедрин М.Е.;Литературное наследство;Последние новости;Париж;Газета;№4886;09.08.1934;3;Чердак
Георгий Адамович;Адамович Г.В.;Неизданная проза Брюсова;Рецензия на публикацию;;Русская литература;Советская литература;Русская литература;Советская литература;Брюсов В.Я.;Валерий Брюсов. Неизданная проза;Последние новости;Париж;Газета;№4886;09.08.1934;3;Подвал
Р. Словцов;Калишевич Н.В.;Иудушка Головлев и его прототип;Рецензия на публикацию;;Русская литература;Советская литература;Русская литература;2/2 XIXв.;Салтыков-Щедрин М.Е.;Литературное наследство;Последние новости;Париж;Газета;№4891;14.08.1934;3;Подвал
Р. Словцов;Калишевич Н.В.;Писатель и читатели;Рецензия на публикацию;;Русская литература;Советская литература;Русская литература;2/2 XIXв.;Салтыков-Щедрин М.Е.;Литературное наследство №13-14;Последние новости;Париж;Газета;№4893;16.08.1934;2;Подвал
Н. К—гъ;Кнорринг Н.Н.;Путеводитель по русской библиографии;Рецензия на исследование;Фомин А.Г.;Русская литература;Советская литература;;;;;Последние новости;Париж;Газета;№4893;16.08.1934;3;Чердак
В. Мякотин;Мякотин В.А.;Стихотворения А.С. Хомякова;Рецензия на публикацию;Францев В.А.;Русская литература;Эмигрантская литература;Русская литература;1/2 XIXв.;Хомяков А.С.;;Последние новости;Париж;Газета;№4893;16.08.1934;3;Чердак
Георгий Адамович;Адамович Г.В.;Литературные заметки;Рецензия на художественную книгу;Федин К.А.;Русская литература;Советская литература;;;;Похищение Европы;Последние новости;Париж;Газета;№4893;16.08.1934;3;Подвал
А. В—инъ;;Юмор и сатира;Рецензия на издание;;Русская литература;Советская литература;;;;Крокодил;Последние новости;Париж;Газета;№4896;19.08.1934;2;Чердак
Р. Словцов;Калишевич Н.В.;Москва «Войны и мира»;Рецензия на публикацию;;Русская литература;Советская литература;Русская литература;1/2 XIXв.;Жихарев С.П.;С.П. Жихарев. Записки современника. Дневник студента;Последние новости;Париж;Газета;№4898;21.08.1934;3;Подвал
Георгий Адамович;Адамович Г.В.;Литературные заметки;Рецензия на исследование;Бицилли П.М.;Русская литература;Эмигрантская литература;;;;Краткая история русской литературы (от Пушкина до наших дней)»;Последние новости;Париж;Газета;№4900;23.08.1934;3;Подвал
Георгий Адамович;Адамович Г.В.;Литературные заметки;Рецензия на художественную книгу;Унковский В.;Русская литература;Эмигрантская литература;;;;Перелом;Последние новости;Париж;Газета;№4900;23.08.1934;3;Подвал
Н. К—гъ;Кнорринг Н.Н.;Татарский роман;Рецензия на художественную книгу;Ибрагимов Г.;Татарская литература;XXв.;;;;Дочь степи;Последние новости;Париж;Газета;№4900;23.08.1934;3;Чердак
Р. Словцов;Калишевич Н.В.;Москва в 1805 году;Рецензия на публикацию;;Русская литература;Советская литература;Русская литература;1/2 XIXв.;Жихарев С.П.;С.П. Жихарев. Записки современника. Дневник студента;Последние новости;Париж;Газета;№4900;23.08.1934;4;Подвал
Р. Словцов;Калишевич Н.В.;Из писем и бумаг В.Г. Короленко;Рецензия на публикацию;;Русская литература;Советская литература;Русская литература;2/2 XIXв.;Короленко В.Г.;В.Г. Короленко. Воспоминания о писателях;Последние новости;Париж;Газета;№4905;28.08.1934;3;Подвал
Георгий Адамович;Адамович Г.В.;Святые мечты;Персональная статья;Жуковский В.А.;Русская литература;1/2 XIXв.;;;;;Последние новости;Париж;Газета;№4905;30.08.1934;3;Подвал
Мих. Ос.;Ильин M.A.;Новая книга А.И. Куприна;Рецензия на художественную книгу;Куприн А.И.;Русская литература;Эмигрантская литература;;;;Жанета;Последние новости;Париж;Газета;№4905;30.08.1934;3;Чердак
М. Б.;Берхин М.;«После Шелли»;Рецензия на публикацию;;Английская литература;XXв.;Английская литература;1/2 XIXв.;Вилльямс Д., Хогг Д., Шелли П.;After Shelley. The letters of T.J. Hoss to Jane Williams;Последние новости;Париж;Газета;№4905;30.08.1934;3;Чердак
Р. Словцов;Калишевич Н.В.;Иван Пнин;Рецензия на публикацию;;Русская литература;Советская литература;Русская литература;XVIIIв.;Пнин И.;Иван Пнин. Сочинения;Последние новости;Париж;Газета;№4905;30.08.1934;4;Подвал
Ю. Сазонова;Сазонова Ю.Л.;Восстание против слова;Рецензия на художественную книгу;Моруа А.;Французская литература;XXв.;;;;Инстинкт счастья;Последние новости;Париж;Газета;№4909;01.09.1934;3;Подвал
Р. Словцов;Калишевич Н.В.;Горьковский сборник;Рецензия на публикацию;Десницкий В.А.;Русская литература;Советская литература;Русская литература;Советская литература;Горький М.;М. Горький. Материалы и исследования;Последние новости;Париж;Газета;№4912;04.09.1934;4;Подвал
В. Вейдле;Вейдле В.В.;Появление Шекспира;Персональная статья;Шекспир У.;Английская литература;;;;;;Последние новости;Париж;Газета;№4914;06.09.1934;3;Чердак
Ант. Ладинский;Ладинский А.П.;В канадской усадьбе;Рецензия на художественную книгу;Мазо де ля Рош;Канадская литература;XXв.;;;;Jilda. Plon;Последние новости;Париж;Газета;№4914;06.09.1934;3;Чердак
Георгий Адамович;Адамович Г.В.;По советским журналам ;Рецензия на статью;Зощенко М.М.;Русская литература;Советская литература;;;;Основы нашей статьи;Последние новости;Париж;Газета;№4914;06.09.1934;4;Подвал
Георгий Адамович;Адамович Г.В.;По советским журналам ;Рецензия на художественную книгу;Олеша Ю.К.;Русская литература;Советская литература;;;;Строгий юноша;Последние новости;Париж;Газета;№4914;06.09.1934;4;Подвал
Георгий Адамович;Адамович Г.В.;По советским журналам ;Рецензия на художественную книгу;Берггольц О.;Русская литература;Советская литература;;;;Журналисты;Последние новости;Париж;Газета;№4914;06.09.1934;4;Подвал
Георгий Адамович;Адамович Г.В.;Чехов и вера;Рецензия на исследование;Курдюмов В.;Русская литература;Эмигрантская литература;;;;Сердце смятенное;Последние новости;Париж;Газета;№4921;13.09.1934;2;Подвал
В. Вейдле;Вейдле В.В.;Хосе Ортега;Персональная статья;Хосе Ортега-и-Гассе́т;Итальянская литература;XXв.;;;;;Последние новости;Париж;Газета;№4921;13.09.1934;3;Чердак
С.П.;Поляков-Литовцев С.;Книжный кризис;Обзорная статья;;Французская литература;XXв.;;;;;Последние новости;Париж;Газета;№4921;13.09.1934;3;Чердак
Р. Словцов;Калишевич Н.В.;Род Достоевского;Рецензия на исследование;Волоцкой М.В.;Русская литература;Советская литература;Русская литература;2/2 XIXв.;Достоевский Ф.М.;М.В. Волоцкой. Хроника рода Достоевского;Последние новости;Париж;Газета;№4921;13.09.1934;3;Подвал
Ю. Сазонова;Сазонова Ю.Л.;Инфляция чувств;Обзорная статья;;Общее;Общее;;;;;Последние новости;Париж;Газета;№4923;15.09.1934;4;Подвал
Р. Словцов;Калишевич Н.В.;Петербург 60-х годов;Рецензия на публикацию;;Русская литература;Советская литература;Русская литература;2/2 XIXв.;Штакеншнейдер Е.А.;Е.А.Штакеншнейдер. Дневник и записки (1854—1886);Последние новости;Париж;Газета;№4926;18.09.1934;4;Подвал
Георгий Адамович;Адамович Г.В.;После съезда;Обзорная статья;;Русская литература;Советская литература;;;;;Последние новости;Париж;Газета;№4928;20.09.1934;2;Подвал
Бальмонт К.;Бальмонт К.Д.;Вестник;Некролог;Пименова-Нобль Л.Л.;Русская литература;Эмигрантская литература;;;;;Последние новости;Париж;Газета;№4928;20.09.1934;3;Чердак
Б/а;Б/а;Стихи Горького;Персональная статья;Горький М.;Русская литература;Советская литература;;;;;Последние новости;Париж;Газета;№4928;20.09.1934;3;Чердак
В. Вейдле;Вейдле В.В.;Маргарита Готье;Персональная статья;Дюма А.;Французская литература;2/2 XIXв.;;;;;Последние новости;Париж;Газета;№4929;21.09.1934;3;Подвал
Р. Словцов;Калишевич Н.В.;Салон Штакеншнейдеров;Рецензия на публикацию;;Русская литература;Советская литература;Русская литература;2/2 XIXв.;Штакеншнейдер Е.А.;Е.А.Штакеншнейдер. Дневник и записки (1854—1886);Последние новости;Париж;Газета;№4933;25.09.1934;3;Подвал
Георгий Адамович;Адамович Г.В.;После съезда;Обзорная статья;;Русская литература;Советская литература;;;;;Последние новости;Париж;Газета;№4935;27.09.1934;2;Подвал
В. Вейдле;Вейдле В.В.;Исидор Дюкасс;Персональная статья;Лотреамон (Дюкасс И.);Французская литература;2/2 XIXв.;;;;;Последние новости;Париж;Газета;№4935;27.09.1934;3;Чердак
В. Вейдле;Вейдле В.В.;Психоанализ и литература;Обзорная статья;;Общее;Общее;;;;;Последние новости;Париж;Газета;№4938;30.09.1934;4;Подвал
Р. Словцов;Калишевич Н.В.;Новый том «Звеньев»;Рецензия на издание;;Русская литература;Советская литература;;;;;Последние новости;Париж;Газета;№4942;04.10.1934;3;Подвал
С.;Калишевич Н.В.;Новые материалы московского «Литературного музея»;Рецензия на публикацию;;Русская литература;Советская литература;;;;Литературное наследство;Последние новости;Париж;Газета;№4942;04.10.1934;3;Чердак
Н.;;Стерилизованный мир;Рецензия на художественную книгу;Доржелес Р.;Французская литература;XXв.;;;;Si c’était vrai;Последние новости;Париж;Газета;№4942;04.10.1934;3;Чердак
Р. Словцов;Калишевич Н.В.;На Липецких водах;Рецензия на публикацию;;Русская литература;Советская литература;Русская литература;2/2 XIXв.;Жихарев С.П.;С.П. Жихарев. Записки современника. Дневник студента;Последние новости;Париж;Газета;№4947;09.10.1934;4;Подвал
Р. Словцов;Калишевич Н.В.;Достоевский и Победоносцев;Рецензия на публикацию;;Русская литература;Советская литература;Русская литература;2/2 XIXв.;Достоевский Ф.М.;Литературное наследство. Книга 15-ая;Последние новости;Париж;Газета;№4949;11.10.1934;3;Подвал
Мих. Ос.;Ильин M.A.;Словарь книговедения;Рецензия на исследование;Мезьер А.В.;Русская литература;Советская литература;;;;Словарный указатель по книговедению;Последние новости;Париж;Газета;№4949;11.10.1934;3;Чердак
В. Мякотин;Мякотин В.А.;Кирилло-Мефодиевская библиография;Рецензия на исследование;Ильинский Г.А.;Русская литература;Эмигрантская литература;;;;Опыт систематической кирилло-мефодиевской библиографии;Последние новости;Париж;Газета;№4949;11.10.1934;3;Чердак
Б/а;Б/а;«Читаете ли вы Анатоля Франса»?;Юбилейная статья;Франс А.;Французская литература;XXв.;;;;;Последние новости;Париж;Газета;№4949;11.10.1934;3;Чердак
Р. Словцов;Калишевич Н.В.;Четыре женщины;Рецензия на публикацию;;Русская литература;Советская литература;;;;Звенья. Сборники материалов и документов по истории литературы, искусства и общественной мысли XIX века;Последние новости;Париж;Газета;№4954;16.10.1934;4;Подвал
Георгий Адамович;Адамович Г.В.;Литературные заметки;Рецензия на исследование;Зайцев Б.К.;Русская литература;Эмигрантская литература;Русская литература;Эмигрантская литература;Бунин И.А.;И.А. Бунин: Жизнь и творчество;Последние новости;Париж;Газета;№4956;18.10.1934;2;Подвал
Георгий Адамович;Адамович Г.В.;Литературные заметки;Рецензия на исследование;Hoffman M., Pierre A.;Французская литература;XXв.;Русская литература;2/2 XIXв.;Толстой Л.Н.;La vie de Tolstoi;Последние новости;Париж;Газета;№4956;18.10.1934;2;Подвал
В. Вейдле;Вейдле В.В.;Рисунки Гюго;Персональная статья;Гюго В.;Французская литература;1/2 XIXв.;;;;;Последние новости;Париж;Газета;№4956;18.10.1934;3;Чердак
Б/а;Б/а;Самуэль Фишер;Некролог;Фишер С.;Немецкая литература;XXв.;;;;;Последние новости;Париж;Газета;№4956;18.10.1934;3;Чердак
Ю. Сазонова;Сазонова Ю.Л.;Жизнь Гейне;Рецензия на исследование;Валлентин А.;Французская литература;XXв.;Немецкая литература;1/2 XIXв.;Гейне Г.;Henri Heine;Последние новости;Париж;Газета;№4958;20.10.1934;5;Подвал
Р. Словцов;Калишевич Н.В.;Газетный золотой век;Рецензия на исследование;Вейлль Ж.;Французская литература;XXв.;;;;Le journal. Origines, évolution et rôle de la presse périodique;Последние новости;Париж;Газета;№496;23.10.1934;3;Подвал
Георгий Адамович;Адамович Г.В.;Поэзия здесь и там;Обзорная статья;;Русская литература;Советская литература;;;;;Последние новости;Париж;Газета;№4963;25.10.1934;3;Подвал
Ю. Сазонова;Сазонова Ю.Л.;Женщина;Рецензия на художественную книгу;Пейсон Э.;Французская литература;;;;;Une femme;Последние новости;Париж;Газета;№4963;25.10.1934;3;Чердак
Б/а;Б/а;70-летие Габриэля д’Аннунцио;Юбилейная статья;Аннунцио Г. де;Итальянская литература;XXв.;;;;;Последние новости;Париж;Газета;№4963;25.10.1934;4;Чердак
Р. Словцов;Калишевич Н.В.;Люди пушкинского Петербурга;Рецензия на исследование;Вересаев В.В.;Русская литература;Советская литература;Русская литература;1/2 XIXв.;Пушкин А.С.;В.Вересаев. Спутники Пушкина;Последние новости;Париж;Газета;№4968;30.10.1934;3;Подвал
Георгий Адамович;Адамович Г.В.;Литературные заметки;Рецензия на художественную книгу;Иванов Вс.Н.;Русская литература;Советская литература;;;;Похождения факира;Последние новости;Париж;Газета;№4970;01.11.1934;2;Подвал
Р. Словцов;Калишевич Н.В.;Судьба Николая Полевого;Рецензия на публикацию;;Русская литература;Советская литература;Русская литература;1/2 XIXв.;Полевой Н.А.;Николай Полевой. Материалы по истории русской журналистики 30-х годов;Последние новости;Париж;Газета;№4970;01.11.1934;3;Подвал
Кн. Сергей Волконский ;Волконский С.;Автобиография Г. Уэльса;Персональная статья;Уэльс Г.;Английская литература;XXв.;;;;;Последние новости;Париж;Газета;№4970;01.11.1934;3;Чердак
Мих. Ос.;Ильин M.A.;Старинная повесть;Рецензия на художественную книгу;Розенфельд С.;Русская литература;Советская литература;;;;Старинная повесть;Последние новости;Париж;Газета;№4970;01.11.1934;3;Чердак
С.;Калишевич Н.В.;Чтение наших предков;Обзорная статья;;Русская литература;Общее;;;;;Последние новости;Париж;Газета;№4970;01.11.1934;3;Чердак
Ю. Сазонова;Сазонова Ю.Л.;Ненужная победа;Персональная статья;Чехов А.П.;Русская литература;2/2 XIXв.;;;;;Последние новости;Париж;Газета;№4972;03.11.1934;5;Подвал
Р. Словцов;Калишевич Н.В.;Толстой и начало толстовства;Рецензия на публикацию;;Русская литература;Советская литература;Русская литература;2/2 XIXв.;Толстой Л.Н.;Л.Н. Толстой. Полное собрание сочинений;Последние новости;Париж;Газета;№4977;08.11.1934;2;Подвал
В. Вейдле;Вейдле В.В.;Моника Сент-Элье;Рецензия на художественную книгу;Сент-Элье М.;Французская литература;XXв.;;;;Bois-Mort;Последние новости;Париж;Газета;№4977;08.11.1934;3;Чердак
Георгий Адамович;Адамович Г.В.;«Современные записки», Кн. LVI;Рецензия на художественную книгу;Сирин В. (Набоков В.В.);Русская литература;Эмигрантская литература;;;;Отчаяние;Последние новости;Париж;Газета;№4977;08.11.1934;3;Подвал
Георгий Адамович;Адамович Г.В.;«Современные записки», Кн. LVI;Рецензия на художественную книгу;Алданов М.А.;Русская литература;Эмигрантская литература;;;;Пещера;Последние новости;Париж;Газета;№4977;08.11.1934;3;Подвал
Георгий Адамович;Адамович Г.В.;«Современные записки», Кн. LVI;Рецензия на художественную книгу;Газданов Г.И.;Русская литература;Эмигрантская литература;;;;Начало;Последние новости;Париж;Газета;№4977;08.11.1934;3;Подвал
Георгий Адамович;Адамович Г.В.;«Современные записки», Кн. LVI;Рецензия на статью;Степун Ф.А.;Русская литература;Эмигрантская литература;Русская литература;Советская литература;Белый А.;;Последние новости;Париж;Газета;№4977;08.11.1934;3;Подвал
М. Курдюмов;Курдюмов М.;Последние годы А.П. Чехова;Рецензия на публикацию;;Русская литература;Советская литература;Русская литература;2/2 XIXв.;Чехов А.П.;Переписка А.П. Чехова с О.Л.Книппер;Последние новости;Париж;Газета;№4978;09.11.1934;2;Подвал
Р. Словцов;Калишевич Н.В.;Некрасовский «Современник»;Рецензия на исследование;Евгеньев-Максимов В.;Русская литература;Советская литература;Русская литература;1/2 XIXв.;;В. Евгеньев-Максимов. «Современник» в 40-50 г.;Последние новости;Париж;Газета;№4984;15.11.1934;2;Подвал
В. Вейдле;Вейдле В.В.;Пиранделло;Персональная статья;Пиранделло Л.;Итальянская литература;XXв.;;;;;Последние новости;Париж;Газета;№4984;15.11.1934;3;Чердак
Г.А.;Адамович Г.В.;К 10-летию со дня смерти Брюсова;Юбилейная статья;Брюсов В.Я.;Русская литература;Советская литература;;;;;Последние новости;Париж;Газета;№4984;15.11.1934;3;Чердак
А. Д—ская;Даманская А.;Цыганская Библия;Рецензия на художественную книгу;Тувим Ю.;Польская литература;XXв.;;;;Цыганская Библия;Последние новости;Париж;Газета;№4984;15.11.1934;3;Чердак
Георгий Адамович;Адамович Г.В.;Перечитывая Бунина;Персональная статья;Бунин И.А.;Русская литература;Эмигрантская литература;;;;;Последние новости;Париж;Газета;№4984;15.11.1934;3;Подвал
Р.С.;Калишевич Н.В.;Памяти М.И. Ганфмана;Некролог;Ганфман М.И.;Русская литература;Эмигрантская литература;;;;;Последние новости;Париж;Газета;№4985;16.11.1934;2;Чердак
Ю. Сазонова;Сазонова Ю.Л.;Жюль Ромэн;Рецензия на художественную книгу;Ромен Ж.;Французская литература;XXв.;;;;Les hommes de bonne volonté;Последние новости;Париж;Газета;№4987;18.11.1934;4;Подвал
Р. Словцов;Калишевич Н.В.;Бабушка третьей революции;Рецензия на исследование;Кормье М.;Французская литература;XXв.;Французская литература;XXв.;Адан Ж.;Madame Juliette Adam ou l’aurore de la III République;Последние новости;Париж;Газета;№4989;20.11.1934;3;Подвал
Р. Словцов;Калишевич Н.В.;Письма Рылеева;Рецензия на публикацию;;Русская литература;Советская литература;Русская литература;1/2 XIXв.;Рылеев К.Ф.;К.Ф. Рылеев. Полное собрание сочинений;Последние новости;Париж;Газета;№4991;22.11.1934;3;Подвал
С.;Калишевич Н.В.;Пушкин-критик;Рецензия на исследование;Богословский Н.В.;Русская литература;Советская литература;Русская литература;1/2 XIXв.;Пушкин А.С.;Пушкин-критик;Последние новости;Париж;Газета;№4991;22.11.1934;3;Чердак
Георгий Адамович;Адамович Г.В.;«Первая министерская»;Рецензия на художественную книгу;Лебеденко А.Г.;Русская литература;Советская литература;;;;Первая министерская;Последние новости;Париж;Газета;№4991;22.11.1934;3;Чердак
Р.С.;Калишевич Н.В.;Н.П. Гронский;Некролог;Гронский Н.П.;Русская литература;Эмигрантская литература;;;;;Последние новости;Париж;Газета;№4992;23.11.1934;3;Чердак
П. Ковалевский;Ковалевский П.;Памяти Н.П. Гронского;Некролог;Гронский Н.П.;Русская литература;Эмигрантская литература;;;;;Последние новости;Париж;Газета;№4993;24.11.1934;3;Чердак
В. Вейдле;Вейдле В.В.;Дневник Андрэ Жида;Рецензия на художественную книгу;Жид А.;Французская литература;XXв.;;;;Pages de journal;Последние новости;Париж;Газета;№4998;29.11.1934;3;Чердак
А.;Адамович Г.В.;Братья Таро о сов.литературе;Рецензия на статью;Таро Жан, Таро Жер;Французская литература;XXв.;Русская литература;Советская литература;;;Последние новости;Париж;Газета;№4998;29.11.1934;3;Чердак
Георгий Адамович;Адамович Г.В.;Две пьесы Горького;Рецензия на художественную книгу;Горький М.;Русская литература;Советская литература;;;;Егор Булычев и другие, Достигаев и другие;Последние новости;Париж;Газета;№4998;29.11.1934;3;Подвал
Георгий Адамович;Адамович Г.В.;Литературные заметки;Рецензия на художественную книгу;Шаршун С.И.;Русская литература;Эмигрантская литература;;;;Долголиков;Последние новости;Париж;Газета;№5005;06.12.1934;2;Подвал
Георгий Адамович;Адамович Г.В.;Литературные заметки;Рецензия на художественную книгу;Вега М.;Русская литература;Эмигрантская литература;;;;Полынь;Последние новости;Париж;Газета;№5005;06.12.1934;2;Подвал
Георгий Адамович;Адамович Г.В.;Литературные заметки;Рецензия на художественную книгу;Несмелов А.;Русская литература;Эмигрантская литература;;;;Через океан;Последние новости;Париж;Газета;№5005;06.12.1934;2;Подвал
Георгий Адамович;Адамович Г.В.;Литературные заметки;Рецензия на художественную книгу;Артуа Д.;Русская литература;Эмигрантская литература;;;;Зовы земные;Последние новости;Париж;Газета;№5005;06.12.1934;2;Подвал
Георгий Адамович;Адамович Г.В.;Литературные заметки;Рецензия на художественную книгу;Гомолицкий Л.Н.;Русская литература;Эмигрантская литература;;;;Варшава;Последние новости;Париж;Газета;№5005;06.12.1934;2;Подвал
Георгий Адамович;Адамович Г.В.;Литературные заметки;Рецензия на художественную книгу;Шаховская З.А.;Русская литература;Эмигрантская литература;;;;Уход;Последние новости;Париж;Газета;№5005;06.12.1934;2;Подвал
Мих. Ос.;Ильин M.A.;«Книжники»;Рецензия на художественную книгу;Черноков М.;Русская литература;Советская литература;;;;Книжники;Последние новости;Париж;Газета;№5005;06.12.1934;3;Чердак
В. Вейдле;Вейдле В.В.;Эмманюэль Бов;Рецензия на художественную книгу;Бов Э.;Французская литература;XXв.;;;;Le Beau-fils;Последние новости;Париж;Газета;№5005;06.12.1934;3;Чердак
К — ъ;;Детские книги;Обзорная статья;;Русская литература;Советская литература;;;;;Последние новости;Париж;Газета;№5005;06.12.1934;3;Чердак
Р. Словцов;Калишевич Н.В.;Толстой и Чертков;Рецензия на исследование;Муратов М.В.;Русская литература;Советская литература;Русская литература;2/2 XIXв.;Толстой Л.Н.;М.В. Муратов. Л.Н. Толстой и В.Г. Чертков по их переписке;Последние новости;Париж;Газета;№5005;06.12.1934;3;Подвал
В. Вейдле;Вейдле В.В.;Еще о России;Обзорная статья;;Русская литература;Общее;Русская литература;2/2 XIXв.;Толстой Л.Н.;;Последние новости;Париж;Газета;№5007;08.12.1934;5;Подвал
Георгий Адамович;Адамович Г.В.;Н.П. Гронский;Некролог;Гронский Н.П.;Русская литература;Эмигрантская литература;;;;;Последние новости;Париж;Газета;№5008;09.12.1934;2;Подвал
Георгий Адамович;Адамович Г.В.;Право на сомнения;Обзорная статья;;Русская литература;Эмигрантская литература;Русская литература;Советская литература;;;Последние новости;Париж;Газета;№5012;13.12.1934;2;Подвал
В. Вейдле;Вейдле В.В.;Премия Гонкуров;Рецензия на художественную книгу;Версель Р.;Французская литература;XXв.;;;;Le captaine Conan;Последние новости;Париж;Газета;№5012;13.12.1934;3;Чердак
А. Даманская;Даманская А.;Гвидо Гезелл;Персональная статья;Гезелле Г.;Фламандская литература;;;;;;Последние новости;Париж;Газета;№5012;13.12.1934;3;Чердак
А.;Адамович Г.В.;Неведомый русский Пруст;Рецензия на статью;Мориак Ф.;Французская литература;XXв.;;;;;Последние новости;Париж;Газета;№5012;13.12.1934;3;Чердак
Р. Словцов;Калишевич Н.В.;Пушкин в 1834 году;Рецензия на публикацию;;Русская литература;Советская литература;Русская литература;1/2 XIXв.;Пушкин А.С.;Пушкин. 1834. Изд. «Пушкинского общества»;Последние новости;Париж;Газета;№5012;13.12.1934;3;Подвал
Кн. Сергей Волконский ;Волконский С.;Автобиография Г. Уэльса;Персональная статья;Уэльс Г.;Английская литература;XXв.;;;;;Последние новости;Париж;Газета;№5013;14.12.1934;5;Подвал
Георгий Адамович;Адамович Г.В.;Рукопись;Рецензия на художественную книгу;;Русская литература;Советская литература;;;;;Последние новости;Париж;Газета;№5019;20.12.1934;2;Подвал
А. Д—ская;Даманская А.;«В перекрестном огне»;Рецензия на художественную книгу;Реглер Г.;Немецкая литература;XXв.;;;;Im Kreuzfeuer;Последние новости;Париж;Газета;№5019;20.12.1934;3;Чердак
С.;Калишевич Н.В.;Новое издание Некрасова;Рецензия на публикацию;Чуковский К.И.;Русская литература;Советская литература;Русская литература;2/2 XIXв.;Некрасов Н.А.;;Последние новости;Париж;Газета;№5019;20.12.1934;3;Чердак
Р. Словцов;Калишевич Н.В.;Как писал Лермонтов;Рецензия на публикацию;Дурылин С.;Русская литература;Советская литература;Русская литература;1/2 XIXв.;Лермонтов М.Ю.;С.И. Дурылин. «Как работал Лермонтов»;Последние новости;Париж;Газета;№5019;20.12.1934;3;Подвал
Ю. Сазонова;Сазонова Ю.Л.;Воспоминания Лаведана;Рецензия на художественную книгу;Лаведан А.;Французская литература;XXв.;;;;Henri Lavedan de l’Académie Française;Последние новости;Париж;Газета;№5022;23.12.1934;5;Подвал
Георгий Адамович;Адамович Г.В.;«С Маяковским»;Рецензия на публикацию;Асеев Н., Брик О.;Русская литература;Советская литература;Русская литература;Советская литература;Маяковский В.В.;Альманах с Маяковским;Последние новости;Париж;Газета;№5026;27.12.1934;2;Подвал
Мих. Ос.;Ильин M.A.;Невеста Пушкина;Рецензия на художественную книгу;Сергеев-Ценский С.Н.;Русская литература;Советская литература;Русская литература;1/2 XIXв.;Пушкин А.С.;Невеста Пушкина;Последние новости;Париж;№5026;№5026;27.12.1934;3;Чердак
Ю. Сазонова;Сазонова Ю.Л.;Рецепты счастья;Рецензия на художественную книгу;Моруа А.;Французская литература;XXв.;;;;Sentiments et Coutumes, Климат;Последние новости;Париж;Газета;№5028;29.12.1934;4;Подвал
Георгий Адамович;Адамович Г.В.;Пушкин и декабристы;Рецензия на публикацию;Гессен С.;Русская литература;Советская литература;Русская литература;1/2 XIXв.;Пушкин А.С.;;Последние новости;Париж;Газета;№5031;01.01.1935;2;Чердак
Р. Словцов;Калишевич Н.В.;150 лет «Таймс»;Юбилейная статья;;Английская литература;Общее;;;;;Последние новости;Париж;Газета;№5031;01.01.1935;5;Подвал
Георгий Адамович;Адамович Г.В.;Египетские ночи;Рецензия на исследование;Гофман М.Л.;Русская литература;Эмигрантская литература;Русская литература;1/2 XIXв.;Пушкин А.С.;Египетские ночи;Последние новости;Париж;Газета;№5033;03.01.1935;2;Подвал
Ю. Сазонова;Сазонова Ю.Л.;Тени на полях;Рецензия на художественную книгу;Массе Л.;Французская литература;XXв.;;;;Ombres sur les champs;Последние новости;Париж;Газета;№5033;03.01.1935;3;Чердак
Нов.;;Тайна «Гамлета»;Рецензия на исследование;Лефран А.;Французская литература;XXв.;Английская литература;XVIIв.;Шекспир У.;;Последние новости;Париж;Газета;№5033;03.01.1935;3;Чердак
Р.С.;Калишевич Н.В.;Французские переводы русских писателей;Рецензия на исследование;Бутчик В.;Русская литература;Эмигрантская литература;;;;Bibliographie des oeuvres littéraires russes traduites en franćais;Последние новости;Париж;Газета;№5033;03.01.1935;3;Чердак
Р. Словцов;Калишевич Н.В.;Петербург в 1907 году;Рецензия на публикацию;;Русская литература;Советская литература;Русская литература;1/2 XIXв.;Жихарев С.П.;С.П. Жихарев. Записки современника. Дневник студента;Последние новости;Париж;Газета;№5033;03.01.1935;3;Подвал
Ю. Сазонова;Сазонова Ю.Л.;Андре Шансон;Рецензия на художественную книгу;Шамсон А.;Французская литература;XXв.;;;;L'Année des vaincus;Последние новости;Париж;Газета;№5035;05.01.1935;5;Подвал
Георгий Адамович;Адамович Г.В.;Строители;Рецензия на художественную книгу;Карцев А.;Русская литература;Советская литература;;;;Магистраль;Последние новости;Париж;Газета;№5040;10.01.1935;2;Подвал
Георгий Адамович;Адамович Г.В.;Строители;Рецензия на художественную книгу;Карцев А.;Русская литература;Советская литература;;;;Магистраль;Последние новости;Париж;Газета;№5047;17.01.1935;2;Подвал
Н. К—гъ;Кнорринг Н.Н.;Октябрьский день;Рецензия на художественную книгу;Хуль С.;Норвежская литература;XXв.;;;;Октябрьский день;Последние новости;Париж;Газета;№5047;17.01.1935;3;Чердак
В. Вейдле;Вейдле В.В.;Честертон;Рецензия на художественную книгу;Честертон Г.;Английская литература;XXв.;;;;Avowals and Denials;Последние новости;Париж;Газета;№5047;17.01.1935;3;Чердак
Б/а;Б/а;«Творческий путь» Эренбурга;Рецензия на статью;Майзель М.;Русская литература;Советская литература;Русская литература;Советская литература;Эренбург И.;;Последние новости;Париж;Газета;№5047;17.01.1935;3;Чердак
Р. Словцов;Калишевич Н.В.;Поэт-безумец;Рецензия на публикацию;Благой Д.Д.;Русская литература;Советская литература;Русская литература;1/2 XIXв.;Батюшков К.Н.;К.Н. Батюшков. Сочинения;Последние новости;Париж;Газета;№5047;17.01.1935;3;Подвал
В. Вейдле;Вейдле В.В.;Демон совершенства;Персональная статья;Флобер Г.;Французская литература;2/2 XIXв.;;;;;Последние новости;Париж;Газета;№5048;18.01.1935;3;Подвал
Георгий Адамович;Адамович Г.В.;Литературные заметки;Рецензия на издание;;Русская литература;Эмигрантская литература;;;;Новь;Последние новости;Париж;Газета;№5054;24.01.1935;2;Подвал
Георгий Адамович;Адамович Г.В.;Литературные заметки;Рецензия на художественную книгу;Блох Р.;Русская литература;Эмигрантская литература;;;;Тишина;Последние новости;Париж;Газета;№5054;24.01.1935;2;Подвал
Георгий Адамович;Адамович Г.В.;Литературные заметки;Рецензия на художественную книгу;Головина А.С.;Русская литература;Эмигрантская литература;;;;Лебединая карусель;Последние новости;Париж;Газета;№5054;24.01.1935;2;Подвал
Бальмонт К.;Бальмонт К.Д.;И.С. Махар;Персональная статья;Махар И.С.;Чешская литература;XXв.;;;;;Последние новости;Париж;Газета;№5054;24.01.1935;3;Чердак
В. Вейдле;Вейдле В.В.;Марсель Жуандо;Персональная статья;Жуандо М.;Французская литература;XXв.;;;;;Последние новости;Париж;Газета;№5054;24.01.1935;3;Чердак
В. Вейдле;Вейдле В.В.;Эдвард Морган Форстер;Персональная статья;Форстер Э.Д.;Английская литература;XXв.;;;;;Последние новости;Париж;Газета;№5061;31.01.1935;2;Подвал
Р. Словцов;Калишевич Н.В.;«Состоящий при разных должностях»;Рецензия на публикацию;;Русская литература;Советская литература;Русская литература;1/2 XIXв.;Жихарев С.П.;С.П. Жихарев. Записки современника. Дневник чиновника;Последние новости;Париж;Газета;№5061;31.01.1935;3;Подвал
М.Курдюмов;Курдюмов М.;В театре Чехова;Персональная статья;Чехов А.П.;Русская литература;2/2 XIXв.;;;;;Последние новости;Париж;Газета;№5064;03.02.1935;5;Подвал
Георгий Адамович;Адамович Г.В.;По поводу «нового» человека;Обзорная статья;;Русская литература;Советская литература;;;;;Последние новости;Париж;Газета;№5068;07.02.1935;2;Подвал
В. Вейдле;Вейдле В.В.;Вячеслав Иванов;Персональная статья;Иванов Вяч.;Русская литература;Эмигрантская литература;;;;;Последние новости;Париж;Газета;№5068;07.02.1935;3;Чердак
А. Д—ская;Даманская А.;Новый роман Колэтт;Рецензия на художественную книгу;Колетт С.-Г.;Французская литература;XXв.;;;;Duo;Последние новости;Париж;Газета;№5068;07.02.1935;3;Чердак
Н. К—гъ;Кнорринг Н.Н.;Тропа самураев;Рецензия на художественную книгу;Рубинштейн Л.В.;Русская литература;Советская литература;;;;Тропа самураев;Последние новости;Париж;Газета;№5068;07.02.1935;3;Чердак
Р. Словцов;Калишевич Н.В.;Под сенью Арбата;Рецензия на исследование;Ваганян В.А.;Русская литература;Советская литература;Армянская литература;1/2 XIXв.;Абовян Х.;;Последние новости;Париж;Газета;№5068;07.02.1935;3;Подвал
Ю. Сазонова;Сазонова Ю.Л.;Заводные люди;Рецензия на художественную книгу;Шардонн Ж.;Французская литература;XXв.;;;;Les Destinées sentimentales;Последние новости;Париж;Газета;№5070;09.02.1935;5;Подвал
Р. Словцов;Калишевич Н.В.;Письма О.Л.Книппер к А.П. Чехову;Рецензия на публикацию;;Русская литература;Советская литература;Русская литература;2/2 XIXв.;Чехов А.П.;Переписка А.П. Чехова и О.Л.Книппер. Том 1;Последние новости;Париж;Газета;№5073;12.02.1935;3;Подвал
Георгий Адамович;Адамович Г.В.;По поводу «нового» человека;Обзорная статья;;Русская литература;Советская литература;;;;;Последние новости;Париж;Газета;№5075;14.02.1935;2;Подвал
В. Вейдле;Вейдле В.В.;Памяти Ривьера;Юбилейная статья;Ривьер Ж.;Французская литература;XXв.;;;;;Последние новости;Париж;Газета;№5075;14.02.1935;3;Чердак
А. Д.;Даманская А.;Искатели клада;Рецензия на художественную книгу;Маршон А.;Французская литература;XXв.;;;;Tréasor en Espagne;Последние новости;Париж;Газета;№5075;14.02.1935;3;Чердак
Б.И.С.;;Шота Руставели;Юбилейная статья;Руставели Ш.;Грузинская литература;XIIIв.;;;;;Последние новости;Париж;Газета;№5082;21.02.1935;3;Чердак
Н.;;История одной мистификации;Рецензия на исследование;Лефевр Р.;Французская литература;XXв.;Французская литература;XXв.;Лоти П.;;Последние новости;Париж;Газета;№5082;21.02.1935;3;Чердак
Георгий Адамович;Адамович Г.В.;«Современные записки», кн. 57-я;Рецензия на художественную книгу;Алданов М.А.;Русская литература;Эмигрантская литература;;;;Пещера;Последние новости;Париж;Газета;№5082;21.02.1935;3;Подвал
Георгий Адамович;Адамович Г.В.;«Современные записки», кн. 57-я;Рецензия на художественную книгу;Шмелев И.С.;Русская литература;Эмигрантская литература;;;;Няня из Москвы;Последние новости;Париж;Газета;№5082;21.02.1935;3;Подвал
Георгий Адамович;Адамович Г.В.;«Современные записки», кн. 57-я;Рецензия на художественную книгу;Иванников М.;Русская литература;Эмигрантская литература;;;;Сашка;Последние новости;Париж;Газета;№5082;21.02.1935;3;Подвал
Георгий Адамович;Адамович Г.В.;«Современные записки», кн. 57-я;Рецензия на художественную книгу;Гиппиус З.Н.;Русская литература;Эмигрантская литература;;;;Стихи;Последние новости;Париж;Газета;№5082;21.02.1935;3;Подвал
Георгий Адамович;Адамович Г.В.;«Современные записки», кн. 57-я;Рецензия на художественную книгу;Смоленский В.А.;Русская литература;Эмигрантская литература;;;;Стихи;Последние новости;Париж;Газета;№5082;21.02.1935;3;Подвал
Георгий Адамович;Адамович Г.В.;«Современные записки», кн. 57-я;Рецензия на художественную книгу;Ладинский А.П.;Русская литература;Эмигрантская литература;;;;Стихи;Последние новости;Париж;Газета;№5082;21.02.1935;3;Подвал
Георгий Адамович;Адамович Г.В.;«Современные записки», кн. 57-я;Рецензия на художественную книгу;Цветаева М.И.;Русская литература;Эмигрантская литература;;;;Стихи;Последние новости;Париж;Газета;№5082;21.02.1935;3;Подвал
Георгий Адамович;Адамович Г.В.;На беседе о Гоголе;Персональная статья;Зайцев Б.К.;Русская литература;Эмигрантская литература;Русская литература;1/2 XIXв.;Гоголь Н.В.;;Последние новости;Париж;Газета;№5089;28.02.1935;2;Подвал
Мих. Осоргин;Ильин M.A.;Отчет съезда писателей;Обзорная статья;;Русская литература;Советская литература;;;;;Последние новости;Париж;Газета;№5089;28.02.1935;3;Чердак
В. Вейдле;Вейдле В.В.;Франсуа Мориак;Персональная статья;Мориак Ф.;Французская литература;XXв.;;;;;Последние новости;Париж;Газета;№5090;01.03.1935;5;Подвал
Р. Словцов;Калишевич Н.В.;Баррикада Рудина;Рецензия на публикацию;Островский А.;Русская литература;Советская литература;Русская литература;2/2 XIXв.;Тургенев И.С.;И. Тургенев. Литерные и житейские воспоминания;Последние новости;Париж;Газета;№5094;05.03.1935;4;Подвал
В. Вейдле;Вейдле В.В.;Ричард Альдингтон;Персональная статья;Альдингтон Р.;Английская литература;XXв.;;;;;Последние новости;Париж;Газета;№5096;07.03.1935;2;Подвал
С. Н.;;Франц Кафка;Персональная статья;Кафка Ф.;Немецкая литература;XXв.;;;;;Последние новости;Париж;Газета;№5096;07.03.1935;3;Чердак
А.Н.Т.;;«Журнал Содружества»;Рецензия на издание;;Русская литература;Эмигрантская литература;;;;Журнал Содружества;Последние новости;Париж;Газета;№5096;07.03.1935;3;Чердак
Р. Словцов;Калишевич Н.В.;Новое о Достоевском;Рецензия на публикацию;Долинин А.С.;Русская литература;Советская литература;Русская литература;2/2 XIXв.;Достоевский Ф.М.;Достоевский Ф.М. Материалы и исследования;Последние новости;Париж;Газета;№5096;07.03.1935;3;Подвал
Георгий Адамович;Адамович Г.В.;Для детей;Рецензия на художественную книгу;Кассиль Л.;Русская литература;Советская литература;;;;Швамбрания;Последние новости;Париж;Газета;№5097;08.03.1935;2;Подвал
Георгий Адамович;Адамович Г.В.;Для детей;Рецензия на художественную книгу;Чуковский К.И.;Русская литература;Советская литература;;;;Путаница;Последние новости;Париж;Газета;№5097;08.03.1935;2;Подвал
Георгий Адамович;Адамович Г.В.;Для детей;Рецензия на художественную книгу;Маршак С.Я.;Русская литература;Советская литература;;;;Глупый мышонок;Последние новости;Париж;Газета;№5097;08.03.1935;2;Подвал
Георгий Адамович;Адамович Г.В.;Для детей;Рецензия на художественную книгу;Барто А.Л.;Русская литература;Советская литература;;;;Девочка-ревушка;Последние новости;Париж;Газета;№5097;08.03.1935;2;Подвал
Георгий Адамович;Адамович Г.В.;Для детей;Рецензия на художественную книгу;Введенский А.И.;Русская литература;Советская литература;;;;Кто;Последние новости;Париж;Газета;№5097;08.03.1935;2;Подвал
Р. Словцов;Калишевич Н.В.;Мать Грибоедова;Рецензия на исследование;Пиксанов Н.К.;Русская литература;Советская литература;Русская литература;1/2 XIXв.;Грибоедов А.С.;Н.К. Пиксанов.  Грибоедов. Исследования и характеристики;Последние новости;Париж;Газета;№5101;12.03.1935;3;Подвал
Георгий Адамович;Адамович Г.В.;Литературные заметки;Рецензия на художественную книгу;Голенищев-Кутузов И.;Русская литература;Эмигрантская литература;;;;Память;Последние новости;Париж;Газета;№5103;14.03.1935;2;Подвал
Георгий Адамович;Адамович Г.В.;Литературные заметки;Рецензия на художественную книгу;Терапиано Ю.К.;Русская литература;Эмигрантская литература;;;;Бессонница;Последние новости;Париж;Газета;№5103;14.03.1935;2;Подвал
А. Д.;Даманская А.;Светский роман;Рецензия на художественную книгу;Бибеско М.;Французская литература;XXв.;;;;Égalité;Последние новости;Париж;Газета;№5103;14.03.1935;3;Чердак
С.;Калишевич Н.В.;Поэзия маранов;Рецензия на перевод;Парнах В.;Русская литература;Советская литература;;;;Ипанские и португальские поэты — жертвы инквизиции;Последние новости;Париж;Газета;№5103;14.03.1935;3;Чердак
В. Вейдле;Вейдле В.В.;Я, Клавдий;Рецензия на художественную книгу;Грейвс Р.;Английская литература;XXв.;;;;Я, Клавдий;Последние новости;Париж;Газета;№5105;16.03.1935;2;Подвал
Георгий Адамович;Адамович Г.В.;Лесной шум;Рецензия на художественную книгу;Лесник (Дубровский Е.);Русская литература;Советская литература;;;;Лесной шум;Последние новости;Париж;Газета;№5110;21.03.1935;2;Подвал
Г.А.;Адамович Г.В.;Писательский «пленум»;Обзорная статья;;Русская литература;Советская литература;;;;;Последние новости;Париж;Газета;№5110;21.03.1935;3;Чердак
Арсений Мерич;Даманская А.;Легкое бремя;Рецензия на художественную книгу;Райнхардт А.;Австрийская литература;XXв.;;;;Josephine, eine Lebensgeschichte;Последние новости;Париж;Газета;№5111;22.03.1935;3;Подвал
У.Р.;;Литкритика;Обзорная статья;;Русская литература;Советская литература;Русская литература;Советская литература;Горький М.;;Последние новости;Париж;Газета;№5113;24.03.1935;2;Чердак
Р. Словцов;Калишевич Н.В.;Грибоедовское барство;Рецензия на исследование;Пиксанов Н.К.;Русская литература;Советская литература;Русская литература;1/2 XIXв.;Грибоедов А.С.;Н.К. Пиксанов.  Грибоедов. Исследования и характеристики;Последние новости;Париж;Газета;№5115;26.03.1935;4;Подвал
Георгий Адамович;Адамович Г.В.;«А жизнь идет…»;Рецензия на художественную книгу;Гамсун К.;Норвежская литература;XXв.;;;;;Последние новости;Париж;Газета;№5117;28.03.1935;2;Подвал
В. Вейдле;Вейдле В.В.;Итальянские поэты;Обзорная статья;;Итальянская литература;Общее;;;;;Последние новости;Париж;Газета;№5117;28.03.1935;3;Чердак
Ю. С.;Сазонова Ю.Л.;Путешествие по Индии;Рецензия на художественную книгу;Буржуа Ж. ле;Французская литература;XXв.;;;;L’Inde aux cent couleurs.;Последние новости;Париж;Газета;№5117;28.03.1935;3;Чердак
И.;;Жюль Верн;Юбилейная статья;Верн Ж.;Французская литература;2/2 XIXв.;;;;;Последние новости;Париж;Газета;№5117;28.03.1935;3;Чердак
Ю. Сазонова;Сазонова Ю.Л.;Шекспир;Рецензия на исследование;Шамбрен К.Л. де;Французская литература;XXв.;Английская литература;XVIIв.;Шекспир У.;Mon grand ami Shakespeare : souvenirs de John Lacy, comédien du roi ;Последние новости;Париж;Газета;№5119;30.03.1935;4;Подвал
Георгий Адамович;Адамович Г.В.;Жизнь и «жизнь»;Рецензия на статью;Ходасевич В.Ф.;Русская литература;Эмигрантская литература;;;;Книги и люди. Новые стихи;Последние новости;Париж;Газета;№5124;04.04.1935;2;Подвал
Г.А.;Адамович Г.В.;«Парад бессмертных»;Рецензия на издание;;Русская литература;Советская литература;;;;Парад бессмертных: Художественно-оптимистический альманах, посвященный съезду писателей вообще и его последствиям в частности;Последние новости;Париж;Газета;№5124;04.04.1935;3;Чердак
Н. К—гъ;Кнорринг Н.Н.;Никола Шугай;Рецензия на художественную книгу;Ольбрахт И.;Чешская литература;XXв.;;;;;Последние новости;Париж;Газета;№5124;04.04.1935;3;Чердак
А.;Адамович Г.В.;«Содружество»;Рецензия на издание;;Русская литература;Эмигрантская литература;;;;Журнал Содружества;Последние новости;Париж;Газета;№5124;04.04.1935;3;Чердак
Р. Словцов;Калишевич Н.В.;«Жерминаль» и «Новь»;Рецензия на исследование;Клеман М.К.;Русская литература;Советская литература;Французская литература;2/2 XIXв.;Тургенев И.С.;М.К. Клеман. Эмиль Зола. Сборник статей;Последние новости;Париж;Газета;№5124;04.04.1935;3;Подвал
Р. Словцов;Калишевич Н.В.;«Жерминаль» и «Новь»;Рецензия на исследование;Клеман М.К.;Русская литература;Советская литература;Русская литература;2/2 XIXв.;Золя Э.;М.К. Клеман. Эмиль Зола. Сборник статей;Последние новости;Париж;Газета;№5124;04.04.1935;3;Подвал
Георгий Адамович;Адамович Г.В.;Литературные заметки;Рецензия на художественную книгу;Толстой А.Н.;Русская литература;Советская литература;;;;Петр 1;Последние новости;Париж;Газета;№5131;11.04.1935;2;Подвал
Георгий Адамович;Адамович Г.В.;Литературные заметки;Рецензия на художественную книгу;Тынянов Ю.Н.;Русская литература;Советская литература;;;;Пушкин;Последние новости;Париж;Газета;№5131;11.04.1935;2;Подвал
А. Ш.;Швыров А.В.;«Неизвестное Евангелие»;Рецензия на исследование;Белль И.;Английская литература;XXв.;;;;;Последние новости;Париж;Газета;№5131;11.04.1935;3;Чердак
Р. Словцов;Калишевич Н.В.;Князь А.И. Одоевский;Рецензия на публикацию;Академия;Русская литература;Советская литература;Русская литература;1/2 XIXв.;Одоевский А.И.;А.И. Одоевский. Полное собрание стихотворений и писем;Последние новости;Париж;Газета;№5131;11.04.1935;3;Подвал
В. Вейдле;Вейдле В.В.;Французские стихи Рильке;Рецензия на художественную книгу;Рильке Р.М.;Немецкая литература;XXв.;;;;Poèmes français;Последние новости;Париж;Газета;№5131;11.04.1935;3;Чердак
Даманская А.;Даманская А.;Беспощадная Клио;Персональная статья;Меркейр Э.;Французская литература;1/2 XIXв.;;;;;Последние новости;Париж;Газета;№5138;18.04.1935;3;Подвал
Г.А.;Адамович Г.В.;Панаит Истрати;Некролог;Истрати П.;Французская литература;XXв.;;;;;Последние новости;Париж;Газета;№5138;18.04.1935;3;Чердак
Н. К—гъ;Кнорринг Н.Н.;Детская книга;Обзорная статья;;Русская литература;Советская литература;;;;;Последние новости;Париж;Газета;№5138;18.04.1935;3;Чердак
В. Вейдле;Вейдле В.В.;Жизнь Диккенса;Рецензия на исследование;Кингсмилл Х.;Английская литература;XXв.;Английская литература;2/2 XIXв.;Диккенс Ч.;The Sentimental Journey. A life of Charles Dickens;Последние новости;Париж;Газета;№5138;18.04.1935;3;Чердак
Р. Словцов;Калишевич Н.В.;«Вишневый сад» — чеховский и советский;Рецензия на исследование;Балухатый С.Д., Петров Н.В.;Русская литература;Советская литература;;;;Драматургия Чекова;Последние новости;Париж;Газета;№5143;23.04.1935;4;Подвал
Г.А.;Адамович Г.В.;Оценки Пушкина;Рецензия на публикацию;Академия;Русская литература;Советская литература;Русская литература;1/2 XIXв.;Пушкин А.С.;Пушкин-критик;Последние новости;Париж;Газета;№5145;25.04.1935;2;Подвал
Р. Словцов;Калишевич Н.В.;«Любовь и дружба»;Рецензия на публикацию;Ашукин Н.С., Академия;Русская литература;Советская литература;Русская литература;2/2 XIXв.;Михайлов М.Л.;М.Л. Михайлов. Полное собрание стихотворений ;Последние новости;Париж;Газета;№5145;25.04.1935;3;Подвал
—мъ;;Достоевский в Италии;Рецензия на исследование;Гатто Л.;Итальянская литература;XXв.;Русская литература;2/2 XIXв.;Достоевский Ф.М.;;Последние новости;Париж;Газета;№5145;25.04.1935;3;Чердак
В. Вейдле;Вейдле В.В.;Рихард Биллингер;Рецензия на художественную книгу;Биллингер Р.;Австрийская литература;XXв.;;;;Das Schutzenqelhaus;Последние новости;Париж;Газета;№5145;25.04.1935;3;Чердак
В. Вейдле;Вейдле В.В.;Американское;Рецензия на художественную книгу;Фитцджеральд Ф.С.;Американская литература;XXв.;;;;Tender is the Night;Последние новости;Париж;Газета;№5149;29.04.1935;3;Подвал
Георгий Адамович;Адамович Г.В.;Нескучный сад;Рецензия на художественную книгу;Дон Аминадо;Русская литература;Эмигрантская литература;;;;;Последние новости;Париж;Газета;№5152;02.05.1935;2;Подвал
С.;Калишевич Н.В.;Письма Коммиссаржевской к Чехову;Рецензия на публикацию;Соболев Ю.;Русская литература;Советская литература;Русская литература;2/2 XIXв.;Чехов А.П.;А.П. Чехов и наш край;Последние новости;Париж;Газета;№5152;02.05.1935;3;Чердак
Р. Словцов;Калишевич Н.В.;Смерть Достоевского;Рецензия на исследование;Гроссман Л.П.;Русская литература;Советская литература;Русская литература;2/2 XIXв.;Достоевский Ф.М.;Леонид Гроссман. Жизнь и труды Ф.М. Достоевского;Последние новости;Париж;Газета;№5152;02.05.1935;3;Подвал
Даманская А.;Даманская А.;Торжество побежденного;Рецензия на исследование;Цвейг С.;Австрийская литература;XXв.;Голландская литература;XVIв.;Роттердамский Э.;Торжество и трагедия Эразма;Последние новости;Париж;Газета;№5154;04.05.1935;5;Подвал
Ю. Сазонова;Сазонова Ю.Л.;Литература и действительность;Обзорная статья;;Общее;Общее;;;;;Последние новости;Париж;Газета;№5156;06.05.1935;3;Подвал
Р. Словцов;Калишевич Н.В.;Протопоп Аввакум;Рецензия на публикацию;Академия;Русская литература;Советская литература;Русская литература;Древнерусская;;Житие Протопопа Аввакума;Последние новости;Париж;Газета;№5157;07.05.1935;4;Подвал
Георгий Адамович;Адамович Г.В.;Россия, Русь, святость;Рецензия на художественную книгу;Осоргин М.А.;Русская литература;Эмигрантская литература;;;;Книга о концах;Последние новости;Париж;Газета;№5159;09.05.1935;2;Подвал
Мих. Ос.;Ильин M.A.;Три цвета времени;Рецензия на художественную книгу;Виноградов А.К.;Русская литература;Советская литература;;;;Три цвета времени;Последние новости;Париж;Газета;№5159;09.05.1935;3;Чердак
В. Вейдле;Вейдле В.В.;Последний Дон-Жуан;Рецензия на художественную книгу;Милош О.В. де Л.;Французская литература;XXв.;;;;Miquel Manara;Последние новости;Париж;Газета;№5159;09.05.1935;3;Чердак
Р. Словцов;Калишевич Н.В.;Князь П.А. Вяземский;Рецензия на публикацию;Нечаева В.С., Академия;Русская литература;Советская литература;Русская литература;1/2 XIXв.;Вяземский П.А.;П.А. Вяземский. Избранные стихотворения;Последние новости;Париж;Газета;№5159;09.05.1935;3;Подвал
В. Вейдле;Вейдле В.В.;О Жюль Верне;Юбилейная статья;Верн Ж.;Французская литература;2/2 XIXв.;;;;;Последние новости;Париж;Газета;№5165;15.05.1935;3;Подвал
Георгий Адамович;Адамович Г.В.;«Золушка»;Рецензия на художественную книгу;Кирсанов С.;Русская литература;Советская литература;;;;Золушка;Последние новости;Париж;Газета;№5166;16.05.1935;2;Подвал
Г.А.;Адамович Г.В.;«Авенир Иванов»;Рецензия на художественную книгу;Соколовский П.;Русская литература;Эмигрантская литература;;;;;Последние новости;Париж;Газета;№5166;16.05.1935;3;Чердак
Георгий Адамович;Адамович Г.В.;«Поправка к революции»;Рецензия на художественную книгу;Пильняк Б.А.;Русская литература;Советская литература;;;;Рождение человека;Последние новости;Париж;Газета;№5173;23.05.1935;2;Подвал
С.;Калишевич Н.В.;Пушкинский том «Литературного наследства»;Рецензия на публикацию;;Русская литература;Советская литература;Русская литература;1/2 XIXв.;Пушкин А.С.;Литературное наследство;Последние новости;Париж;Газета;№5173;23.05.1935;3;Чердак
Г.А.;Адамович Г.В.;«Полярная звезда»;Рецензия на издание;;Русская литература;Эмигрантская литература;;;;Полярная звезда;Последние новости;Париж;Газета;№5173;23.05.1935;3;Чердак
Ю. Сазонова;Сазонова Ю.Л.;«Отверженные на земле»;Рецензия на художественную книгу;Пулай А.;Французская литература;XXв.;;;;Les Damnés de la terre;Последние новости;Париж;Газета;№5173;23.05.1935;3;Чердак
Р. Словцов;Калишевич Н.В.;Василий Попугаев и его друзья;Рецензия на публикацию;Советский писатель;Русская литература;Советская литература;Русская литература;1/2 XIXв.;Попугаев В.;Поэты-радищевцы. Вольное общество любителей словесности, наук и художеств;Последние новости;Париж;Газета;№5173;23.05.1935;3;Подвал
Р. Словцов;Калишевич Н.В.;Новое о Пушкине;Рецензия на публикацию;;Русская литература;Советская литература;Русская литература;1/2 XIXв.;Пушкин А.С.;«Литературное наследство». Выпуск 16-17;Последние новости;Париж;Газета;№5178;28.05.1935;3;Подвал
Георгий Адамович;Адамович Г.В.;Литературные заметки;Рецензия на художественную книгу;Корсак В.;Русская литература;Эмигрантская литература;;;;Юра;Последние новости;Париж;Газета;№5180;30.05.1935;2;Подвал
Георгий Адамович;Адамович Г.В.;Литературные заметки;Рецензия на художественную книгу;Таль А.;Русская литература;Эмигрантская литература;;;;Грех;Последние новости;Париж;Газета;№5180;30.05.1935;2;Подвал
Мих. Ос.;Ильин M.A.;«Горы и люди»;Рецензия на художественную книгу;Ильин М.;Русская литература;Советская литература;;;;Горы и люди;Последние новости;Париж;Газета;№5180;30.05.1935;3;Чердак
М. Бенедиктов;Берхин М.;Виктор Гюго — эмигрант;Юбилейная статья;Гюго В.;Французская литература;1/2 XIXв.;;;;;Последние новости;Париж;Газета;№5181;31.05.1935;3;Подвал
В. Вейдле;Вейдле В.В.;Стивен Гудзон;Обзорная статья;Гудзон С.;Английская литература;XXв.;;;;;Последние новости;Париж;Газета;№5187;06.06.1935;2;Подвал
Г. Адамович;Адамович Г.В.;Миф о Лермонтове;Рецензия на исследование;Попов П.;Русская литература;Советская литература;Французская литература;1/2 XIXв.;Галль О. де;Письма и записки;Последние новости;Париж;Газета;№5187;06.06.1935;3;Чердак
Р. Словцов;Калишевич Н.В.;Род и родня Л.Н. Толстого;Рецензия на публикацию;Чертков В.Г., Госиздат;Русская литература;Советская литература;Русская литература;2/2 XIXв.;Толстой Л.Н.;Л.Н. Толстой. Полное собрание сочинений;Последние новости;Париж;Газета;№5187;06.06.1935;3;Подвал
Георгий Адамович;Адамович Г.В.;Толстой и Польша;Рецензия на исследование;Ледницкий А.Р.;Польская литература;XXв.;Русская литература;2/2 XIXв.;Толстой Л.Н.;Quelques aspects du nationalisme et du christianisme chez Tolstoi;Последние новости;Париж;Газета;№5188;07.06.1935;2;Подвал
Георгий Адамович;Адамович Г.В.;Толстой и Польша;Рецензия на исследование;Ледницкий А.Р.;Польская литература;XXв.;Русская литература;2/2 XIXв.;Толстой Л.Н.;Quelques aspects du nationalisme et du christianisme chez Tolstoi;Последние новости;Париж;Газета;№5194;13.06.1935;2;Подвал
В. Вейдле;Вейдле В.В.;Третья страница;Обзорная статья;;Итальянская литература;Общее;;;;;Последние новости;Париж;Газета;№5194;13.06.1935;3;Чердак
Г.А.;Адамович Г.В.;«Врата»;Рецензия на издание;;Русская литература;Эмигрантская литература;;;;Врата;Последние новости;Париж;Газета;№5194;13.06.1935;3;Чердак
Милюков П.;Милюков П.Н.;М.В. Ломоносов;Персональная статья;Ломоносов М.В.;Русская литература;XVIIIв.;;;;;Последние новости;Париж;Газета;№5197;15.06.1935;2;Подвал
Милюков П.;Милюков П.Н.;М.В. Ломоносов;Персональная статья;Ломоносов М.В.;Русская литература;XVIIIв.;;;;;Последние новости;Париж;Газета;№5198;16.06.1935;2;Подвал
Милюков П.;Милюков П.Н.;М.В. Ломоносов;Персональная статья;Ломоносов М.В.;Русская литература;XVIIIв.;;;;;Последние новости;Париж;Газета;№5199;17.06.1935;2;Подвал
Георгий Адамович;Адамович Г.В.;Литературные заметки;Рецензия на художественную книгу;Мандельштам Ю.В.;Русская литература;Эмигрантская литература;;;;Третий час;Последние новости;Париж;Газета;№5201;20.06.1935;2;Подвал
Георгий Адамович;Адамович Г.В.;Литературные заметки;Рецензия на художественную книгу;Таубер Е.;Русская литература;Эмигрантская литература;;;;Одиночество;Последние новости;Париж;Газета;№5201;20.06.1935;2;Подвал
Георгий Адамович;Адамович Г.В.;Литературные заметки;Рецензия на художественную книгу;Прегель С.;Русская литература;Эмигрантская литература;;;;Разговор с памятью;Последние новости;Париж;Газета;№5201;20.06.1935;2;Подвал
Георгий Адамович;Адамович Г.В.;Литературные заметки;Рецензия на художественную книгу;Несмелов А.;Русская литература;Эмигрантская литература;;;;Через океан;Последние новости;Париж;Газета;№5201;20.06.1935;2;Подвал
Георгий Адамович;Адамович Г.В.;Литературные заметки;Рецензия на художественную книгу;Шумаков Ю.;Русская литература;Эмигрантская литература;;;;Вне;Последние новости;Париж;Газета;№5201;20.06.1935;2;Подвал
Георгий Адамович;Адамович Г.В.;Литературные заметки;Рецензия на издание;;Русская литература;Эмигрантская литература;;;;Скит;Последние новости;Париж;Газета;№5201;20.06.1935;2;Подвал
Мих. Ос.;Ильин M.A.;Отречение;Рецензия на художественную книгу;Слезкин Ю.Л.;Русская литература;Советская литература;;;;;Последние новости;Париж;Газета;№5201;20.06.1935;3;Чердак
Г.А.;Адамович Г.В.;«Пушкин и пушкинисты»;Рецензия на статью;Дерман А.;Русская литература;Советская литература;Русская литература;Советская литература;Лернер Н.О.;;Последние новости;Париж;Газета;№5201;20.06.1935;3;Чердак
Г.А.;Адамович Г.В.;«Пушкин и пушкинисты»;Рецензия на статью;Дерман А.;Русская литература;Советская литература;Русская литература;Советская литература;Гершензон М.О.;;Последние новости;Париж;Газета;№5201;20.06.1935;3;Чердак
Р. Словцов;Калишевич Н.В.;История драм Лермонтова;Рецензия на издание;Академия;Русская литература;Советская литература;Русская литература;1/2 XIXв.;Лермонтов М.Ю.;М.Ю. Лермонтов. Полное собрание сочинений. Том IV-ый. Драмы и трагедии;Последние новости;Париж;Газета;№5201;20.06.1935;3;Подвал
В. Вейдле;Вейдле В.В.;Французская академия;Юбилейная статья;;Французская литература;Общее;;;;;Последние новости;Париж;Газета;№5204;23.06.1935;3;Подвал
Георгий Адамович;Адамович Г.В.;Еще о «здесь» и «там»;Обзорная статья;;Русская литература;Советская литература;;;;;Последние новости;Париж;Газета;№5208;27.06.1935;3;Подвал
Р.;Калишевич Н.В.;Из новой книги д-Аннунцио;Рецензия на публикацию;Коклес А.;Итальянская литература;XXв.;Итальянская литература;XXв.;Аннунцио Г. де;Сто, и сто, и сто, и еще сто страниц из тайной книги Габриеля д-Аннунцио, искушаемого смертью;Последние новости;Париж;Газета;№5208;27.06.1935;3;Чердак
А. Л.;;Харбинские поэты;Рецензия на издание;;Русская литература;Эмигрантская литература;;;;Излучины;Последние новости;Париж;Газета;№5208;27.06.1935;3;Чердак
Георгий Адамович;Адамович Г.В.;«Современные записки» №58;Рецензия на художественную книгу;Сирин В. (Набоков В.В.);Русская литература;Эмигрантская литература;;;;Приглашение на казнь;Последние новости;Париж;Газета;№5215;04.07.1935;2;Подвал
Георгий Адамович;Адамович Г.В.;«Современные записки» №58;Рецензия на художественную книгу;Газданов Г.И.;Русская литература;Эмигрантская литература;;;;История одного путешествия;Последние новости;Париж;Газета;№5215;04.07.1935;2;Подвал
Георгий Адамович;Адамович Г.В.;«Современные записки» №58;Рецензия на художественную книгу;Берберова Н.Н.;Русская литература;Эмигрантская литература;;;;Аккомпаниаторша;Последние новости;Париж;Газета;№5215;04.07.1935;2;Подвал
Георгий Адамович;Адамович Г.В.;«Современные записки» №58;Рецензия на художественную книгу;Осоргин М.А.;Русская литература;Эмигрантская литература;;;;Вольный каменщик;Последние новости;Париж;Газета;№5215;04.07.1935;2;Подвал
Георгий Адамович;Адамович Г.В.;«Современные записки» №58;Рецензия на художественную книгу;Штейгер А.С.;Русская литература;Эмигрантская литература;;;;Стихи;Последние новости;Париж;Газета;№5215;04.07.1935;2;Подвал
Георгий Адамович;Адамович Г.В.;«Современные записки» №58;Рецензия на художественную книгу;Цветаева М.И.;Русская литература;Эмигрантская литература;;;;Стихи;Последние новости;Париж;Газета;№5215;04.07.1935;2;Подвал
Георгий Адамович;Адамович Г.В.;«Современные записки» №58;Рецензия на художественную книгу;Поплавский Б.Ю.;Русская литература;Эмигрантская литература;;;;Стихи;Последние новости;Париж;Газета;№5215;04.07.1935;2;Подвал
Георгий Адамович;Адамович Г.В.;«Современные записки» №58;Рецензия на художественную книгу;Кнут Д.;Русская литература;Эмигрантская литература;;;;Стихи;Последние новости;Париж;Газета;№5215;04.07.1935;2;Подвал
Г.А.;Адамович Г.В.;«Любовь к шестерым»;Рецензия на художественную книгу;Бакунина Е.В.;Русская литература;Эмигрантская литература;;;;Любовь к шестерым;Последние новости;Париж;Газета;№5215;04.07.1935;3;Чердак
В. Вейдле;Вейдле В.В.;Валери Ларбо;Персональная статья;Ларбо В.;Французская литература;XXв.;;;;;Последние новости;Париж;Газета;№5215;04.07.1935;3;Подвал
Р. Словцов;Калишевич Н.В.;Последние дневники Л.Н. Толстого;Рецензия на публикацию;Чертков В.Г., ГИХЛ;Русская литература;Советская литература;Русская литература;2/2 XIXв.;Толстой Л.Н.;Л.Н. Толстой. Полное собрание сочинений. Том 58;Последние новости;Париж;Газета;№5220;09.07.1935;4;Подвал
В. Вейдле;Вейдле В.В.;Новая книга Томаса Манна;Рецензия на художественную книгу;Манн Т.;Немецкая литература;XXв.;;;;Leiden und Groesse der Meister;Последние новости;Париж;Газета;№5222;11.07.1935;3;Чердак
Мих. Ос.;Ильин M.A.;«Любовь вторая»;Рецензия на художественную книгу;Яновский В.С.;Русская литература;Эмигрантская литература;;;;Любовь вторая;Последние новости;Париж;Газета;№5222;11.07.1935;3;Чердак
Георгий Адамович;Адамович Г.В.;«Три русских романиста»;Рецензия на публикацию;Ледре Ш.;Французская литература;XXв.;Русская литература;Эмигрантская литература;Бунин И.А.;Trois romanciers russes;Последние новости;Париж;Газета;№5222;11.07.1935;3;Подвал
Георгий Адамович;Адамович Г.В.;«Три русских романиста»;Рецензия на публикацию;Ледре Ш.;Французская литература;XXв.;Русская литература;Эмигрантская литература;Куприн А.И.;Trois romanciers russes;Последние новости;Париж;Газета;№5222;11.07.1935;3;Подвал
Георгий Адамович;Адамович Г.В.;«Три русских романиста»;Рецензия на публикацию;Ледре Ш.;Французская литература;XXв.;Русская литература;Эмигрантская литература;Алданов М.А.;Trois romanciers russes;Последние новости;Париж;Газета;№5222;11.07.1935;3;Подвал
А. Д.;Даманская А.;На экране памяти;Рецензия на художественную книгу;Элленс Ф.;Бельгийская литература;XXв.;;;;Frederic;Последние новости;Париж;Газета;№5229;18.07.1935;3;Чердак
Мих. Ос.;Ильин M.A.;Австралийка;Рецензия на художественную книгу;Эргац И.М.;Французская литература;XXв.;;;;L’Australienne;Последние новости;Париж;Газета;№5229;18.07.1935;3;Чердак
А. Д.;Даманская А.;«Под-Достоевский»;Рецензия на художественную книгу;Шателион Г.;Бельгийская литература;XXв.;;;;Sous-Dostoievski;Последние новости;Париж;Газета;№5236;25.07.1935;3;Чердак
Мих. Ос.;Ильин M.A.;Вольная печать;Рецензия на публикацию;;Русская литература;Советская литература;Русская литература;2/2 XIXв.;;Десятилетие Вольной русской типографии;Последние новости;Париж;Газета;№5236;25.07.1935;3;Чердак
Р. Словцов;Калишевич Н.В.;Как писалось «Воскресение»;Рецензия на публикацию;;Русская литература;Советская литература;Русская литература;2/2 XIXв.;Толстой Л.Н.;Л.Н. Толстой. Полное собрание сочинений;Последние новости;Париж;Газета;№5243;01.08.1935;3;Подвал
Мих. Ос.;Ильин M.A.;Гулящие люди;Рецензия на художественную книгу;Чапыгин А.П.;Русская литература;Советская литература;;;;Гулящие люди;Последние новости;Париж;Газета;№5243;01.08.1935;3;Чердак
Д. Лейс;;Кардуччи;Юбилейная статья;Кардуччи Д.;Итальянская литература;2/2 XIXв.;;;;;Последние новости;Париж;Газета;№5243;01.08.1935;3;Чердак
В. Вейдле;Вейдле В.В.;Рисунки поэтов;Обзорная статья;;Общее;Общее;;;;;Последние новости;Париж;Газета;№5244;02.08.1935;2;Подвал
Ю. Сазонова;Сазонова Ю.Л.;Жан Кокто;Рецензия на художественную книгу;Кокто Ж.;Французская литература;XXв.;;;;Portraits-souvenirs;Последние новости;Париж;Газета;№5245;03.08.1935;4;Подвал
М. Бенедиктов;Берхин М.;Виктор Гюго — журналист;Персональная статья;Гюго В.;Французская литература;1/2 XIXв.;;;;;Последние новости;Париж;Газета;№5250;08.08.1935;2;Подвал
Мих. Ос.;Ильин M.A.;Слово о полку;Рецензия на публикацию;;Русская литература;Советская литература;Русская литература;Древнерусская;;Слово о полку Игореве;Последние новости;Париж;Газета;№5250;08.08.1935;3;Чердак
В. Вейдле;Вейдле В.В.;А.Е.;Некролог;Рессель Д.У.;Английская литература;XXв.;;;;;Последние новости;Париж;Газета;№5250;08.08.1935;3;Чердак
А. М-чъ;;Поль Моран — о журнализме;Персональная статья;Моран П.;Французская литература;XXв.;;;;;Последние новости;Париж;Газета;№5250;08.08.1935;3;Чердак
Р. Словцов;Калишевич Н.В.;Передовая женщина;Рецензия на публикацию;;Русская литература;Советская литература;Русская литература;2/2 XIXв.;Цебрикова М.К.;«Звезда». №6;Последние новости;Париж;Газета;№5250;08.08.1935;3;Подвал
Ю. Сазонова;Сазонова Ю.Л.;Театр Поля Клоделя;Рецензия на художественную книгу;Клодель П.;Французская литература;XXв.;;;;Le livre de Christophe Colomb;Последние новости;Париж;Газета;№5252;10.08.1935;3;Подвал
Георгий Адамович;Адамович Г.В.;Литературные заметки;Рецензия на художественную книгу;Марвич С.;Русская литература;Советская литература;;;;Семья;Последние новости;Париж;Газета;№5257;15.08.1935;3;Подвал
А. Д.;Даманская А.;«Последняя ставка»;Рецензия на художественную книгу;Карко Ф.;Французская литература;XXв.;;;;La dernière chance;Последние новости;Париж;Газета;№5257;15.08.1935;3;Чердак
Ю. Сазонова;Сазонова Ю.Л.;Волшебства Тибета;Рецензия на художественную книгу;Девид-Неель А.;Французская литература;XXв.;;;;Le Lama aux Cinq Sagesses, roman tibétain;Последние новости;Париж;Газета;№5259;17.08.1935;4;Подвал
С.;Калишевич Н.В.;Бег «Конька-Горбунка»;Рецензия на публикацию;Академия;Русская литература;Советская литература;Русская литература;1/2 XIXв.;Ершов П.;П. Ершов. Конек-горбунок;Последние новости;Париж;Газета;№5264;22.08.1935;3;Чердак
Б/а;Б/а;Шекспировская опасность;Персональная статья;;Русская литература;Советская литература;Английская литература;XVIIв.;Шекспир У.;;Последние новости;Париж;Газета;№5264;22.08.1935;3;Чердак
А. Д.;Даманская А.;Незлобивые заметки;Рецензия на художественную книгу;Бедель М.;Французская литература;XXв.;;;;Mémoires sans malices;Последние новости;Париж;Газета;№5264;22.08.1935;3;Чердак
Георгий Адамович;Адамович Г.В.;На полях «Анны Карениной»;Рецензия на художественную книгу;Толстой Л.Н.;Русская литература;2/2 XIXв.;;;;Анна Каренина;Последние новости;Париж;Газета;№5264;22.08.1935;3;Подвал
Георгий Адамович;Адамович Г.В.;Русский дом;Рецензия на художественную книгу;Зайцев Б.К.;Русская литература;Эмигрантская литература;;;;Дом в Пасси;Последние новости;Париж;Газета;№5271;29.08.1935;3;Подвал
В. Вейдле;Вейдле В.В.;Возрождение афоризма;Обзорная статья;;Общее;Общее;;;;;Последние новости;Париж;Газета;№5271;29.08.1935;3;Чердак
Г.А.;Адамович Г.В.;За что чествовать Пушкина? ;Обзорная статья;;Русская литература;Советская литература;Русская литература;1/2 XIXв.;Пушкин А.С.;;Последние новости;Париж;Газета;№5271;29.08.1935;3;Чердак
Р. Словцов;Калишевич Н.В.;Работа Достоевского над «Бесами»;Рецензия на публикацию;Академия;Русская литература;Советская литература;Русская литература;2/2 XIXв.;Достоевский Ф.М.;Записные тетради Ф.М. Достоевского;Последние новости;Париж;Газета;№5271;29.08.1935;4;Подвал
Н. К—гъ;Кнорринг Н.Н.;Роман о Китайском крестьянине;Рецензия на художественную книгу; Бак П.;Американская литература;XXв.;;;;Земля;Последние новости;Париж;Газета;№5271;29.08.1935;5;Подвал
М—ъ;;Анри Барбюс;Некролог;Барбюс А.;Французская литература;XXв.;;;;;Последние новости;Париж;Газета;№5272;30.08.1935;4;Чердак
Георгий Адамович;Адамович Г.В.;Литературные заметки;Некролог;Кельчевский Е.А.;Русская литература;Эмигрантская литература;;;;;Последние новости;Париж;Газета;№5278;05.09.1935;3;Подвал
Георгий Адамович;Адамович Г.В.;Литературные заметки;Рецензия на художественную книгу;Максимов С.В.;Русская литература;Эмигрантская литература;;;;В красном стане;Последние новости;Париж;Газета;№5278;05.09.1935;3;Подвал
Георгий Адамович;Адамович Г.В.;Литературные заметки;Рецензия на художественную книгу;Резников Н.;Русская литература;Эмигрантская литература;;;;Измена;Последние новости;Париж;Газета;№5278;05.09.1935;3;Подвал
В. Вейдле;Вейдле В.В.;Лессинг и Германия;Персональная статья;Лессинг Г.Э.;Немецкая литература;XVIIIв.;;;;;Последние новости;Париж;Газета;№5278;05.09.1935;3;Чердак
Георгий Адамович;Адамович Г.В.;За что чествовать Пушкина? ;Обзорная статья;;Русская литература;Советская литература;Русская литература;1/2 XIXв.;Пушкин А.С.;;Последние новости;Париж;Газета;№5285;12.09.1935;3;Подвал
А.Л.;;Стихи из Шанхая;Рецензия на художественную книгу;Светлов Н.;Русская литература;Эмигрантская литература;;;;Сторукая. Сборник стихотворений;Последние новости;Париж;Газета;№5285;12.09.1935;3;Чердак
Н. К—гъ;Кнорринг Н.Н.;Кули кайзера;Рецензия на художественную книгу;Пливье Т.;Немецкая литература;XXв.;;;;Des Kaisers Kulis;Последние новости;Париж;Газета;№5285;12.09.1935;3;Чердак
В. Лейс;;Франко-английское;Рецензия на исследование;Грин Ж.;Французская литература;XXв.;;;;Minuet;Последние новости;Париж;Газета;№5285;12.09.1935;3;Чердак
Георгий Адамович;Адамович Г.В.;«Исполнение желаний»;Рецензия на художественную книгу;Каверин В.А.;Русская литература;Советская литература;;;;Исполнение желаний;Последние новости;Париж;Газета;№5292;19.09.1935;3;Подвал
Д. Лейс;;Эрнст Роберт Курциус;Персональная статья;Курциус Э.Р.;Немецкая литература;XXв.;;;;;Последние новости;Париж;Газета;№5292;19.09.1935;3;Чердак
Б/а;Б/а;Поэт и критика;Рецензия на художественную книгу;Жамс Ф.;Французская литература;XXв.;;;;De tout temps à jamais;Последние новости;Париж;Газета;№5292;19.09.1935;3;Чердак
Мих. Ос.;Ильин M.A.;Библиографическая сенсация;Рецензия на публикацию;;Русская литература;Советская литература;Русская литература;1/2 XIXв.;Крылов И.А.;;Последние новости;Париж;Газета;№5292;19.09.1935;3;Чердак
А. Д.;Даманская А.;Франк Гаррис;Рецензия на художественную книгу;Харрис Ф.;Ирландская литература;XXв.;;;;Ma vie et mes amours;Последние новости;Париж;Газета;№5292;19.09.1935;3;Чердак
Д. Лейс;;Английская литература в России;Обзорная статья;;Русская литература;Общее;Английская литература;Общее;;;Последние новости;Париж;Газета;№5299;26.09.1935;3;Чердак
А. Вельмин;;Протест польского ПЭН-клуба;Рецензия на статью;;Польская литература;XXв.;Русская литература;Советская литература;;Литературные известия;Последние новости;Париж;Газета;№5299;26.09.1935;3;Чердак
Георгий Адамович;Адамович Г.В.;Послесловие к «конгрессу»;Обзорная статья;;Французская литература;XXв.;;;;;Последние новости;Париж;Газета;№5299;26.09.1935;3;Подвал
В. Вейдле;Вейдле В.В.;Европейская литература;Обзорная статья;;Общее;Общее;;;;;Последние новости;Париж;Газета;№5299;26.09.1935;4;Подвал
Р. Словцов;Калишевич Н.В.;«Небеглый царь»;Рецензия на публикацию;Художественная литература;Русская литература;Советская литература;Русская литература;2/2 XIXв.;Короленко В.Г.;В.Г. Короленко. Записные книжки (1880—1900);Последние новости;Париж;Газета;№5304;01.10.1935;4;Подвал
Р. Словцов;Калишевич Н.В.;Записные книжки В.Г. Короленко;Рецензия на публикацию;Художественная литература;Русская литература;Советская литература;Русская литература;2/2 XIXв.;Короленко В.Г.;В.Г. Короленко. Записные книжки (1880—1900);Последние новости;Париж;Газета;№5306;03.10.1935;2;Подвал
М. Каллаш;;Памяти Е.М. Лопатиной;Некролог;Лопатина Е.М.;Русская литература;Эмигрантская литература;;;;;Последние новости;Париж;Газета;№5306;03.10.1935;3;Чердак
Мих. Ос.;Ильин M.A.;Четырнадцатая трубка Эренбурга;Персональная статья;Эренбург И.;Русская литература;Советская литература;;;;;Последние новости;Париж;Газета;№5306;03.10.1935;3;Чердак
Георгий Адамович;Адамович Г.В.;Послесловие к «конгрессу»;Обзорная статья;;Французская литература;XXв.;;;;;Последние новости;Париж;Газета;№5306;03.10.1935;3;Подвал
Георгий Адамович;Адамович Г.В.;«Vive, l’impereur!»;Рецензия на художественную книгу;Большаков К.;Русская литература;Советская литература;;;;Маршал 105 дня;Последние новости;Париж;Газета;№5313;10.10.1935;2;Подвал
В. Вейдле;Вейдле В.В.;Конгресс литературоведов;Обзорная статья;;Общее;XXв.;;;;;Последние новости;Париж;Газета;№5313;10.10.1935;3;Чердак
Мих. Ос.;Ильин M.A.;«Феникс»;Рецензия на издание;;Русская литература;Эмигрантская литература;;;;Феникс;Последние новости;Париж;Газета;№5313;10.10.1935;3;Чердак
Г.А.;Адамович Г.В.;Потаенный альбом 20-х—40-х г.г.;Рецензия на публикацию;;Русская литература;Советская литература;Русская литература;1/2 XIXв.;;;Последние новости;Париж;Газета;№5313;10.10.1935;3;Чердак
В. Вейдле;Вейдле В.В.;Еще о европейской литературе;Обзорная статья;;Общее;Общее;;;;;Последние новости;Париж;Газета;№5314;11.10.1935;5;Подвал
Ант. Ладинский;Ладинский А.П.;Памяти Бор.Поплавского;Некролог;Поплавский Б.Ю.;Русская литература;Эмигрантская литература;;;;;Последние новости;Париж;Газета;№5316;13.10.1935;4;Чердак
Р. Словцов;Калишевич Н.В.;Новый том «Звеньев»;Рецензия на публикацию;Академия;Русская литература;Советская литература;Русская литература;Общее;;Звенья. Сборники материалов и документов по истории литературы, искусства и общественной мысли XIX века;Последние новости;Париж;Газета;№5318;15.10.1935;4;Подвал
Р. Словцов;Калишевич Н.В.;Отцы и дети;Рецензия на публикацию;Академия;Русская литература;Советская литература;Русская литература;2/2 XIXв.;;Звенья. Сборники материалов и документов по истории литературы, искусства и общественной мысли XIX века;Последние новости;Париж;Газета;№5320;17.10.1935;3;Подвал
Мих. Ос.;Ильин M.A.;Статьи Блока;Рецензия на публикацию;;Русская литература;Советская литература;Русская литература;Начало XXв.;;;Последние новости;Париж;Газета;№5320;17.10.1935;3;Чердак
Г.А.;Адамович Г.В.;Советские читатели;Рецензия на издание;;Русская литература;Советская литература;;;;Новый мир;Последние новости;Париж;Газета;№5320;17.10.1935;3;Чердак
—чъ;Адамович Г.В.;Епископ, каторжник и цареубиеца;Рецензия на художественную книгу;Гюго В.;Французская литература;1/2 XIXв.;;;;Отверженные;Последние новости;Париж;Газета;№5320;17.10.1935;3;Чердак
Георгий Адамович;Адамович Г.В.;Памяти Поплавского;Некролог;Поплавский Б.Ю.;Русская литература;Эмигрантская литература;;;;;Последние новости;Париж;Газета;№5320;17.10.1935;2;Подвал
Георгий Адамович;Адамович Г.В.;Любовь и жизнь;Рецензия на художественную книгу;Гроссман В.;Русская литература;Советская литература;;;;Муж и жена;Последние новости;Париж;Газета;№5327;24.10.1935;2;Подвал
Георгий Адамович;Адамович Г.В.;Любовь и жизнь;Рецензия на художественную книгу;Черный Ос.;Русская литература;Советская литература;;;;Анна;Последние новости;Париж;Газета;№5327;24.10.1935;2;Подвал
Георгий Адамович;Адамович Г.В.;Любовь и жизнь;Рецензия на художественную книгу;Шереметьева Е.;Русская литература;Советская литература;;;;Ветер стихает;Последние новости;Париж;Газета;№5327;24.10.1935;2;Подвал
А.;Адамович Г.В.;100-летие Е.И. Новиковой-Зариной;Юбилейная статья;Новикова-Зарина Е.И.;Русская литература;Советская литература;;;;;Последние новости;Париж;Газета;№5327;24.10.1935;3;Чердак
А.;Адамович Г.В.;Брюсов о Некрасове;Рецензия на статью;Брюсов В.Я.;Русская литература;Советская литература;Русская литература;2/2 XIXв.;Некрасов Н.А.;;Последние новости;Париж;Газета;№5327;24.10.1935;3;Чердак
В. Вейдле;Вейдле В.В.;Новая книга Анри де Монтерлана;Рецензия на художественную книгу;Монтерлан А. де;Французская литература;XXв.;;;;Servico Inutille;Последние новости;Париж;Газета;№5327;24.10.1935;3;Чердак
Р. Словцов;Калишевич Н.В.;Судьба книги Радищева;Рецензия на публикацию;Академия;Русская литература;Советская литература;Русская литература;XVIIIв.;Радищев А.Н.;А.Н. Радищев. «Путешествие из Петербурга в Москву»;Последние новости;Париж;Газета;№5327;24.10.1935;3;Подвал
Р. Словцов;Калишевич Н.В.;Гаршин и Глеб Успенский;Рецензия на художественную книгу;Дурылин С.;Русская литература;Советская литература;Русская литература;2/2 XIXв.;Гаршин В.М.;С.Н. Дурылин. Вс. М. Гаршин;Последние новости;Париж;Газета;№5332;29.10.1935;4;Подвал
Р. Словцов;Калишевич Н.В.;Гаршин и Глеб Успенский;Рецензия на художественную книгу;Дурылин С.;Русская литература;Советская литература;Русская литература;2/2 XIXв.;Успенский Г.;С.Н. Дурылин. Вс. М. Гаршин;Последние новости;Париж;Газета;№5332;29.10.1935;4;Подвал
Р. Словцов;Калишевич Н.В.;Новый том «Литературного наследства»;Рецензия на издание;;Русская литература;Советская литература;;;;«Литературное наследство». Выпуск 19-21;Последние новости;Париж;Газета;№5334;31.10.1935;3;Подвал
Н. К—гъ;Кнорринг Н.Н.;Рассказы М. Пришвина;Рецензия на художественную книгу;Пришвин М.М.;Русская литература;Советская литература;;;;Рассказы охотника;Последние новости;Париж;Газета;№5334;31.10.1935;3;Чердак
Мих. Ос.;Ильин M.A.;Повесть из жизни Полежаева;Рецензия на художественную книгу;Рудерман М.;Русская литература;Советская литература;Русская литература;1/2 XIXв.;Полежаев А.И.;Штрафная жизнь;Последние новости;Париж;Газета;№5334;31.10.1935;3;Чердак
С.;Калишевич Н.В.;Незаконченные исторические романы Толтого;Рецензия на публикацию;;Русская литература;Советская литература;Русская литература;2/2 XIXв.;Толстой Л.Н.;Л.Н. Толстой. Полное собрание сочинений;Последние новости;Париж;Газета;№5334;31.10.1935;3;Чердак
Р. Словцов;Калишевич Н.В.;Тютчев—дипломат;Рецензия на статью;Пигарев К.;Русская литература;Советская литература;Русская литература;2/2 XIXв.;Тютчев Ф.И.;Ф.И. Тютчев и проблемы внешней политики в царской России;Последние новости;Париж;Газета;№5339;05.11.1935;4;Подвал
Георгий Адамович;Адамович Г.В.;Анкета о Пушкине;Обзорная статья;;Русская литература;Советская литература;Русская литература;1/2 XIXв.;Пушкин А.С.;Лит.современник;Последние новости;Париж;Газета;№5341;07.11.1935;2;Подвал
В. Вейдле;Вейдле В.В.;Дневник Ренара;Рецензия на публикацию;;Французская литература;XXв.;Французская литература;XXв.;Ренар Ж.;;Последние новости;Париж;Газета;№5341;07.11.1935;3;Чердак
И.Д.;Демидов И.П.;Из прошлого эмиграции;Рецензия на художественную книгу;Кнорринг Н.Н.Н.;Русская литература;Эмигрантская литература;;;;Сфаят;Последние новости;Париж;Газета;№5341;07.11.1935;3;Чердак
Георгий Адамович;Адамович Г.В.;Суд времени ;Обзорная статья;;Русская литература;Начало XXв.;;;;;Последние новости;Париж;Газета;№5348;14.11.1935;2;Подвал
Мих. Осоргин;Ильин M.A.;Годовщина рождения М. Башкирцевой;Юбилейная статья;Башкирцева М.;Русская литература;2/2 XIXв.;;;;;Последние новости;Париж;Газета;№5348;14.11.1935;3;Чердак
С.;Калишевич Н.В.;100-летие автора «Лекока»;Юбилейная статья;Габорио Э.;Французская литература;2/2 XIXв.;;;;;Последние новости;Париж;Газета;№5348;14.11.1935;3;Чердак
А. Цингер;;Ненаписанный рассказ Толстого;Юбилейная статья;Толстой Л.Н.;Русская литература;2/2 XIXв.;;;;;Последние новости;Париж;Газета;№5355;21.11.1935;2;Чердак
А. Изюмов;;Два письма Толстого;Юбилейная статья;Толстой Л.Н.;Русская литература;2/2 XIXв.;;;;;Последние новости;Париж;Газета;№5355;21.11.1935;2—3;Чердак
М. Алданов;Алданов М.А.;В Ясной поляне;Юбилейная статья;Толстой Л.Н.;Русская литература;2/2 XIXв.;;;;;Последние новости;Париж;Газета;№5355;21.11.1935;2;Подвал
Георгий Адамович;Адамович Г.В.;О «Воскресении»;Рецензия на художественную книгу;Толстой Л.Н.;Русская литература;2/2 XIXв.;;;;Воскресение;Последние новости;Париж;Газета;№5355;21.11.1935;3;Подвал
Р. Словцов;Калишевич Н.В.;Мицкевич, Товянский и французская полиция;Рецензия на исследование;Краковски Э.;Польская литература;XXв.;Польская литература;1/2 XIXв.;Мицкевич А.;Adam Mickiewicz philosophe mystique;Последние новости;Париж;Газета;№5356;22.11.1935;3;Подвал
Н. Кнорринг;Кнорринг Н.Н.;О Марии Башкирцевой;Юбилейная статья;Башкирцева М.;Русская литература;2/2 XIXв.;;;;;Последние новости;Париж;Газета;№5357;23.11.1935;4;Подвал
М. Бенедиктов;Берхин М.;Лорд Карсон и Оскар Уайльд;Персональная статья;Уайльд О.;Ирландская литература;2/2 XIXв.;;;;;Последние новости;Париж;Газета;№5360;26.11.1935;3;Подвал
Р. Словцов;Калишевич Н.В.;Сокровища под спудом;Рецензия на публикацию;;Русская литература;Советская литература;Русская литература;2/2 XIXв.;Тургенев И.С.;«Бюллетень государственного Литературного Музея». №1. И.С. Тургенев;Последние новости;Париж;Газета;№5362;28.11.1935;2;Подвал
Георгий Адамович;Адамович Г.В.;«Современные записки». № 59;Рецензия на художественную книгу;Сирин В. (Набоков В.В.);Русская литература;Эмигрантская литература;;;;Приглашение на казнь;Последние новости;Париж;Газета;№5362;28.11.1935;3;Подвал
Георгий Адамович;Адамович Г.В.;«Современные записки». № 59;Рецензия на художественную книгу;Газданов Г.И.;Русская литература;Эмигрантская литература;;;;История одного путешествия;Последние новости;Париж;Газета;№5362;28.11.1935;3;Подвал
Георгий Адамович;Адамович Г.В.;«Современные записки». № 59;Рецензия на художественную книгу;Темирязев Б. (Анненков Ю.П.);Русская литература;Эмигрантская литература;;;;Тяжесть;Последние новости;Париж;Газета;№5362;28.11.1935;3;Подвал
Георгий Адамович;Адамович Г.В.;«Современные записки». № 59;Рецензия на художественную книгу;Зайцев Б.К.;Русская литература;Эмигрантская литература;;;;Жизнь с Гоголем;Последние новости;Париж;Газета;№5362;28.11.1935;3;Подвал
Георгий Адамович;Адамович Г.В.;«Современные записки». № 59;Рецензия на художественную книгу;Оцуп Н.А.;Русская литература;Эмигрантская литература;;;;Стихи;Последние новости;Париж;Газета;№5362;28.11.1935;3;Подвал
Георгий Адамович;Адамович Г.В.;«Современные записки». № 59;Рецензия на художественную книгу;Цветаева М.И.;Русская литература;Эмигрантская литература;;;;Стихи;Последние новости;Париж;Газета;№5362;28.11.1935;3;Подвал
Георгий Адамович;Адамович Г.В.;«Современные записки». № 59;Рецензия на художественную книгу;Ладинский А.П.;Русская литература;Эмигрантская литература;;;;Стихи;Последние новости;Париж;Газета;№5362;28.11.1935;3;Подвал
Вл. З—ъ;Зензинов В.М.;И.С. Шмелев;Юбилейная статья;Шмелев И.С.;Русская литература;Эмигрантская литература;;;;;Последние новости;Париж;Газета;№5362;28.11.1935;3;Чердак
Ю. Сазонова;Сазонова Ю.Л.;Подвиг молодежи;Обзорная статья;;Русская литература;Эмигрантская литература;;;;;Последние новости;Париж;Газета;№5366;02.12.1935;3;Подвал
Г.А.;Адамович Г.В.;«Молодец-баба»;Рецензия на публикацию;;Русская литература;Советская литература;;;;;Последние новости;Париж;Газета;№5369;05.12.1935;3;Чердак
С.;Калишевич Н.В.;Неизвестный баснописец;Рецензия на публикацию;Советский писатель;Русская литература;Советская литература;Русская литература;2/2 XIXв.;А.Н.;А.Н. Избранные басни;Последние новости;Париж;Газета;№5369;05.12.1935;3;Чердак
Мих. Ос.;Ильин M.A.;Пророчества Толстого;Рецензия на публикацию;Иоффе З.;Русская литература;Эмигрантская литература;Русская литература;2/2 XIXв.;Толстой Л.Н.;Пророчества Л.Н. Толстого;Последние новости;Париж;Газета;№5369;05.12.1935;3;Чердак
В. Вейдле;Вейдле В.В.;Японская поэзия;Рецензия на издание;Бонно Ж.;Французская литература;XXв.;Японская литература;Общее;;Anthologie de la poésie japonaise;Последние новости;Париж;Газета;№5369;05.12.1935;3;Чердак
В. Вейдле;Вейдле В.В.;Японская поэзия;Рецензия на издание;Фиуме Л., Матсуо К.;Итальянская литература;XXв.;Японская литература;Общее;;Poeti giapponesi;Последние новости;Париж;Газета;№5369;05.12.1935;3;Чердак
Георгий Адамович;Адамович Г.В.;Мережковский;Персональная статья;Мережковский Д.С.;Русская литература;Эмигрантская литература;;;;;Последние новости;Париж;Газета;№5369;05.12.1935;3;Подвал
Ю. Сазонова;Сазонова Ю.Л.;Идеал полковника Бремля;Рецензия на статью;Моруа А.;Французская литература;XXв.;Английская литература;Общее;;Magiciens r]et Logiciens;Последние новости;Париж;Газета;№5371;07.12.1935;4;Подвал
Георгий Адамович;Адамович Г.В.;Три пьесы;Рецензия на художественную книгу;Бабель И.Э.;Русская литература;Советская литература;;;;Мария;Последние новости;Париж;Газета;№5376;12.12.1935;2;Подвал
Георгий Адамович;Адамович Г.В.;Три пьесы;Рецензия на художественную книгу;Афиногенов А.Н.;Русская литература;Советская литература;;;;Далекое;Последние новости;Париж;Газета;№5376;12.12.1935;2;Подвал
Георгий Адамович;Адамович Г.В.;Три пьесы;Рецензия на художественную книгу;Корнейчук;Русская литература;Советская литература;;;;Платон Кречет;Последние новости;Париж;Газета;№5376;12.12.1935;2;Подвал
Р. Словцов;Калишевич Н.В.;Летопись жизни Некрасова;Рецензия на исследование;Академия;Русская литература;Советская литература;Русская литература;2/2 XIXв.;Некрасов Н.А.;Летопись жизни и творчества Н.А. Некрасова;Последние новости;Париж;Газета;№5376;12.12.1935;3;Подвал
Георгий Адамович;Адамович Г.В.;Приказ по литературе;Рецензия на статью;Степун Ф.А.;Русская литература;Эмигрантская литература;;;;Пореволюционное сознание и задачи эмигрантской литературы;Последние новости;Париж;Газета;№5383;19.12.1935;2;Подвал
Г.А.;Адамович Г.В.;К.Д. Бальмонт;Юбилейная статья;Бальмонт К.Д.;Русская литература;Эмигрантская литература;;;;;Последние новости;Париж;Газета;№5383;19.12.1935;3;Чердак
В. Вейдле;Вейдле В.В.;Гонкуровская премия;Рецензия на художественную книгу;Пере Ж.;Французская литература;XXв.;;;;Sang et lumières;Последние новости;Париж;Газета;№5383;19.12.1935;3;Чердак
В. Вейдле;Вейдле В.В.;О переводах;Обзорная статья;;Общее;Общее;;;;;Последние новости;Париж;Газета;№5384;20.12.1935;3;Подвал
Георгий Адамович;Адамович Г.В.;Есенин;Юбилейная статья;Есенин С.А.;Русская литература;Советская литература;;;;;Последние новости;Париж;Газета;№5390;26.12.1935;2;Подвал
Р. Словцов;Калишевич Н.В.;Русский литератор за-границей;Рецензия на публикацию;Изд-во всесоюзной библиотеки им. В.И.Ленина;Русская литература;Советская литература;Русская литература;2/2 XIXв.;Елисеев Г.З.;;Последние новости;Париж;Газета;№5390;26.12.1935;3;Подвал
Г.А.;Адамович Г.В.;Поль Буржэ;Некролог;Бурже П.;Французская литература;XXв.;;;;;Последние новости;Париж;Газета;№5390;26.12.1935;3;Чердак
В. Вейдле;Вейдле В.В.;Антология зарубежной поэзии;Рецензия на издание;Адамович Г., Кантор М.;Русская литература;Эмигрантская литература;;;;Якорь. Антология зарубежной поэзии;Последние новости;Париж;Газета;№5390;26.12.1935;3;Чердак
Р. Словцов;Калишевич Н.В.;Тетушка Ергольская;Рецензия на публикацию;Госиздат;Русская литература;Советская литература;Русская литература;2/2 XIXв.;Толстой Л.Н.;Л.Н. Толстой. Полное собрание сочинений. Том 59;Последние новости;Париж;Газета;№5395;31.12.1935;4;Подвал
Георгий Адамович;Адамович Г.В.;Двойная жизнь;Рецензия на художественную книгу;Рыкачев Я.С.;Русская литература;Советская литература;;;;Сложный ход;Последние новости;Париж;Газета;№5397;02.01.1936;2;Подвал
Г.А.;Адамович Г.В.;Эпиграф к «Анне Карениной»;Рецензия на статью;Эйхенбаум Б.М.;Русская литература;Советская литература;Русская литература;2/2 XIXв.;Толстой Л.Н.;;Последние новости;Париж;Газета;№5397;02.01.1936;3;Чердак
В. Вейдле;Вейдле В.В.;Опустошенный мир;Персональная статья;Томлинсон Г.М.;Английская литература;XXв.;;;;;Последние новости;Париж;Газета;№5398;03.01.1936;5;Подвал
Георгий Адамович;Адамович Г.В.;«Сложный ход»;Рецензия на художественную книгу;Рыкачев Я.С.;Русская литература;Советская литература;;;;Сложный ход;Последние новости;Париж;Газета;№5404;09.01.1936;2;Подвал
Г.А.;Адамович Г.В.;«Жуки на солнце»;Рецензия на художественную книгу;Корсак В.;Русская литература;Эмигрантская литература;;;;Жуки на солнце;Последние новости;Париж;Газета;№5404;09.01.1936;3;Чердак
Н. К—гъ;Кнорринг Н.Н.;«Переворот третьего Хута»;Рецензия на художественную книгу;Каземи М.М.;Персидская литература;XXв.;;;;Страшный Тегеран;Последние новости;Париж;Газета;№5404;09.01.1936;3;Чердак
Мих. Ос.;Ильин M.A.;«Земля Санникова»;Рецензия на художественную книгу;Обручев В.А.;Русская литература;Советская литература;;;;Земля Санникова;Последние новости;Париж;Газета;№5404;09.01.1936;3;Чердак
Ю. Сазонова;Сазонова Ю.Л.;Беспартийное творчество;Обзорная статья;;Общее;Общее;;;;;Последние новости;Париж;Газета;№5406;11.01.1936;4;Подвал
Р.С.;Калишевич Н.В.;На могиле Верлена;Юбилейная статья;Верлен П.;Французская литература;2/2 XIXв.;;;;;Последние новости;Париж;Газета;№5407;12.01.1936;5;Чердак
Р. Словцов;Калишевич Н.В.;Толстой и Чертов;Рецензия на публикацию;;Русская литература;Советская литература;Русская литература;2/2 XIXв.;Толстой Л.Н.;Л.Н. Толстой. Полное собрание сочинений. Том 85;Последние новости;Париж;Газета;№5409;14.01.1936;3;Подвал
Георгий Адамович;Адамович Г.В.;Письма о Лермонтове;Рецензия на художественную книгу;Фельзен Ю.;Русская литература;Эмигрантская литература;;;;Письма о Лермонтове;Последние новости;Париж;Газета;№5411;16.01.1936;2;Подвал
А. Швыров;Швыров А.В.;«Японский Мередит»;Рецензия на художественную книгу;Натсумэ С.;Японская литература;XXв.;;;;Я — кошка;Последние новости;Париж;Газета;№5411;16.01.1936;3;Чердак
М. Б.;Берхин М.;Новая комедия Бернард Шоу;Рецензия на художественную книгу;Шоу Б.;Ирландская литература;XXв.;;;;Миллионерша;Последние новости;Париж;Газета;№5411;16.01.1936;3;Чердак
В. Вейдле;Вейдле В.В.;Р. Киплинг;Некролог;Киплинг Р.;Английская литература;XXв.;;;;;Последние новости;Париж;Газета;№5414;19.01.1936;4;Чердак
Даманская А.;Даманская А.;Последний гидальго;Некролог;Валье-Инклан Р.М. дель;Испанская литература;XXв.;;;;;Последние новости;Париж;Газета;№5415;20.01.1936;3;Подвал
Р. Словцов;Калишевич Н.В.;Обитатели села Степанчиково;Рецензия на публикацию;Художественная литература;Русская литература;Советская литература;Русская литература;2/2 XIXв.;Достоевский Ф.М.;Село Степанчиково и его обитатели;Последние новости;Париж;Газета;№5418;23.01.1936;2;Подвал
В. Вейдле;Вейдле В.В.;Судьба Сент-Бева;Рецензия на исследование;Жиро В.;Французская литература;XXв.;Французская литература;1/2 XIXв.;Сент-Бёв Ш. О. де;La vie secrète de Sainte-Beuve;Последние новости;Париж;Газета;№5418;23.01.1936;3;Чердак
Мих. Ос.;Ильин M.A.;Гостеприимная Арктика;Рецензия на художественную книгу;Стефанссон В.;Канадская литература;XXв.;;;;;Последние новости;Париж;Газета;№5418;23.01.1936;3;Чердак
Георгий Адамович;Адамович Г.В.;Перечитывая Шмелева;Рецензия на художественную книгу;Шмелев И.С.;Русская литература;Эмигрантская литература;;;;Няня из Москвы;Последние новости;Париж;Газета;№5425;30.01.1936;2;Подвал
Н. К—гъ;Кнорринг Н.Н.;«Сыновья»;Рецензия на художественную книгу;Бак П.;Американская литература;XXв.;;;;Сыновья;Последние новости;Париж;Газета;№5425;30.01.1936;3;Чердак
Н. Викторов;;Фабрики писателей;Обзорная статья;;Русская литература;Советская литература;;;;;Последние новости;Париж;Газета;№5427;01.02.1936;4;Подвал
В. Вейдле;Вейдле В.В.;Сравнение литератур;Рецензия на издание;Джеймсон Р.Д.;Английская литература;XXв.;;;;A comparison of Literatures;Последние новости;Париж;Газета;№5430;04.02.1936;3;Подвал
Георгий Адамович;Адамович Г.В.;Хлебников;Персональная статья;Хлебников В.;Русская литература;Начало XXв.;;;;;Последние новости;Париж;Газета;№5432;06.02.1936;2;Подвал
В. Вейдле;Вейдле В.В.;Историко-литературное открытие;Рецензия на исследование;Вайз К.;Немецкая литература;XXв.;Французская литература;XVIIIв.;;Das antiphilosophische Weltbild des französischen Sturm und Drang;Последние новости;Париж;Газета;№5432;06.02.1936;3;Чердак
Н. К—гъ;Кнорринг Н.Н.;«Биллютени» Литературного музея;Рецензия на публикацию;Литературный музей;Русская литература;Советская литература;Русская литература;2/2 XIXв.;Тургенев И.С.;И.С. Тургенев. Рукописи, переписка и документы;Последние новости;Париж;Газета;№5432;06.02.1936;3;Чердак
Георгий Адамович;Адамович Г.В.;Стихи;Рецензия на художественную книгу;Божнев Б.;Русская литература;Эмигрантская литература;;;;Silentium sociologicum;Последние новости;Париж;Газета;№5439;13.02.1936;2;Подвал
Георгий Адамович;Адамович Г.В.;Стихи;Рецензия на художественную книгу;Барт С.;Русская литература;Эмигрантская литература;;;;Душа в иносказании;Последние новости;Париж;Газета;№5439;13.02.1936;2;Подвал
Георгий Адамович;Адамович Г.В.;Стихи;Рецензия на художественную книгу;Мамченко В.;Русская литература;Эмигрантская литература;;;;Тяжелые птицы;Последние новости;Париж;Газета;№5439;13.02.1936;2;Подвал
Георгий Адамович;Адамович Г.В.;Стихи;Рецензия на художественную книгу;Шаховская З.А.;Русская литература;Эмигрантская литература;;;;Дорога;Последние новости;Париж;Газета;№5439;13.02.1936;2;Подвал
Георгий Адамович;Адамович Г.В.;Стихи;Рецензия на художественную книгу;Булич В.;Русская литература;Эмигрантская литература;;;;Маятник;Последние новости;Париж;Газета;№5439;13.02.1936;2;Подвал
Георгий Адамович;Адамович Г.В.;Стихи;Рецензия на художественную книгу;Таубер Е.;Русская литература;Эмигрантская литература;;;;Одиночество;Последние новости;Париж;Газета;№5439;13.02.1936;2;Подвал
Георгий Адамович;Адамович Г.В.;Стихи;Рецензия на художественную книгу;Савинков Л.;Русская литература;Эмигрантская литература;;;;Аванпост;Последние новости;Париж;Газета;№5439;13.02.1936;2;Подвал
Георгий Адамович;Адамович Г.В.;Стихи;Рецензия на художественную книгу;Светлов Н.;Русская литература;Эмигрантская литература;;;;Сторукая;Последние новости;Париж;Газета;№5439;13.02.1936;2;Подвал
Георгий Адамович;Адамович Г.В.;Вечер В. Сирина и В. Ходасевича;Рецензия на художественную книгу;Ходасевич В.Ф.;Русская литература;Эмигрантская литература;;;;Жизнь Василия Травникова;Последние новости;Париж;Газета;№5439;13.02.1936;3;Чердак
Георгий Адамович;Адамович Г.В.;Вечер В. Сирина и В. Ходасевича;Рецензия на художественную книгу;Сирин В. (Набоков В.В.);Русская литература;Эмигрантская литература;;;;Рассказы;Последние новости;Париж;Газета;№5439;13.02.1936;3;Чердак
Г. Адамович;Адамович Г.В.;«Чудеса в решете»;Рецензия на художественную книгу;Толстой А.Н.;Русская литература;Советская литература;;;;Чудеса в решете;Последние новости;Париж;Газета;№5442;16.02.1936;4;Чердак
Р. Словцов;Калишевич Н.В.;Неизвестная любовь Пушкина;Рецензия на публикацию;Академия;Русская литература;Советская литература;Русская литература;1/2 XIXв.;Пушкин А.С.;«Рукою Пушкина». Несобранные и неопубликованные тексты;Последние новости;Париж;Газета;№5444;18.02.1936;3;Подвал
Георгий Адамович;Адамович Г.В.;Новые люди;Рецензия на художественную книгу;Копылов Л.;Русская литература;Советская литература;;;;Одеяло из лоскутьев;Последние новости;Париж;Газета;№5446;20.02.1936;2;Подвал
Г.А.;Адамович Г.В.;«Новь» ;Рецензия на издание;;Русская литература;Эмигрантская литература;;;;;Последние новости;Париж;Газета;№5446;20.02.1936;3;Чердак
А.;Адамович Г.В.;Стихи Кюхельбекера;Рецензия на публикацию;Тынянов Ю.Н.;Русская литература;Советская литература;Русская литература;1/2 XIXв.;Кюхельбекер В.К.;;Последние новости;Париж;Газета;№5446;20.02.1936;3;Чердак
Ю. Сазонова;Сазонова Ю.Л.;Комедиант по имени Мольер;Персональная статья;Мольер Ж.-Б.;Французская литература;XVIIв.;;;;;Последние новости;Париж;Газета;№5446;20.02.1936;3;Подвал
Р. Словцов;Калишевич Н.В.;«Рукою Пушкина»;Рецензия на публикацию;Академия;Русская литература;Советская литература;Русская литература;1/2 XIXв.;Пушкин А.С.;«Рукою Пушкина». Несобранные и неопубликованные тексты;Последние новости;Париж;Газета;№5446;20.02.1936;4;Подвал
Ю. Сазонова;Сазонова Ю.Л.;Выдумки княжны Петрушки;Обзорная статья;;Общее;Общее;;;;;Последние новости;Париж;Газета;№5448;22.02.1936;4;Подвал
Р.С.;Калишевич Н.В.;На могиле Гейне;Юбилейная статья;Гейне Г.;Немецкая литература;1/2 XIXв.;;;;;Последние новости;Париж;Газета;№5449;23.02.1936;5;Чердак
Георгий Адамович;Адамович Г.В.;«Испорченные дети»;Рецензия на художественную книгу;Салтыков-Щедрин М.Е.;Русская литература;2/2 XIXв.;;;;Испорченные дети;Последние новости;Париж;Газета;№5453;27.02.1936;2;Подвал
Р. Словцов;Калишевич Н.В.;Творческие возбудители Достоевского;Рецензия на исследование;Бем А.Л.;Русская литература;Эмигрантская литература;Русская литература;2/2 XIXв.;Достоевский Ф.М.;А.Л. Бем. У Истоков творчества Достоевского;Последние новости;Париж;Газета;№5453;27.02.1936;3;Подвал
Мих. Ос.;Ильин M.A.;Рассказы В. Ирецкого;Рецензия на художественную книгу;Ирецкий В.Я.;Русская литература;Эмигрантская литература;;;;Коварство и любовь;Последние новости;Париж;Газета;№5453;27.02.1936;3;Чердак
А.;Адамович Г.В.;Пародии и эпиграммы В. Брюсова;Рецензия на публикацию;Гослитиздат;Русская литература;Советская литература;Русская литература;Советская литература;;Неизданные стихотворения;Последние новости;Париж;Газета;№5453;27.02.1936;3;Чердак
Ю. Сазонова;Сазонова Ю.Л.;Фантазии;Обзорная статья;;Общее;Общее;;;;;Последние новости;Париж;Газета;№5457;02.03.1936;3;Подвал
Георгий Адамович;Адамович Г.В.;Перечитывая «Отчаяние»;Рецензия на художественную книгу;Сирин В. (Набоков В.В.);Русская литература;Эмигрантская литература;;;;Отчаяние;Последние новости;Париж;Газета;№5460;05.03.1936;3;Подвал
Б/а;Б/а;А.А. Плещеев;Юбилейная статья;Плещеев А.А.;Русская литература;Эмигрантская литература;;;;;Последние новости;Париж;Газета;№5460;05.03.1936;3;Чердак
А.;Адамович Г.В.;Литература в СССР;Рецензия на статью;Сурков А.;Русская литература;Советская литература;Русская литература;Советская литература;Пастернак Б.Л.;;Последние новости;Париж;Газета;№5460;05.03.1936;3;Чердак
А.;Адамович Г.В.;Литература в СССР;Персональная статья;Шагинян М.С.;Русская литература;Советская литература;;;;;Последние новости;Париж;Газета;№5460;05.03.1936;3;Чердак
А.;Адамович Г.В.;Литература в СССР;Рецензия на публикацию;Звезды;Русская литература;Советская литература;Русская литература;2/2 XIXв.;Гончаров И.А.;Лихая болесть;Последние новости;Париж;Газета;№5460;05.03.1936;3;Чердак
А.;Адамович Г.В.;Литература в СССР;Рецензия на художественную книгу;Светлов М.;Русская литература;Советская литература;;;;Глубокая провинция;Последние новости;Париж;Газета;№5460;05.03.1936;3;Чердак
А.;Адамович Г.В.;Литература в СССР;Некролог;Микулич В. (Л.И. Веселитская);Русская литература;Советская литература;;;;;Последние новости;Париж;Газета;№5460;05.03.1936;3;Чердак
Мих. Ос.;Ильин M.A.;«Хаос»Ширванзаде;Рецензия на художественную книгу;Ширванзаде А.;Армянская литература;XXв.;;;;Хаос;Последние новости;Париж;Газета;№5460;05.03.1936;3;Чердак
С.;Калишевич Н.В.;Стихи Тредиаковского;Рецензия на публикацию;Советский писатель;Русская литература;Советская литература;Русская литература;XVIIIв.;Тредиаковский В.К.;Тредиаковский. Стихотворения;Последние новости;Париж;Газета;№5460;05.03.1936;3;Чердак
Р. Словцов;Калишевич Н.В.;Молодость Полонского;Рецензия на публикацию;Советский писатель;Русская литература;Советская литература;Русская литература;2/2 XIXв.;Полонский Я.П.;Я.П. Полонский. Стихотворения и поэмы;Последние новости;Париж;Газета;№5460;05.03.1936;5;Подвал
О. Грузенберг;Грузенберг О.О.;О «Записных книжках» В.Г. Короленко;Рецензия на публикацию;;Русская литература;Советская литература;Русская литература;2/2 XIXв.;Короленко В.Г.;В.Г. Короленко. Записные книжки (1880—1900);Последние новости;Париж;Газета;№5463;08.03.1936;2;Подвал
Г.А.;Адамович Г.В.;Умер поэт М. А. Кузмин;Некролог;Кузмин М.А.;Русская литература;Советская литература;;;;;Последние новости;Париж;Газета;№5463;08.03.1936;3;Чердак
Мих. Осоргин;Ильин M.A.;Смерть сказки;Обзорная статья;;Общее;Общее;;;;;Последние новости;Париж;Газета;№5464;09.03.1936;2;Подвал
Георгий Адамович;Адамович Г.В.;«Современные записки». Кн. 60-я;Рецензия на художественную книгу;Зайцев Б.К.;Русская литература;Эмигрантская литература;;;;Людиново;Последние новости;Париж;Газета;№5467;12.03.1936;2;Подвал
Георгий Адамович;Адамович Г.В.;«Современные записки». Кн. 60-я;Рецензия на художественную книгу;Берберова Н.Н.;Русская литература;Эмигрантская литература;;;;Книга о счастье;Последние новости;Париж;Газета;№5467;12.03.1936;2;Подвал
Георгий Адамович;Адамович Г.В.;«Современные записки». Кн. 60-я;Рецензия на художественную книгу;Газданов Г.И.;Русская литература;Эмигрантская литература;;;;Освобождение;Последние новости;Париж;Газета;№5467;12.03.1936;2;Подвал
Георгий Адамович;Адамович Г.В.;«Современные записки». Кн. 60-я;Рецензия на художественную книгу;Оцуп Н.А.;Русская литература;Эмигрантская литература;;;;Стихи;Последние новости;Париж;Газета;№5467;12.03.1936;2;Подвал
Георгий Адамович;Адамович Г.В.;«Современные записки». Кн. 60-я;Рецензия на художественную книгу;Цветаева М.И.;Русская литература;Эмигрантская литература;;;;Стихи;Последние новости;Париж;Газета;№5467;12.03.1936;2;Подвал
Георгий Адамович;Адамович Г.В.;«Современные записки». Кн. 60-я;Рецензия на художественную книгу;Штейгер А.С.;Русская литература;Эмигрантская литература;;;;Стихи;Последние новости;Париж;Газета;№5467;12.03.1936;2;Подвал
Георгий Адамович;Адамович Г.В.;«Современные записки». Кн. 60-я;Рецензия на художественную книгу;Кельберин Л.;Русская литература;Эмигрантская литература;;;;Стихи;Последние новости;Париж;Газета;№5467;12.03.1936;2;Подвал
Георгий Адамович;Адамович Г.В.;«Современные записки». Кн. 60-я;Рецензия на художественную книгу;Иваск Ю.;Русская литература;Эмигрантская литература;;;;Стихи;Последние новости;Париж;Газета;№5467;12.03.1936;2;Подвал
Георгий Адамович;Адамович Г.В.;«Современные записки». Кн. 60-я;Рецензия на художественную книгу;Смоленский В.А.;Русская литература;Эмигрантская литература;;;;Стихи;Последние новости;Париж;Газета;№5467;12.03.1936;2;Подвал
Георгий Адамович;Адамович Г.В.;«Современные записки». Кн. 60-я;Рецензия на статью;Газданов Г.И.;Русская литература;Эмигрантская литература;;;;О молодой эмигрантской литературе;Последние новости;Париж;Газета;№5467;12.03.1936;2;Подвал
Мих. Ос.;Ильин M.A.;Ремизов по-французски;Рецензия на перевод;З.Б. Кирилл;Французская литература;XXв.;Русская литература;Эмигрантская литература;Ремизов А.М.;Первопечатник Иван Федоров;Последние новости;Париж;Газета;№5467;12.03.1936;3;Чердак
Г.А.;Адамович Г.В.;Литература в СССР;Рецензия на художественную книгу;Каверин В.А.;Русская литература;Советская литература;;;;Исполнение желаний;Последние новости;Париж;Газета;№5467;12.03.1936;3;Чердак
Г.А.;Адамович Г.В.;Литература в СССР;Рецензия на статью;Никулин Л.В.;Русская литература;Советская литература;;;;;Последние новости;Париж;Газета;№5467;12.03.1936;3;Чердак
Г.А.;Адамович Г.В.;Литература в СССР;Рецензия на художественную книгу;Фейхтвангер Л.;Русская литература;Советская литература;;;;Успех;Последние новости;Париж;Газета;№5467;12.03.1936;3;Чердак
Р. Словцов;Калишевич Н.В.;Старый и новый фольклор;Рецензия на публикацию;Академия наук;Русская литература;Советская литература;Русская литература;1/2 XIXв.;Киреевский П.В.;Письма П.В. Киреевского к А.М. Языкову;Последние новости;Париж;Газета;№5467;12.03.1936;3;Подвал
Мих. Осоргин;Ильин M.A.;Весна и поэзия;Обзорная статья;;Общее;Общее;;;;;Последние новости;Париж;Газета;№5471;16.03.1936;2;Подвал
Георгий Адамович;Адамович Г.В.;Литературные заметки;Рецензия на художественную книгу;Тэффи Н.А.;Русская литература;Эмигрантская литература;;;;Ведьма;Последние новости;Париж;Газета;№5474;19.03.1936;2;Подвал
Георгий Адамович;Адамович Г.В.;Литературные заметки;Рецензия на художественную книгу;Брюсов В.Я.;Русская литература;Советская литература;;;;Неизданные стихотворения;Последние новости;Париж;Газета;№5474;19.03.1936;2;Подвал
Мих. Ос.;Ильин M.A.;"О «молодых писателях""";Рецензия на статью;Газданов Г.И.;Русская литература;Эмигрантская литература;;;;О молодой эмигрантской литературе;Последние новости;Париж;Газета;№5474;19.03.1936;3;Чердак
Б/а;Б/а;Литература в СССР;Персональная статья;Леонов Л.М.;Русская литература;Советская литература;;;;;Последние новости;Париж;Газета;№5474;19.03.1936;3;Чердак
Б/а;Б/а;Литература в СССР;Юбилейная статья;;Русская литература;Советская литература;Украинская литература;;Шевченко Т.;;Последние новости;Париж;Газета;№5474;19.03.1936;3;Чердак
Георгий Адамович;Адамович Г.В.;Литературные заметки;Рецензия на художественную книгу;Жаботинский В.;Русская литература;Эмигрантская литература;;;;Пятеро;Последние новости;Париж;Газета;№5481;26.03.1936;2;Подвал
Георгий Адамович;Адамович Г.В.;Литературные заметки;Рецензия на художественную книгу;Федин К.А.;Русская литература;Советская литература;;;;Похищение Европы;Последние новости;Париж;Газета;№5481;26.03.1936;2;Подвал
—чъ;Адамович Г.В.;Гете — убийца Шиллера;Рецензия на исследование;Людендорф М.;Немецкая литература;XXв.;;;;Безнаказанные преступления, совершенные против Лютера, Лессинга и Шиллера во имя всемогущего Архитектора вселенной;Последние новости;Париж;Газета;№5481;26.03.1936;3;Чердак
Г.А.;Адамович Г.В.;Литература в СССР;Персональная статья;Пастернак Б.Л.;Русская литература;Советская литература;;;;;Последние новости;Париж;Газета;№5481;26.03.1936;3;Чердак
Г.А.;Адамович Г.В.;Литература в СССР;Рецензия на художественную книгу;Зощенко М.М.;Русская литература;Советская литература;;;;Голубая книга;Последние новости;Париж;Газета;№5481;26.03.1936;3;Чердак
Р. Словцов;Калишевич Н.В.;«Петербургские трущобы»;Рецензия на публикацию;Академия;Русская литература;Советская литература;Русская литература;2/2 XIXв.;Крестовский В.В.;В.В. Крестовский. «Петербургские трущобы»;Последние новости;Париж;Газета;№5481;26.03.1936;3;Подвал
Ю. Сазонова;Сазонова Ю.Л.;Шутники;Обзорная статья;;Русская литература;Общее;;;;;Последние новости;Париж;Газета;№5483;28.03.1936;4;Подвал
Георгий Адамович;Адамович Г.В.;Московские дела;Обзорная статья;;Русская литература;Советская литература;;;;;Последние новости;Париж;Газета;№5488;02.04.1936;2;Подвал
А. С.;;Юбилей Н. А. Рубакина;Юбилейная статья;Рубакин Н.А.;Русская литература;Эмигрантская литература;;;;;Последние новости;Париж;Газета;№5488;02.04.1936;3;Чердак
Г.А.;Адамович Г.В.;Литература в СССР;Рецензия на художественную книгу;Толстая А.Л.;Русская литература;Советская литература;;;;Атилла;Последние новости;Париж;Газета;№5488;02.04.1936;3;Чердак
Г.А.;Адамович Г.В.;Литература в СССР;Персональная статья;Эренбург И.;Русская литература;Советская литература;;;;;Последние новости;Париж;Газета;№5488;02.04.1936;3;Чердак
А. Ш.;Швыров А.В.;Столетие «Пиквика»;Юбилейная статья;Диккенс Ч.;Английская литература;2/2 XIXв.;;;;Посмертные записки Пиквикского клуба;Последние новости;Париж;Газета;№5488;02.04.1936;3;Чердак
Мих. Ос.;Ильин M.A.;Сигрид Унсет;Рецензия на перевод;Дьяконова М.;Русская литература;Советская литература;Норвежская литература;XXв.;Унсет С.;Кристина, дочь Лавранса;Последние новости;Париж;Газета;№5488;02.04.1936;3;Чердак
А. Петрищев;;О плане Госдетиздата;Обзорная статья;;Русская литература;Советская литература;;;;;Последние новости;Париж;Газета;№5493;07.04.1936;3;Чердак
Р. Словцов;Калишевич Н.В.;Новый том писем Пушкина;Рецензия на публикацию;Академия;Русская литература;Советская литература;Русская литература;1/2 XIXв.;Пушкин А.С.;Пушкин. Письма. Том III;Последние новости;Париж;Газета;№5493;07.04.1936;3;Подвал
Г.А.;Адамович Г.В.;Литература в СССР;Рецензия на публикацию;;Русская литература;Советская литература;Русская литература;1/2 XIXв.;Чаадаев П.Я.;;Последние новости;Париж;Газета;№5495;09.04.1936;3;Чердак
Г.А.;Адамович Г.В.;Литература в СССР;Обзорная статья;;Русская литература;Советская литература;Русская литература;1/2 XIXв.;Пушкин А.С.;;Последние новости;Париж;Газета;№5495;09.04.1936;3;Чердак
Р. Словцов;Калишевич Н.В.;Ушедшая Москва;Рецензия на художественную книгу;Гиляровский В.А.;Русская литература;Советская литература;;;;Москва и москвичи;Последние новости;Париж;Газета;№5500;14.04.1936;3;Подвал
Георгий Адамович;Адамович Г.В.;Премированный роман;Рецензия на художественную книгу;Рахманова А.;Русская литература;Эмигрантская литература;;;;Фабрика новых людей;Последние новости;Париж;Газета;№5502;16.04.1936;2;Подвал
Р. Словцов;Калишевич Н.В.;Молодость Крылова;Рецензия на публикацию;Советский писатель;Русская литература;Советская литература;Русская литература;1/2 XIXв.;Крылов И.А.;И.А. Крылов. Полное собрание стихотворений;Последние новости;Париж;Газета;№5502;16.04.1936;3;Подвал
Г.А.;Адамович Г.В.;Литература в СССР;Обзорная статья;;Русская литература;Советская литература;;;;;Последние новости;Париж;Газета;№5502;16.04.1936;3;Чердак
Р. Словцов;Калишевич Н.В.;Источники драм Пушкина;Рецензия на публикацию;Академия;Русская литература;Советская литература;Русская литература;1/2 XIXв.;Пушкин А.С.;Пушкин. Полное собрание сочинений. Том VII-й;Последние новости;Париж;Газета;№5507;21.04.1936;4;Подвал
С. Поляков;Поляков-Литовцев С.;К.Д. Бальмонт;Персональная статья;Бальмонт К.Д.;Русская литература;Эмигрантская литература;;;;;Последние новости;Париж;Газета;№5508;22.04.1936;2;Чердак
Георгий Адамович;Адамович Г.В.;Литературные заметки;Рецензия на художественную книгу;Зощенко М.М.;Русская литература;Советская литература;;;;Голубая книга;Последние новости;Париж;Газета;№5509;23.04.1936;2;Подвал
Георгий Адамович;Адамович Г.В.;Литературные заметки;Рецензия на художественную книгу;Добычин Л.;Русская литература;Советская литература;;;;Город Эн;Последние новости;Париж;Газета;№5509;23.04.1936;3;Подвал
Р. Словцов;Калишевич Н.В.;На двух полюсах;Рецензия на издание;Советский писатель;Русская литература;Советская литература;Русская литература;Фольклор;;Русский фольклор. Эпическая поэзия;Последние новости;Париж;Газета;№5509;23.04.1936;3;Подвал
Р. Словцов;Калишевич Н.В.;На двух полюсах;Рецензия на издание;Академия;Русская литература;Советская литература;Русская литература;Фольклор;;Советский фольклор. Сборник статей и материалов;Последние новости;Париж;Газета;№5509;23.04.1936;3;Подвал
В. Вейдле;Вейдле В.В.;Антиромантизм;Рецензия на исследование;Фридрих Г.;Немецкая литература;XXв.;Французская литература;;;Das antiromantische Denken im Frankreich;Последние новости;Париж;Газета;№5509;23.04.1936;3;Чердак
А. Ш.;Швыров А.В.;Загадка Шекспира;Юбилейная статья;Шекспир У.;Английская литература;XVIIв.;;;;;Последние новости;Париж;Газета;№5509;23.04.1936;3;Чердак
Г.А.;Адамович Г.В.;Литература в СССР;Рецензия на статью;Горький М.;Русская литература;Советская литература;;;;;Последние новости;Париж;Газета;№5509;23.04.1936;3;Чердак
Г.А.;Адамович Г.В.;Литература в СССР;Рецензия на художественную книгу;Катаев В.П.;Русская литература;Советская литература;;;;Белеет парус одинокий;Последние новости;Париж;Газета;№5509;23.04.1936;3;Чердак
Г.А.;Адамович Г.В.;Литература в СССР;Юбилейная статья;Маяковский В.В.;Русская литература;Советская литература;;;;;Последние новости;Париж;Газета;№5509;23.04.1936;3;Чердак
Ю. Сазонова;Сазонова Ю.Л.;Зовы;Персональная статья;Штейгер А.С.;Русская литература;Эмигрантская литература;;;;;Последние новости;Париж;Газета;№5511;25.04.1936;4;Подвал
Георгий Адамович;Адамович Г.В.;Литературные заметки;Рецензия на художественную книгу;Поплавский Б.Ю.;Русская литература;Эмигрантская литература;;;;Снежный час;Последние новости;Париж;Газета;№5516;30.04.1936;2;Подвал
Георгий Адамович;Адамович Г.В.;Литературные заметки;Рецензия на художественную книгу;Штейгер А.С.;Русская литература;Эмигрантская литература;;;;Неблагодарность;Последние новости;Париж;Газета;№5516;30.04.1936;2;Подвал
Милюков П.;Милюков П.Н.;Пушкинский подарок;Рецензия на публикацию;Гофман М.Л., Лифарь С.;Русская литература;Эмигрантская литература;Русская литература;1/2 XIXв.;Пушкин А.С.;М.Л. Гофман и Сергей Лифарь. Письма Пушкина к Н.Н. Гончаровой;Последние новости;Париж;Газета;№5516;30.04.1936;3;Чердак
И.;;«Судьба и случай»;Рецензия на художественную книгу;Шольц В. фон;Немецкая литература;XXв.;;;;Судьба и случай;Последние новости;Париж;Газета;№5516;30.04.1936;3;Чердак
Г.А.;Адамович Г.В.;Литература в СССР;Рецензия на публикацию;;Русская литература;Советская литература;Русская литература;2/2 XIXв.;Герцен А.И.;;Последние новости;Париж;Газета;№5516;30.04.1936;3;Чердак
Г.А.;Адамович Г.В.;Литература в СССР;Рецензия на художественную книгу;Вирт Н.;Русская литература;Советская литература;;;;Одиночество;Последние новости;Париж;Газета;№5516;30.04.1936;3;Чердак
Г.А.;Адамович Г.В.;Литература в СССР;Рецензия на издание;;Русская литература;Советская литература;;;;Литературная энциклопедия;Последние новости;Париж;Газета;№5516;30.04.1936;3;Чердак
М. Гофман;Гофман М.;Ответ на статью Вл. Ходасевича;Рецензия на статью;Ходасевич В.Ф.;Русская литература;Эмигрантская литература;;;;;Последние новости;Париж;Газета;№5516;30.04.1936;4;Подвал
Ю. Сазонова;Сазонова Ю.Л.;Тропинка бедствий;Персональная статья;Пиранделло Л.;Итальянская литература;XXв.;;;;;Последние новости;Париж;Газета;№5518;02.05.1936;3;Подвал
Георгий Адамович;Адамович Г.В.;Человек 1936 года в советской России;Рецензия на художественную книгу;Извольская Е.А.;Французская литература;XXв.;;;;L’Homme 1936 en Russie soviétique;Последние новости;Париж;Газета;№5523;07.05.1936;3;Подвал
М.;;Газета Александра Дюма;Рецензия на издание;Дюма А.;Французская литература;2/2 XIXв.;;;;Мушкетер;Последние новости;Париж;Газета;№5523;07.05.1936;3;Чердак
Г.А.;Адамович Г.В.;Литература в СССР;Обзорная статья;;Русская литература;Советская литература;Русская литература;1/2 XIXв.;Пушкин А.С.;;Последние новости;Париж;Газета;№5523;07.05.1936;3;Чердак
Г.А.;Адамович Г.В.;Литература в СССР;Рецензия на статью;Эренбург И.;Русская литература;Советская литература;Русская литература;;Рахманова А.;;Последние новости;Париж;Газета;№5523;07.05.1936;3;Чердак
Б/а;Б/а;75-летие Рабиндраната Тагора;Юбилейная статья;Тагор Р.;Индийская литература;XXв.;;;;;Последние новости;Париж;Газета;№5525;09.05.1936;3;Чердак
Георгий Адамович;Адамович Г.В.;Чайковский;Рецензия на художественную книгу;Берберова Н.Н.;Русская литература;Эмигрантская литература;;;;Чайковский;Последние новости;Париж;Газета;№5530;14.05.1936;2;Подвал
С.;Калишевич Н.В.;Анри Робер – писатель;Некролог;Робер А.;Французская литература;XXв.;;;;;Последние новости;Париж;Газета;№5530;14.05.1936;3;Чердак
Мих. Ос.;Ильин M.A.;«Семилепестковый лотос»;Рецензия на художественную книгу;Гойер Л.В.;Русская литература;Эмигрантская литература;;;;Семилепестковый лотос;Последние новости;Париж;Газета;№5530;14.05.1936;3;Чердак
В. Вейдле;Вейдле В.В.;Альфред-Эдуард Гоусмэн;Некролог;Гоусмен А.-Э.;Английская литература;XXв.;;;;;Последние новости;Париж;Газета;№5530;14.05.1936;3;Чердак
Г.А.;Адамович Г.В.;Литература в СССР;Рецензия на художественную книгу;Леонов Л.М.;Русская литература;Советская литература;;;;Дорога на океан;Последние новости;Париж;Газета;№5530;14.05.1936;3;Чердак
Г.А.;Адамович Г.В.;Литература в СССР;Рецензия на публикацию;;Русская литература;Советская литература;Русская литература;XVIIIв.;Ломоносов М.В.;О качествах стихотворца;Последние новости;Париж;Газета;№5530;14.05.1936;3;Чердак
Р. Словцов;Калишевич Н.В.;Первое представление ревизора;Рецензия на исследование;Данилов С.С.;Русская литература;Советская литература;Русская литература;1/2 XIXв.;Гоголь Н.В.;С.С. Данилов. Гоголь и театр;Последние новости;Париж;Газета;№5535;19.05.1936;3;Подвал
Р. Словцов;Калишевич Н.В.;Короленко — редактор;Рецензия на публикацию;Художественная литература;Русская литература;Советская литература;Русская литература;2/2 XIXв.;Короленко В.Г.;В.Г. Короленко. Избранные письма. Том III;Последние новости;Париж;Газета;№5537;21.05.1936;3;Подвал
Мих. Ос.;Ильин M.A.;«Разбитые крылья»;Рецензия на художественную книгу;Матвеев А. ;Русская литература;Эмигрантская литература;;;;Разбитые крылья. Очерки из жизни русских летчиков;Последние новости;Париж;Газета;№5537;21.05.1936;3;Чердак
С.;Калишевич Н.В.;Роман А.Н. Толстого о Петре I;Рецензия на художественную книгу;Толстой А.Н.;Русская литература;Советская литература;;;;Петр 1;Последние новости;Париж;Газета;№5537;21.05.1936;3;Чердак
Н. К—гъ;Кнорринг Н.Н.;Роман Ольги Форш ;Рецензия на художественную книгу;Форш О.;Русская литература;Советская литература;;;;Казанская помещица;Последние новости;Париж;Газета;№5537;21.05.1936;3;Чердак
Георгий Адамович;Адамович Г.В.;Кузмин;Некролог;Кузмин М.А.;Русская литература;Советская литература;;;;;Последние новости;Париж;Газета;№5538;22.05.1936;3;Подвал
Ю. Сазонова;Сазонова Ю.Л.;Преображение Бодлера;Рецензия на исследование;Бенувиль Г. де;Французская литература;XXв.;;;;Baudelaire le trop chrétien;Последние новости;Париж;Газета;№5539;23.05.1936;4;Подвал
Г.А.;Адамович Г.В.;Смерть Анри де Ренье;Некролог;Ренье А.;Французская литература;XXв.;;;;;Последние новости;Париж;Газета;№5540;24.05.1936;4;Чердак
Мих. Осоргин;Ильин M.A.;Переводчики и перевозчики;Обзорная статья;;Общее;Общее;;;;;Последние новости;Париж;Газета;№5541;25.05.1936;2;Подвал
Даманская А.;Даманская А.;Домик Лопе де Вега;Персональная статья;Вега Л. де;Испанская литература;XVIIв.;;;;;Последние новости;Париж;Газета;№5541;25.05.1936;3;Подвал
Георгий Адамович;Адамович Г.В.;По поводу «Пещеры»;Рецензия на художественную книгу;Алданов М.А.;Русская литература;Эмигрантская литература;;;;Пещера;Последние новости;Париж;Газета;№5544;28.05.1936;2;Подвал
Р. Словцов;Калишевич Н.В.;Новое о Гоголе;Рецензия на публикацию;Академия;Русская литература;Советская литература;Русская литература;1/2 XIXв.;Гоголь Н.В.;Н.В. Гоголь. Материалы и исследования;Последние новости;Париж;Газета;№5544;28.05.1936;3;Подвал
В. Вейдле;Вейдле В.В.;«Полночь» Грина;Рецензия на художественную книгу;Грин Ж.;Французская литература;XXв.;;;;Minuit;Последние новости;Париж;Газета;№5544;28.05.1936;3;Чердак
Г.А.;Адамович Г.В.;Литература в СССР;Юбилейная статья;Бедный Д.;Русская литература;Советская литература;;;;;Последние новости;Париж;Газета;№5544;28.05.1936;3;Чердак
Г.А.;Адамович Г.В.;Литература в СССР;Рецензия на художественную книгу;Асеев Н.;Русская литература;Советская литература;;;;О смерти;Последние новости;Париж;Газета;№5544;28.05.1936;3;Чердак
Як. Полонский;Полонский Я.;Княгиня Зинаида Волконская;Персональная статья;Волконская З.;Русская литература;1/2 XIXв.;;;;;Последние новости;Париж;Газета;№5545;29.05.1936;3;Подвал
Ю. Сазонова;Сазонова Ю.Л.;Одиночество;Обзорная статья;;Общее;Общее;;;;;Последние новости;Париж;Газета;№5546;30.05.1936;4;Подвал
Як. Полонский;Полонский Я.;Княгиня Зинаида Волконская;Персональная статья;Волконская З.;Русская литература;1/2 XIXв.;;;;;Последние новости;Париж;Газета;№5547;31.05.1936;3;Подвал
С. Поляков-Литовцев;Поляков-Литовцев С.;Литература и жизнь;Обзорная статья;;Французская литература;XXв.;;;;;Последние новости;Париж;Газета;№5549;02.06.1936;2;Подвал
Георгий Адамович;Адамович Г.В.;Литературные заметки;Рецензия на художественную книгу;Гронский Н.П.;Русская литература;Эмигрантская литература;;;;Стихи и поэмы;Последние новости;Париж;Газета;№5551;04.06.1936;2;Подвал
Георгий Адамович;Адамович Г.В.;Литературные заметки;Рецензия на художественную книгу;Яновский Ю.;Русская литература;Советская литература;;;;Всадники;Последние новости;Париж;Газета;№5551;04.06.1936;2;Подвал
Р. Словцов;Калишевич Н.В.;Род Радищева;Рецензия на исследование;Академия наук;Русская литература;Советская литература;Русская литература;XVIIIв.;Радищев А.Н.;А.Н. Радищев. Материалы и исследования;Последние новости;Париж;Газета;№5551;04.06.1936;3;Подвал
Б/а;Б/а;Русские в Польше;Рецензия на статью;Слонимский А.;Польская литература;XXв.;Русская литература;Эмигрантская литература;Бунин И.А.;;Последние новости;Париж;Газета;№5551;04.06.1936;3;Чердак
Г.А.;Адамович Г.В.;Литература в СССР;Рецензия на публикацию;Литературная газета;Русская литература;Советская литература;Русская литература;1/2 XIXв.;Крылов И.А.;;Последние новости;Париж;Газета;№5551;04.06.1936;3;Чердак
Г.А.;Адамович Г.В.;Литература в СССР;Рецензия на издание;;Русская литература;Советская литература;;;;Сборник Института русской литературы;Последние новости;Париж;Газета;№5551;04.06.1936;3;Чердак
В. Вейдле;Вейдле В.В.;Из итальянской литературы;Персональная статья; Моравиа А.;Итальянская литература;XXв.;;;;;Последние новости;Париж;Газета;№5557;11.06.1936;2;Подвал
Р. Словцов;Калишевич Н.В.;Годунов и Лжедмитрий в западной драме;Рецензия на исследование;Алексеев Н.П.;Русская литература;Советская литература;;;;;Последние новости;Париж;Газета;№5557;11.06.1936;3;Подвал
С.;Калишевич Н.В.;Новое о Лермонтове;Рецензия на публикацию;Звезды;Русская литература;Советская литература;Русская литература;1/2 XIXв.;Лермонтов М.Ю.;;Последние новости;Париж;Газета;№5557;11.06.1936;3;Чердак
Н. Ст.;Ильин M.A.;Литература в СССР;Рецензия на перевод;;Русская литература;Советская литература;Французская литература;XXв.;Барбюс А.;Сталин;Последние новости;Париж;Газета;№5557;11.06.1936;3;Чердак
Н. Ст.;Ильин M.A.;Литература в СССР;Персональная статья;Маяковский В.В.;Русская литература;Советская литература;;;;;Последние новости;Париж;Газета;№5557;11.06.1936;3;Чердак
Осоргин М.;Ильин M.A.;Мужичок из «Анны Карениной;Рецензия на художественную книгу;Толстой Л.Н.;Русская литература;2/2 XIXв.;;;;Анна Каренина;Последние новости;Париж;Газета;№5561;15.06.1936;2;Подвал
В. Вейдле;Вейдле В.В.;Роман Роберта Спейта;Рецензия на художественную книгу;Спейт Р.;Английская литература;XXв.;;;;Le Héros égaré;Последние новости;Париж;Газета;№5564;18.06.1936;2;Подвал
Н. Ст.;Ильин M.A.;Литература в СССР;Обзорная статья;;Русская литература;Советская литература;;;;;Последние новости;Париж;Газета;№5564;18.06.1936;3;Чердак
С.;Калишевич Н.В.;Реликвии передового журнала;Рецензия на издание;;Французская литература;2/2 XIXв.;;;;La revue blanche;Последние новости;Париж;Газета;№5564;18.06.1936;3;Чердак
Б/а;Б/а;Максим Горький;Некролог;Горький М.;Русская литература;Советская литература;;;;;Последние новости;Париж;Газета;№5565;19.06.1936;2;Чердак
Н. Берберова;Берберова Н.Н.;Три года с Горьким;Некролог;Горький М.;Русская литература;Советская литература;;;;;Последние новости;Париж;Газета;№5567;21.06.1936;3;Подвал
Мих. Осоргин;Ильин M.A.;Поправка к повести И.П. Белкина;Рецензия на художественную книгу;Пушкин А.С.;Русская литература;1/2 XIXв.;;;;Барышня-крестьянка;Последние новости;Париж;Газета;№5568;22.06.1936;2;Подвал
С. Поляков-Литовцев;Поляков-Литовцев С.;Юбилей символизма;Юбилейная статья;;Французская литература;2/2 XIXв.;;;;;Последние новости;Париж;Газета;№5569;23.06.1936;2;Подвал
Р. Словцов;Калишевич Н.В.;Глеб Успенский в Париже;Рецензия на исследование;Академия;Русская литература;Советская литература;Русская литература;2/2 XIXв.;Успенский Г.;Глеб Успенский в жизни. По воспоминаниям, переписке и документам;Последние новости;Париж;Газета;№5569;23.06.1936;4;Подвал
Н. Берберова;Берберова Н.Н.;Три года с Горьким;Некролог;Горький М.;Русская литература;Советская литература;;;;;Последние новости;Париж;Газета;№5570;24.06.1936;2;Подвал
В. Вейдле;Вейдле В.В.;Честертон;Некролог;Честертон Г.;Английская литература;XXв.;;;;;Последние новости;Париж;Газета;№5571;25.06.1936;2;Подвал
Даманская А.;Даманская А.;Горький и «Всемирная литература»;Персональная статья;Горький М.;Русская литература;Советская литература;;;;;Последние новости;Париж;Газета;№5571;25.06.1936;3;Чердак
Н. Ст.;Ильин M.A.;Литература в СССР;Рецензия на художественную книгу;Шишко А.;Русская литература;Советская литература;;;;;Последние новости;Париж;Газета;№5571;25.06.1936;3;Чердак
Н. Ст.;Ильин M.A.;Литература в СССР;Персональная статья;;Русская литература;Советская литература;Русская литература;1/2 XIXв.;Пушкин А.С.;;Последние новости;Париж;Газета;№5571;25.06.1936;3;Чердак
Р. Словцов;Калишевич Н.В.;На темы о Гоголе;Рецензия на исследование;Академия наук;Русская литература;Советская литература;Русская литература;1/2 XIXв.;Гоголь Н.В.;Н. В. Гоголь, материалы и исследования;Последние новости;Париж;Газета;№5571;25.06.1936;3;Подвал
Ек. Кускова;Кускова Е.Д.;На рубеже двух эпох;Некролог;Горький М.;Русская литература;Советская литература;;;;;Последние новости;Париж;Газета;№5572;26.06.1936;2;Подвал
Н. Берберова;Берберова Н.Н.;Три года с Горьким;Некролог;Горький М.;Русская литература;Советская литература;;;;;Последние новости;Париж;Газета;№5574;28.06.1936;4;Подвал
Мих. Осоргин;Ильин M.A.;Продолжение «Призрака»;Рецензия на художественную книгу;Лермонтов М.Ю.;Русская литература;1/2 XIXв.;;;; Отрывок из начатой повести;Последние новости;Париж;Газета;№5577;01.07.1936;2;Подвал
Н. Ст.;Ильин M.A.;Литература в СССР;Обзорная статья;;Русская литература;Советская литература;;;;;Последние новости;Париж;Газета;№5578;02.07.1936;3;Чердак
Ю. Сазонова;Сазонова Ю.Л.;«Раненый дракон»;Персональная статья;Круассе Ф. де;Французская литература;XXв.;;;;;Последние новости;Париж;Газета;№5578;02.07.1936;4;Подвал
Мих. Осоргин;Ильин M.A.;Смерть Лукьяныча;Рецензия на художественную книгу;Тургенев И.С.;Русская литература;2/2 XIXв.;;;;Три встречи;Последние новости;Париж;Газета;№5582;06.07.1936;2;Подвал
Георгий Адамович;Адамович Г.В.;«Круг»;Рецензия на художественную книгу;Емельянов В.;Русская литература;Эмигрантская литература;;;;Свидание Джима;Последние новости;Париж;Газета;№5585;09.07.1936;3;Подвал
Георгий Адамович;Адамович Г.В.;«Круг»;Рецензия на художественную книгу;Поплавский Б.Ю.;Русская литература;Эмигрантская литература;;;;Домой с небес;Последние новости;Париж;Газета;№5585;09.07.1936;3;Подвал
Георгий Адамович;Адамович Г.В.;«Круг»;Рецензия на художественную книгу;Фельзен Ю.;Русская литература;Эмигрантская литература;;;;Вечеринка;Последние новости;Париж;Газета;№5585;09.07.1936;3;Подвал
Георгий Адамович;Адамович Г.В.;«Круг»;Рецензия на художественную книгу;Яновский В.С.;Русская литература;Эмигрантская литература;;;;Розовые дети;Последние новости;Париж;Газета;№5585;09.07.1936;3;Подвал
Георгий Адамович;Адамович Г.В.;«Круг»;Рецензия на художественную книгу;Зуров Л.Ф.;Русская литература;Эмигрантская литература;;;;Новый ветер;Последние новости;Париж;Газета;№5585;09.07.1936;3;Подвал
Георгий Адамович;Адамович Г.В.;«Круг»;Рецензия на художественную книгу;Червинская Л.Д.;Русская литература;Эмигрантская литература;;;;Стихи;Последние новости;Париж;Газета;№5585;09.07.1936;3;Подвал
Георгий Адамович;Адамович Г.В.;«Круг»;Рецензия на художественную книгу;Ставров П.С.;Русская литература;Эмигрантская литература;;;;Стихи;Последние новости;Париж;Газета;№5585;09.07.1936;3;Подвал
Георгий Адамович;Адамович Г.В.;«Круг»;Рецензия на художественную книгу;Закович Б.;Русская литература;Эмигрантская литература;;;;Стихи;Последние новости;Париж;Газета;№5585;09.07.1936;3;Подвал
Георгий Адамович;Адамович Г.В.;«Круг»;Рецензия на художественную книгу;Софиев Ю.;Русская литература;Эмигрантская литература;;;;Стихи;Последние новости;Париж;Газета;№5585;09.07.1936;3;Подвал
Г.А.;Адамович Г.В.;Литература в СССР;Рецензия на исследование;Чулков Г.И.;Русская литература;Советская литература;Русская литература;1/2 XIXв.;Пушкин А.С.;Жизнь Пушкина;Последние новости;Париж;Газета;№5585;09.07.1936;3;Чердак
Федор Шаляпин;;Об А.М. Горьком;Некролог;Горький М.;Русская литература;Советская литература;;;;;Последние новости;Париж;Газета;№5586;10.07.1936;3;Подвал
Ю. Сазонова;Сазонова Ю.Л.;Островский;Персональная статья;Островский А.Н.;Русская литература;2/2 XIXв.;;;;;Последние новости;Париж;Газета;№5587;11.07.1936;3;Подвал
Р. Словцов;Калишевич Н.В.;Русский свидетель революции 1848 г.;Рецензия на публикацию;Историческая комиссия академии наук СССР;Русская литература;Советская литература;Русская литература;2/2 XIXв.;Анненков П.В.;И.Л. Морозов. «Горестная профанация». Неопубликованные письма П.В. Анненкова о революции 1848 года в Париже;Последние новости;Париж;Газета;№5590;14.07.1936;4;Подвал
Георгий Адамович;Адамович Г.В.;Пушкин и его жена;Рецензия на исследование;Шик А.;Русская литература;Эмигрантская литература;Русская литература;1/2 XIXв.;Пушкин А.С.;Женатый Пушкин;Последние новости;Париж;Газета;№5592;16.07.1936;3;Подвал
С.;Калишевич Н.В.;Письма И.А. Бунина к М. Горькому;Рецензия на публикацию;Бунин И.А.;Русская литература;Эмигрантская литература;Русская литература;Советская литература;Горький М.;;Последние новости;Париж;Газета;№5592;16.07.1936;3;Чердак
Г.А.;Адамович Г.В.;Литература в СССР;Рецензия на исследование;Академия;Русская литература;Советская литература;Русская литература;Советская литература;Горький М.;;Последние новости;Париж;Газета;№5592;16.07.1936;3;Чердак
Г.А.;Адамович Г.В.;Литература в СССР;Рецензия на художественную книгу;Катаев В.П.;Русская литература;Советская литература;;;;Белеет парус одинокий;Последние новости;Париж;Газета;№5592;16.07.1936;3;Чердак
Г.А.;Адамович Г.В.;Литература в СССР;Рецензия на художественную книгу;Фадеев;Русская литература;Советская литература;;;;Последний из Удегэ;Последние новости;Париж;Газета;№5592;16.07.1936;3;Чердак
Р. Словцов;Калишевич Н.В.;Летопись творчества Толстого;Рецензия на исследование;Академия;Русская литература;Советская литература;Русская литература;2/2 XIXв.;Толстой Л.Н.;Н. Гусев. Летопись жизни и творчества Л.Н. Толстого;Последние новости;Париж;Газета;№5592;16.07.1936;4;Подвал
Мих. Осоргин;Ильин M.A.;Панталеоне Чиппатола из Варезе;Рецензия на художественную книгу;Тургенев И.С.;Русская литература;2/2 XIXв.;;;;Вешние воды;Последние новости;Париж;Газета;№5596;20.07.1936;2;Подвал
Р. Словцов;Калишевич Н.В.;Конец Софьи Андреевны;Рецензия на публикацию;Советский писатель;Русская литература;Советская литература;Русская литература;2/2 XIXв.;Толстая С.А.;Дневники Софьи Андреевны Толстой;Последние новости;Париж;Газета;№5597;21.07.1936;3;Подвал
Ю. Сазонова;Сазонова Ю.Л.;Писательские души;Рецензия на исследование;Руссо А.;Французская литература;XXв.;;;;Души и лица XX века;Последние новости;Париж;Газета;№5597;21.07.1936;4;Подвал
Георгий Адамович;Адамович Г.В.;«Белеет парус одинокий»;Рецензия на художественную книгу;Катаев В.П.;Русская литература;Советская литература;;;;Белеет парус одинокий;Последние новости;Париж;Газета;№5599;23.07.1936;3;Подвал
Б/а;Б/а;История «Братьев разбойников»;Рецензия на статью;Красная новь;Русская литература;Советская литература;Русская литература;1/2 XIXв.;Пушкин А.С.;;Последние новости;Париж;Газета;№5599;23.07.1936;3;Чердак
Е. А.;;О двух стихотворениях И.И. Козлова;Рецензия на художественную книгу;Козлов И.И.;Русская литература;1/2 XIXв.;;;;;Последние новости;Париж;Газета;№5599;23.07.1936;3;Чердак
Мих. Ос.;Ильин M.A.;«Общественный порядок»;Рецензия на художественную книгу;Сендер Р.Х.;Испанская литература;XXв.;;;;Общественный порядок;Последние новости;Париж;Газета;№5599;23.07.1936;3;Чердак
Г.А.;Адамович Г.В.;Литература в СССР;Персональная статья;Толстой А.Н.;Русская литература;Советская литература;;;;;Последние новости;Париж;Газета;№5599;23.07.1936;3;Чердак
Г.А.;Адамович Г.В.;Литература в СССР;Рецензия на художественную книгу;Авдеенко А.О.;Русская литература;Советская литература;;;;Судьба;Последние новости;Париж;Газета;№5599;23.07.1936;3;Чердак
Г.А.;Адамович Г.В.;Литература в СССР;Персональная статья;Жаров А.;Русская литература;Советская литература;;;;;Последние новости;Париж;Газета;№5599;23.07.1936;3;Чердак
Р. Словцов;Калишевич Н.В.;Письма Горького к Чехову;Рецензия на публикацию;Академия наук;Русская литература;Советская литература;Русская литература;Советская литература;Горький М.;М. Горький. Материалы и исследования;Последние новости;Париж;Газета;№5599;23.07.1936;4;Подвал
О. Грузенберг;Грузенберг О.О.;О Максиме Горьком;Персональная статья;Горький М.;Русская литература;Советская литература;;;;;Последние новости;Париж;Газета;№5601;25.07.1936;3;Подвал
Ю. Сазонова;Сазонова Ю.Л.;Новый человек в советской России;Рецензия на художественную книгу;Извольская Е.А.;Французская литература;XXв.;;;;L’Homme 1936 en Russie soviétique;Последние новости;Париж;Газета;№5602;26.07.1936;5;Подвал
О. Грузенберг;Грузенберг О.О.;О Максиме Горьком;Персональная статья;Горький М.;Русская литература;Советская литература;;;;;Последние новости;Париж;Газета;№5603;27.07.1936;3;Подвал
Георгий Адамович;Адамович Г.В.;«Современные записки». Кн. 61.;Рецензия на художественную книгу;Сирин В. (Набоков В.В.);Русская литература;Эмигрантская литература;;;;;Последние новости;Париж;Газета;№5606;30.07.1936;3;Подвал
Георгий Адамович;Адамович Г.В.;«Современные записки». Кн. 61.;Рецензия на художественную книгу;Бицилли П.М.;Русская литература;Эмигрантская литература;;;;;Последние новости;Париж;Газета;№5606;30.07.1936;3;Подвал
Георгий Адамович;Адамович Г.В.;«Современные записки». Кн. 61.;Рецензия на художественную книгу;Осоргин М.А.;Русская литература;Эмигрантская литература;;;;;Последние новости;Париж;Газета;№5606;30.07.1936;3;Подвал
Георгий Адамович;Адамович Г.В.;«Современные записки». Кн. 61.;Рецензия на художественную книгу;Ремизов А.М.;Русская литература;Эмигрантская литература;;;;;Последние новости;Париж;Газета;№5606;30.07.1936;3;Подвал
Георгий Адамович;Адамович Г.В.;«Современные записки». Кн. 61.;Рецензия на художественную книгу;Иванников М.;Русская литература;Эмигрантская литература;;;;;Последние новости;Париж;Газета;№5606;30.07.1936;3;Подвал
Георгий Адамович;Адамович Г.В.;«Современные записки». Кн. 61.;Рецензия на художественную книгу;Федоров В.Г.;Русская литература;Эмигрантская литература;;;;;Последние новости;Париж;Газета;№5606;30.07.1936;3;Подвал
Георгий Адамович;Адамович Г.В.;«Современные записки». Кн. 61.;Рецензия на художественную книгу;Цветаева М.И.;Русская литература;Эмигрантская литература;;;;Стихи;Последние новости;Париж;Газета;№5606;30.07.1936;3;Подвал
Георгий Адамович;Адамович Г.В.;«Современные записки». Кн. 61.;Рецензия на художественную книгу;Червинская Л.Д.;Русская литература;Эмигрантская литература;;;;Стихи;Последние новости;Париж;Газета;№5606;30.07.1936;3;Подвал
Георгий Адамович;Адамович Г.В.;«Современные записки». Кн. 61.;Рецензия на художественную книгу;Терапиано Ю.К.;Русская литература;Эмигрантская литература;;;;Стихи;Последние новости;Париж;Газета;№5606;30.07.1936;3;Подвал
Георгий Адамович;Адамович Г.В.;«Современные записки». Кн. 61.;Рецензия на статью;Цветаева М.И.;Русская литература;Эмигрантская литература;Русская литература;Советская литература;Кузмин;;Последние новости;Париж;Газета;№5606;30.07.1936;3;Подвал
Георгий Адамович;Адамович Г.В.;«Современные записки». Кн. 61.;Рецензия на статью;Шестов Л.;Русская литература;Эмигрантская литература;Русская литература;2/2 XIXв.;Толстой Л.Н.;;Последние новости;Париж;Газета;№5606;30.07.1936;3;Подвал
Г.А.;Адамович Г.В.;Литература в СССР;Персональная статья;Горький М.;Русская литература;Советская литература;;;;;Последние новости;Париж;Газета;№5606;30.07.1936;3;Чердак
Г.А.;Адамович Г.В.;Литература в СССР;Рецензия на публикацию;Гослитиздат;Русская литература;Советская литература;Русская литература;2/2 XIXв.;Успенский Г.;Несобранные произведения Глеба Успенского;Последние новости;Париж;Газета;№5606;30.07.1936;3;Чердак
Г.А.;Адамович Г.В.;Литература в СССР;Рецензия на перевод;Ахматова А.А.;Русская литература;Советская литература;Армянская литература;;Варуфан Д.;Первый грех;Последние новости;Париж;Газета;№5606;30.07.1936;3;Чердак
Р. Словцов;Калишевич Н.В.;Последний дневник С.А. Толстой;Рецензия на публикацию;Советский писатель;Русская литература;Советская литература;Русская литература;2/2 XIXв.;Толстая С.А.;Дневники Софьи Андреевны Толстой;Последние новости;Париж;Газета;№5611;04.08.1936;3;Подвал
Р. Словцов;Калишевич Н.В.;Пушкинский временник;Рецензия на публикацию;Академия наук;Русская литература;Советская литература;Русская литература;1/2 XIXв.;Пушкин А.С.;Пушкин. Временник Пушкинской комиссии;Последние новости;Париж;Газета;№5613;06.08.1936;2;Подвал
Н. К—гъ;Кнорринг Н.Н.;Роман о Паганини;Рецензия на художественную книгу;Виноградов А.К.;Русская литература;Советская литература;;;;Осуждение Паганини;Последние новости;Париж;Газета;№5613;06.08.1936;3;Чердак
А. Ш.;Швыров А.В.;Краснокожие писатели;Обзорная статья;;Индейская литература;XXв.;;;;;Последние новости;Париж;Газета;№5613;06.08.1936;3;Чердак
Г.А.;Адамович Г.В.;Литература в СССР;Рецензия на статью;Иванов Вс.Н.;Русская литература;Советская литература;;;;;Последние новости;Париж;Газета;№5613;06.08.1936;3;Чердак
Г.А.;Адамович Г.В.;Литература в СССР;Рецензия на публикацию;;Русская литература;Советская литература;Русская литература;2/2 XIXв.;Толстой Л.Н.;Сборник Толстовского музея;Последние новости;Париж;Газета;№5613;06.08.1936;3;Чердак
Георгий Адамович;Адамович Г.В.;«Оттуда»;Рецензия на издание;;Русская литература;Эмигрантская литература;;;;Современные записки;Последние новости;Париж;Газета;№5613;06.08.1936;3;Подвал
Ю. Сазонова;Сазонова Ю.Л.;Французская мистика России;Обзорная статья;;Французская литература;Общее;Русская литература;Общее;;;Последние новости;Париж;Газета;№5616;09.08.1936;5;Подвал
Мих. Ос.;Ильин M.A.;О «душевной опустошенности»;Обзорная статья;;Русская литература;Эмигрантская литература;;;;;Последние новости;Париж;Газета;№5617;10.08.1936;2;Подвал
Георгий Адамович;Адамович Г.В.;«Смерть в рассрочку»;Рецензия на художественную книгу;Селин Л.-Ф.;Французская литература;XXв.;;;;Смерть в рассрочку;Последние новости;Париж;Газета;№5620;13.08.1936;3;Подвал
Г.А.;Адамович Г.В.;Литература в СССР;Рецензия на издание;;Русская литература;Советская литература;;;;Звезда;Последние новости;Париж;Газета;№5620;13.08.1936;3;Чердак
С.;Калишевич Н.В.;Новый том полного Лермонтова;Рецензия на публикацию;Академия;Русская литература;Советская литература;Русская литература;1/2 XIXв.;Лермонтов М.Ю.;М.Ю. Лермонтов. Полное собрание сочинений. Том II;Последние новости;Париж;Газета;№5620;13.08.1936;3;Чердак
Р. Словцов;Калишевич Н.В.;А.Н. Афанасьев и его сборники сказок;Рецензия на публикацию;Академия;Русская литература;Советская литература;Русская литература;Фольклор;;Народные русские сказки А.Н. Афанасьева;Последние новости;Париж;Газета;№5627;20.08.1936;2;Подвал
Р.С.;Калишевич Н.В.;Архив С.С. Фролова. По поводу «Тени Фон- Визина»;Рецензия на художественную книгу;Пушкин А.С.;Русская литература;1/2 XIXв.;;;;Тень Фонвизина;Последние новости;Париж;Газета;№5627;20.08.1936;3;Чердак
Г.А.;Адамович Г.В.;Литература в СССР;Персональная статья;;Русская литература;Советская литература;Русская литература;Начало XXв.;Блок А.А.;;Последние новости;Париж;Газета;№5627;20.08.1936;3;Чердак
Георгий Адамович;Адамович Г.В.;Литературные заметки;Рецензия на художественную книгу;Гладков Ф.;Русская литература;Советская литература;;;;Трагедия Любаши;Последние новости;Париж;Газета;№5627;20.08.1936;3;Подвал
Р.С.;Калишевич Н.В.;Скончалась Жюльетта Адан;Некролог;Адам Ж.;Французская литература;XXв.;;;;;Последние новости;Париж;Газета;№5632;25.08.1936;4;Чердак
Р.С.;Калишевич Н.В.;Последний роман Достоевского;Рецензия на исследование;Гроссман Л.П.;Русская литература;Советская литература;Русская литература;2/2 XIXв.;Достоевский Ф.М.;Ф.М. Достоевский. Братья Карамазовы;Последние новости;Париж;Газета;№5634;27.08.1936;2;Подвал
Мих. Ос.;Ильин M.A.;Жизнь Агриппины Коревановой;Рецензия на художественную книгу;Кореванова А.Г.;Русская литература;Советская литература;;;;Моя жизнь;Последние новости;Париж;Газета;№5634;27.08.1936;3;Чердак
Г.А.;Адамович Г.В.;Литература в СССР;Рецензия на публикацию;;Русская литература;Советская литература;Русская литература;1/2 XIXв.;Кольцов А.В.;;Последние новости;Париж;Газета;№5634;27.08.1936;3;Чердак
Н. К—гъ;Кнорринг Н.Н.;Роман о китайской матери;Рецензия на художественную книгу;Бак П.;Американская литература;XXв.;;;;Мать;Последние новости;Париж;Газета;№5634;27.08.1936;3;Чердак
Георгий Адамович;Адамович Г.В.;Через пятнадцать лет;Юбилейная статья;Блок А.А.;Русская литература;Начало XXв.;;;;;Последние новости;Париж;Газета;№5634;27.08.1936;3;Чердак
Вл. Бурцев;;Предатели и провокаторы «освещавшие» Пушкина;Персональная статья;Пушкин А.С.;Русская литература;1/2 XIXв.;;;;;Последние новости;Париж;Газета;№5634;27.08.1936;4;Подвал
Вл. Бурцев;;Предатели и провокаторы «освещавшие» Пушкина;Персональная статья;Пушкин А.С.;Русская литература;1/2 XIXв.;;;;;Последние новости;Париж;Газета;№5636;29.08.1936;3;Подвал
Ю. Сазонова;Сазонова Ю.Л.;Путешествие на Восток;Рецензия на художественную книгу;Кокто Ж.;Французская литература;XXв.;;;;Путешествие вокруг света в восемьдесят дней;Последние новости;Париж;Газета;№5636;29.08.1936;4;Подвал
Георгий Адамович;Адамович Г.В.;Точки над i;Рецензия на художественную книгу;Гладков Ф.;Русская литература;Советская литература;;;;Трагедия Любаши;Последние новости;Париж;Газета;№5641;03.09.1936;3;Подвал
Г.А.;Адамович Г.В.;Литература в СССР;Персональная статья;Багрицкий Э.Г.;Русская литература;Советская литература;;;;;Последние новости;Париж;Газета;№5641;03.09.1936;3;Чердак
Р.С.;Калишевич Н.В.;Алеша Карамазов и Алексей Храповицкий;Рецензия на художественную книгу;Гроссман Л.П.;Русская литература;Советская литература;Русская литература;2/2 XIXв.;Достоевский Ф.М.;;Последние новости;Париж;Газета;№5641;03.09.1936;3;Чердак
В. Вейдле;Вейдле В.В.;Романизм и судьба искусства;Обзорная статья;;Общее;Общее;;;;;Последние новости;Париж;Газета;№5641;03.09.1936;4;Подвал
Ю. Сазонова;Сазонова Ю.Л.;Смех;Обзорная статья;;Общее;Общее;;;;;Последние новости;Париж;Газета;№5643;05.09.1936;3;Подвал
Георгий Адамович;Адамович Г.В.;«Наши знакомые»;Рецензия на художественную книгу;Герман Ю.;Русская литература;Советская литература;;;;Наши знакомые;Последние новости;Париж;Газета;№5648;10.09.1936;3;Подвал
Н. К—гъ;Кнорринг Н.Н.;«Капитан Федотов»;Рецензия на художественную книгу;Шкловский В.Б.;Русская литература;Советская литература;;;;Капитан Федотов;Последние новости;Париж;Газета;№5648;10.09.1936;3;Чердак
Г.А.;Адамович Г.В.;Литература в СССР;Обзорная статья;;Русская литература;Советская литература;;;;;Последние новости;Париж;Газета;№5648;10.09.1936;3;Чердак
Г.А.;Адамович Г.В.;Литература в СССР;Рецензия на статью;Вишневский Вс.В.;Русская литература;Советская литература;;;;;Последние новости;Париж;Газета;№5655;17.09.1936;3;Подвал
Г.А.;Адамович Г.В.;Литература в СССР;Рецензия на статью;Святополк-Мирский Д.;Русская литература;Советская литература;;;;;Последние новости;Париж;Газета;№5655;17.09.1936;3;Подвал
Г.А.;Адамович Г.В.;Литература в СССР;Рецензия на художественную книгу;Полонская Н.;Русская литература;Советская литература;;;;Садовник;Последние новости;Париж;Газета;№5655;17.09.1936;3;Подвал
А. Ш.;Швыров А.В.;«Синие кирасиры»;Рецензия на художественную книгу;Галич Ю.;Русская литература;Советская литература;;;;Синие кирасиры;Последние новости;Париж;Газета;№5655;17.09.1936;3;Подвал
Георгий Адамович;Адамович Г.В.;Сумерки Достоевского;Персональная статья;Достоевский;Русская литература;2/2 XIXв.;;;;;Последние новости;Париж;Газета;№5655;17.09.1936;3;Подвал
Георгий Адамович;Адамович Г.В.;Немота;Обзорная статья;;Общее;Общее;;;;;Последние новости;Париж;Газета;№5662;24.09.1936;3;Подвал
Г.А.;Адамович Г.В.;Литература в СССР;Обзорная статья;;Русская литература;Советская литература;;;;;Последние новости;Париж;Газета;№5662;24.09.1936;3;Чердак
Р. Словцов;Калишевич Н.В.;Четыре года жизни Толстого;Рецензия на публикацию;Художественная литература;Русская литература;Советская литература;Русская литература;2/2 XIXв.;Толстой Л.Н.;Л.Н. Толстой. Полное собрание сочинений. Том 54;Последние новости;Париж;Газета;№5667;29.09.1936;3;Подвал
Р. Словцов;Калишевич Н.В.;Новые материалы о Достоевском;Рецензия на публикацию;Звенья;Русская литература;Советская литература;Русская литература;2/2 XIXв.;Достоевский Ф.М.;Звенья. Сборники материалов и документов по истории литературы, искусства и общественной мысли XIX века;Последние новости;Париж;Газета;№5669;01.10.1936;2;Подвал
—чъ;Адамович Г.В.;Письма В.Г. Короленко из ссылки;Рецензия на публикацию;Горьковское издательство;Русская литература;Советская литература;Русская литература;2/2 XIXв.;Короленко В.Г.;В.Г. Короленко. Письма из тюрем и ссылок. 1879—1885;Последние новости;Париж;Газета;№5669;01.10.1936;3;Чердак
В. Вейдле;Вейдле В.В.;Английская книга о сов. литературе;Рецензия на исследование;Струве Г.;Русская литература;Эмигрантская литература;;;;Soviet Russian Literature;Последние новости;Париж;Газета;№5669;01.10.1936;3;Чердак
Г.А.;Адамович Г.В.;Литература в СССР;Рецензия на публикацию;Летопись Гос.литературного музея;Русская литература;Советская литература;Русская литература;1/2 XIXв.;Пушкин А.С.;;Последние новости;Париж;Газета;№5669;01.10.1936;3;Чердак
Георгий Адамович;Адамович Г.В.;Частушки;Рецензия на издание;Князем В.;Русская литература;Советская литература;Русская литература;Фольклор;;Частушки;Последние новости;Париж;Газета;№5669;01.10.1936;3;Подвал
Ю. Сазонова;Сазонова Ю.Л.;Современный дон-жуанизм;Обзорная статья;;Общее;Общее;;;;;Последние новости;Париж;Газета;№5671;03.10.1936;2;Подвал
Р. Словцов;Калишевич Н.В.;Петербург 30-го года;Рецензия на публикацию;Звенья;Русская литература;Советская литература;Русская литература;1/2 XIXв.;Вяземский П.А.;П.А. Вяземский. Письма к жене;Последние новости;Париж;Газета;№5674;06.10.1936;3;Подвал
В. Вейдле;Вейдле В.В.;Толстой в Англии ;Персональная статья;;Английская литература;XXв.;Русская литература;2/2 XIXв.;Толстой Л.Н.;;Последние новости;Париж;Газета;№5676;08.10.1936;3;Чердак
Г.А.;Адамович Г.В.;Литература в СССР;Рецензия на художественную книгу;Тынянов Ю.Н.;Русская литература;Советская литература;Русская литература;1/2 XIXв.;Пушкин А.С.;Пушкин;Последние новости;Париж;Газета;№5676;08.10.1936;3;Чердак
Г.А.;Адамович Г.В.;Литература в СССР;Рецензия на художественную книгу;Киршон В.;Русская литература;Советская литература;;;;Большой день;Последние новости;Париж;Газета;№5676;08.10.1936;3;Чердак
Г.А.;Адамович Г.В.;Литература в СССР;Рецензия на статью;Гутнер М.;Русская литература;Советская литература;;;;;Последние новости;Париж;Газета;№5676;08.10.1936;3;Чердак
Р. Словцов;Калишевич Н.В.;Из литературного прошлого;Рецензия на публикацию;Звенья;Русская литература;Советская литература;Русская литература;1/2 XIXв.;Пушкин А.С.;;Последние новости;Париж;Газета;№5676;08.10.1936;3;Подвал
Р. Словцов;Калишевич Н.В.;Из литературного прошлого;Рецензия на публикацию;Звенья;Русская литература;Советская литература;Русская литература;2/2 XIXв.;Некрасов Н.А.;;Последние новости;Париж;Газета;№5676;08.10.1936;3;Подвал
Р. Словцов;Калишевич Н.В.;Апогей «Современника»;Рецензия на исследование;Евгеньев-Максимов В.;Русская литература;Советская литература;Русская литература;2/2 XIXв.;;В. Евгеньев-Максимов. «Современник» при Чернышевском и Добролюбове;Последние новости;Париж;Газета;№5683;15.10.1936;2;Подвал
Г.А.;Адамович Г.В.;Литература в СССР;Персональная статья;Ахматова А.А.;Русская литература;Советская литература;;;;;Последние новости;Париж;Газета;№5683;15.10.1936;3;Чердак
Г.А.;Адамович Г.В.;Литература в СССР;Персональная статья;Иванов Вс.Н.;Русская литература;Советская литература;;;;;Последние новости;Париж;Газета;№5683;15.10.1936;3;Чердак
Г.А.;Адамович Г.В.;Литература в СССР;Персональная статья;Шершеневич В.;Русская литература;Советская литература;;;;;Последние новости;Париж;Газета;№5683;15.10.1936;3;Чердак
Георгий Адамович;Адамович Г.В.;Валаам ;Рецензия на художественную книгу;Зайцев Б.К.;Русская литература;Эмигрантская литература;;;;Валаам ;Последние новости;Париж;Газета;№5683;15.10.1936;3;Подвал
Р. Словцов;Калишевич Н.В.;Два университета;Рецензия на художественную книгу;Вересаев В.В.;Русская литература;Советская литература;;;;Воспоминания;Последние новости;Париж;Газета;№5688;20.10.1936;3;Подвал
М. Струве;Струве М.А.;Памяти М.А. Долинова;Некролог;Долинов М.А.;Русская литература;Эмигрантская литература;;;;;Последние новости;Париж;Газета;№5689;21.10.1936;2;Чердак
Георгий Адамович;Адамович Г.В.;Литературные заметки ;Рецензия на художественную книгу;Глоба А.;Русская литература;Советская литература;;;;Пушкин;Последние новости;Париж;Газета;№5690;22.10.1936;2;Подвал
В. Вейдле;Вейдле В.В.;Эжен Марсан;Некролог;Марсан Э.;Французская литература;XXв.;;;;;Последние новости;Париж;Газета;№5690;22.10.1936;3;Чердак
—ъ;Адамович Г.В.;«В лесах»;Рецензия на художественную книгу;Мельников П.И.;Русская литература;Советская литература;;;;В лесах;Последние новости;Париж;Газета;№5690;22.10.1936;3;Чердак
А.;Адамович Г.В.;Литература в СССР;Персональная статья;Корнилов Б.;Русская литература;Советская литература;;;;;Последние новости;Париж;Газета;№5690;22.10.1936;3;Чердак
А.;Адамович Г.В.;Литература в СССР;Рецензия на перевод;Пиотровский А.;Русская литература;Советская литература;Античная литература;Vв. до н.э.;Эсхил;Персы;Последние новости;Париж;Газета;№5690;22.10.1936;3;Чердак
Г.А.;Адамович Г.В.;Памяти Долинова;Некролог;Долинов М.А.;Русская литература;Эмигрантская литература;;;;;Последние новости;Париж;Газета;№5690;22.10.1936;3;Чердак
Р. Словцов;Калишевич Н.В.;История «Мадам Бовари»;Рецензия на художественную книгу;Флобер Г.;Французская литература;2/2 XIXв.;;;;Мадам Бовари;Последние новости;Париж;Газета;№5695;27.10.1936;3;Подвал
Георгий Адамович;Адамович Г.В.;Дорога на Океан;Рецензия на художественную книгу;Леонов Л.М.;Русская литература;Советская литература;;;;Дорога на Океан;Последние новости;Париж;Газета;№5697;29.10.1936;2;Подвал
Сергей Лифарь;Лифарь С.;О гербовой печати Пушкина;Персональная статья;Пушкин А.С.;Русская литература;1/2 XIXв.;;;;;Последние новости;Париж;Газета;№5697;29.10.1936;3;Чердак
Г.А.;Адамович Г.В.;Литература в СССР;Обзорная статья;;Русская литература;Советская литература;;;;;Последние новости;Париж;Газета;№5697;29.10.1936;3;Чердак
Георгий Адамович;Адамович Г.В.;Эд. Багрицкий и советская поэзия;Персональная статья;Багрицкий Э.Г.;Русская литература;Советская литература;;;;;Последние новости;Париж;Газета;№5704;05.11.1936;2;Подвал
Р. Словцов;Калишевич Н.В.;Толстой — приходской учитель;Рецензия на публикацию;ГИХЛ;Русская литература;Советская литература;Русская литература;2/2 XIXв.;Толстой Л.Н.;Л.Н. Толстой. Полное собрание сочинений. Том 8-ой;Последние новости;Париж;Газета;№5704;05.11.1936;3;Подвал
В. Вейдле;Вейдле В.В.;Жак де Лакретелль;Персональная статья;Лакретель Ж. де;Французская литература;XXв.;;;;;Последние новости;Париж;Газета;№5704;05.11.1936;3;Чердак
Г.А.;Адамович Г.В.;Литература в СССР;Рецензия на статью;Пильняк Б.А.;Русская литература;Советская литература;;;;;Последние новости;Париж;Газета;№5704;05.11.1936;3;Чердак
Г.А.;Адамович Г.В.;Литература в СССР;Юбилейная статья;;Русская литература;Советская литература;Русская литература;2/2 XIXв.;Никитин И.С.;;Последние новости;Париж;Газета;№5704;05.11.1936;3;Чердак
Г.А.;Адамович Г.В.;Литература в СССР;Рецензия на издание;;Русская литература;Советская литература;;;;Красная новь;Последние новости;Париж;Газета;№5704;05.11.1936;3;Чердак
С.;Калишевич Н.В.;Карманный Жуковский;Рецензия на публикацию;Советский писатель;Русская литература;Советская литература;Русская литература;1/2 XIXв.;Жуковский В.;В. Жуковский. Стихотворения;Последние новости;Париж;Газета;№5704;05.11.1936;3;Чердак
Георгий Адамович;Адамович Г.В.;Эд. Багрицкий и советская поэзия;Персональная статья;Багрицкий Э.Г.;Русская литература;Советская литература;;;;;Последние новости;Париж;Газета;№5711;12.11.1936;2;Подвал
Г.А.;Адамович Г.В.;Литература в СССР;Рецензия на издание;;Русская литература;Советская литература;;;;Новый мир;Последние новости;Париж;Газета;№5711;12.11.1936;3;Чердак
И.;;Джэк Лондон;Юбилейная статья;Лондон Д.;Американская литература;XXв.;;;;;Последние новости;Париж;Газета;№5711;12.11.1936;3;Чердак
А. Петрищев;;Спор о кризисе литературы;Обзорная статья;;Русская литература;Советская литература;;;;;Последние новости;Париж;Газета;№5713;14.11.1936;2;Чердак
Б/а;Б/а;Разочарования Андре Жида;Персональная статья;Жид А.;Французская литература;XXв.;;;;;Последние новости;Париж;Газета;№5715;16.11.1936;2;Чердак
Б/а;Б/а;О «Богатырях» Демьяна;Рецензия на художественную книгу;Бедный Д.;Русская литература;Советская литература;;;;Богатыри;Последние новости;Париж;Газета;№5718;19.11.1936;2;Чердак
Р. Словцов;Калишевич Н.В.;Книга на пергаменте;Рецензия на исследование;Добиаш-Рождественская О.А.;Русская литература;Советская литература;;;;История письма в средние века;Последние новости;Париж;Газета;№5718;19.11.1936;2;Подвал
Георгий Адамович;Адамович Г.В.;«Возвращение из СССР» Андрэ Жида;Рецензия на художественную книгу;Жид А.;Французская литература;XXв.;;;;Возвращение из СССР;Последние новости;Париж;Газета;№5718;19.11.1936;3;Подвал
Б/а;Б/а;О Пушкине;Персональная статья;;Бельгийская литература;XXв.;Русская литература;1/2 XIXв.;Пушкин А.С.;;Последние новости;Париж;Газета;№5718;19.11.1936;3;Чердак
Г.А.;Адамович Г.В.;Литература в СССР;Рецензия на художественную книгу;Новиков И.;Русская литература;Советская литература;Русская литература;1/2 XIXв.;Пушкин А.С.;Пушкин в Михайловском;Последние новости;Париж;Газета;№5718;19.11.1936;3;Чердак
Г.А.;Адамович Г.В.;Литература в СССР;Рецензия на статью;Пильняк Б.А.;Русская литература;Советская литература;;;;;Последние новости;Париж;Газета;№5718;19.11.1936;3;Чердак
Мих. Ос.;Ильин M.A.;Горький — учитель;Персональная статья;Горький М.;Русская литература;Советская литература;;;;;Последние новости;Париж;Газета;№5718;19.11.1936;3;Чердак
С.;Калишевич Н.В.;Дуэль и смерть Пушкина;Рецензия на исследование;Щеголев П.Е.;Русская литература;Советская литература;Русская литература;1/2 XIXв.;Пушкин А.С.;П.Е. Щеголев. Дуэль и смерть Пушкина;Последние новости;Париж;Газета;№5718;19.11.1936;3;Чердак
Владимир Зеелер;;А.А. Плещеев;Юбилейная статья;Плещеев А.А.;Русская литература;Эмигрантская литература;;;;;Последние новости;Париж;Газета;№5720;21.11.1936;2;Чердак
Мих. Осоргин;Ильин M.A.;Памяти В.Я. Ирецкого;Некролог;Ирецкий В.Я.;Русская литература;Эмигрантская литература;;;;;Последние новости;Париж;Газета;№5723;24.11.1936;2;Чердак
Р. Словцов;Калишевич Н.В.;Обломов на фрегате «Паллада»;Рецензия на публикацию;Литературное наследство;Русская литература;Советская литература;Русская литература;2/2 XIXв.;Гончаров И.А.;Путевые письма И.А. Гончарова из кругосветного плавания;Последние новости;Париж;Газета;№5723;24.11.1936;2;Подвал
С. Поляков-Литовцев;Поляков-Литовцев С.;Новый Нобелевский лауреат О-Ниль;Персональная статья;О-Нил Ю.Г.;Американская литература;XXв.;;;;;Последние новости;Париж;Газета;№5724;26.11.1936;2;Подвал
Георгий Адамович;Адамович Г.В.;«Возвращение из СССР» Андрэ Жида;Рецензия на художественную книгу;Жид А.;Французская литература;XXв.;;;;Возвращение из СССР;Последние новости;Париж;Газета;№5725;26.11.1936;2;Подвал
Г.А.;Адамович Г.В.;Литература в СССР;Рецензия на публикацию;;Русская литература;Советская литература;Русская литература;2/2 XIXв.;Чернышевский Н.Г.;;Последние новости;Париж;Газета;№5725;26.11.1936;3;Чердак
Г.А.;Адамович Г.В.;Литература в СССР;Рецензия на художественную книгу;Бедный Д.;Русская литература;Советская литература;;;;Богатыри;Последние новости;Париж;Газета;№5725;26.11.1936;3;Чердак
Р. Словцов;Калишевич Н.В.;Гражданская смерть Достоевского;Рецензия на исследование;Гроссман Л.П.;Русская литература;Советская литература;Русская литература;2/2 XIXв.;Достоевский Ф.М.;Леонид Гроссман. Гражданская смерть Ф.М. Достоевского;Последние новости;Париж;Газета;№5725;26.11.1936;3;Подвал
Ю. Сазонова;Сазонова Ю.Л.;Античный Гамлет;Рецензия на исследование;Меотис Ж.;Французская литература;XXв.;Античная литература;Vв. до н.э.;Эсхил;Эсхил и трилогия;Последние новости;Париж;Газета;№5727;28.11.1936;4;Подвал
Георгий Адамович;Адамович Г.В.;«Роман с кокаином»;Рецензия на художественную книгу;Агеев М.;Русская литература;Эмигрантская литература;;;;Роман с кокаином;Последние новости;Париж;Газета;№5732;03.12.1936;2;Подвал
Мих. Ос.;Ильин M.A.;Язык литературы;Рецензия на исследование;Гофман В.;Русская литература;Советская литература;;;;;Последние новости;Париж;Газета;№5732;03.12.1936;3;Чердак
С.;Калишевич Н.В.;Русские писатели во французских переводах;Рецензия на исследование;Бутчик В.;Русская литература;Эмигрантская литература;;;;Bibliographie des oeuvres littéraires russes traduites en franćais. II;Последние новости;Париж;Газета;№5732;03.12.1936;3;Чердак
Г.А.;Адамович Г.В.;Литература в СССР;Персональная статья;Толстая А.Л.;Русская литература;Советская литература;;;;;Последние новости;Париж;Газета;№5732;03.12.1936;3;Чердак
Г.А.;Адамович Г.В.;Литература в СССР;Рецензия на статью;Керженцев П.;Русская литература;Советская литература;Французская литература;XXв.;Роллан Р.;;Последние новости;Париж;Газета;№5732;03.12.1936;3;Чердак
Р. Словцов;Калишевич Н.В.;Песни, не помнящие родства;Рецензия на издание;Советский писатель;Русская литература;Советская литература;;;;Песни русских поэтов;Последние новости;Париж;Газета;№5737;08.12.1936;3;Подвал
Р. Словцов;Калишевич Н.В.;Письма С.А. Толстой к мужу;Рецензия на публикацию;Академия;Русская литература;Советская литература;Русская литература;2/2 XIXв.;Толстая С.А.;С.А. Толстая. Письма к Л.Н. Толстому. 1862-1910;Последние новости;Париж;Газета;№5739;10.12.1936;2;Подвал
В. Вейдле;Вейдле В.В.;«Дневник» Андрэ Жида;Рецензия на художественную книгу;Жид А.;Французская литература;XXв.;;;;Nouvelles pages de journal;Последние новости;Париж;Газета;№5739;10.12.1936;3;Чердак
Мих. Ос.;Ильин M.A.;Этландия;Рецензия на художественную книгу;Ингобор Э. (Соколовкий Н.А.);Русская литература;Советская литература;;;;Этландия;Последние новости;Париж;Газета;№5739;10.12.1936;3;Чердак
Б/а;Б/а;Литература в СССР;Рецензия на художественную книгу;Афиногенов А.Н.;Русская литература;Советская литература;;;;Салют, Испания!;Последние новости;Париж;Газета;№5739;10.12.1936;3;Чердак
Б/а;Б/а;Премия Гонкуров;Рецензия на художественную книгу;Ван дер Мерч;Французская литература;XXв.;;;;Божья печать;Последние новости;Париж;Газета;№5739;10.12.1936;3;Чердак
Георгий Адамович;Адамович Г.В.;«Современные записки». Кн. 62;Рецензия на художественную книгу;Алданов М.А.;Русская литература;Эмигрантская литература;;;;Начало конца;Последние новости;Париж;Газета;№5739;10.12.1936;3;Подвал
Георгий Адамович;Адамович Г.В.;«Современные записки». Кн. 62;Рецензия на художественную книгу;Зайцев Б.К.;Русская литература;Эмигрантская литература;;;;Калуга;Последние новости;Париж;Газета;№5739;10.12.1936;3;Подвал
Георгий Адамович;Адамович Г.В.;«Современные записки». Кн. 62;Рецензия на художественную книгу;Газданов Г.И.;Русская литература;Эмигрантская литература;;;;Смерть господина Бернара;Последние новости;Париж;Газета;№5739;10.12.1936;3;Подвал
Георгий Адамович;Адамович Г.В.;«Современные записки». Кн. 62;Рецензия на художественную книгу;Берберова Н.Н.;Русская литература;Эмигрантская литература;;;;Книга о счастье;Последние новости;Париж;Газета;№5739;10.12.1936;3;Подвал
Георгий Адамович;Адамович Г.В.;«Современные записки». Кн. 62;Рецензия на художественную книгу;Иванов Вяч.;Русская литература;Эмигрантская литература;;;;Стихи;Последние новости;Париж;Газета;№5739;10.12.1936;3;Подвал
Георгий Адамович;Адамович Г.В.;«Современные записки». Кн. 62;Рецензия на художественную книгу;Иванов Г.В.;Русская литература;Эмигрантская литература;;;;Стихи;Последние новости;Париж;Газета;№5739;10.12.1936;3;Подвал
Георгий Адамович;Адамович Г.В.;«Современные записки». Кн. 62;Рецензия на художественную книгу;Цветаева М.И.;Русская литература;Эмигрантская литература;;;;Стихи;Последние новости;Париж;Газета;№5739;10.12.1936;3;Подвал
Георгий Адамович;Адамович Г.В.;«Современные записки». Кн. 62;Рецензия на художественную книгу;Штейгер А.С.;Русская литература;Эмигрантская литература;;;;Стихи;Последние новости;Париж;Газета;№5739;10.12.1936;3;Подвал
Георгий Адамович;Адамович Г.В.;«Современные записки». Кн. 62;Рецензия на статью;Вейдле В.;Русская литература;Эмигрантская литература;Русская литература;2/2 XIXв.;Достоевский Ф.М.;;Последние новости;Париж;Газета;№5739;10.12.1936;3;Подвал
Георгий Адамович;Адамович Г.В.;«Современные записки». Кн. 62;Рецензия на статью;Вейдле В.;Русская литература;Эмигрантская литература;Русская литература;2/2 XIXв.;Толстой Л.Н.;;Последние новости;Париж;Газета;№5739;10.12.1936;3;Подвал
Б/а;Б/а;Новый документ о Пушкине;Рецензия на публикацию;Правда;Русская литература;Советская литература;Русская литература;1/2 XIXв.;Пушкин А.С.;;Последние новости;Париж;Газета;№5744;15.12.1936;2;Чердак
Р. Словцов;Калишевич Н.В.;Был ли убийцей автор «Свадьбы Кречинского»;Рецензия на исследование;Гроссман В.;Русская литература;Советская литература;Русская литература;2/2 XIXв.;Сухово-Кобылин А.В.;"Гроссман Виктор. 
Дело Сухово-Кобылина ";Последние новости;Париж;Газета;№5744;15.12.1936;3;Подвал
Георгий Адамович;Адамович Г.В.;Литературные заметки;Рецензия на художественную книгу;Корсак В.;Русская литература;Эмигрантская литература;;;;Шарманка;Последние новости;Париж;Газета;№5746;17.12.1936;2;Подвал
Георгий Адамович;Адамович Г.В.;Литературные заметки;Рецензия на художественную книгу;Чегринцева Э.;Русская литература;Эмигрантская литература;;;;Посещения;Последние новости;Париж;Газета;№5746;17.12.1936;2;Подвал
Георгий Адамович;Адамович Г.В.;Литературные заметки;Рецензия на художественную книгу;Горлин М.;Русская литература;Эмигрантская литература;;;;Путешествия;Последние новости;Париж;Газета;№5746;17.12.1936;2;Подвал
Георгий Адамович;Адамович Г.В.;Литературные заметки;Рецензия на художественную книгу;Базилевская Е.;Русская литература;Эмигрантская литература;;;;Домик у леса;Последние новости;Париж;Газета;№5746;17.12.1936;2;Подвал
В. Вейдле;Вейдле В.В.;Луиджи Пиранделло;Некролог;Пиранделло Л.;Итальянская литература;XXв.;;;;;Последние новости;Париж;Газета;№5746;17.12.1936;3;Чердак
Р.С.;Калишевич Н.В.;«Под сенью кулис»;Рецензия на художественную книгу;Плещеев А.А.;Русская литература;Эмигрантская литература;;;;Под сенью кулис;Последние новости;Париж;Газета;№5746;17.12.1936;3;Чердак
Мих. Ос.;Ильин M.A.;Книга о советском литературе;Рецензия на издание;;Русская литература;Советская литература;;;;Сборник «О советской литературе»;Последние новости;Париж;Газета;№5746;17.12.1936;3;Чердак
Г.А.;Адамович Г.В.;Литература в СССР;Рецензия на статью;Литературная газета, Литературный Ленинград;Русская литература;Советская литература;Французская литература;XXв.;Жид А.;;Последние новости;Париж;Газета;№5746;17.12.1936;3;Чердак
Р. Словцов;Калишевич Н.В.;Письма С.А. Толстой к мужу;Рецензия на публикацию;Академия;Русская литература;Советская литература;Русская литература;2/2 XIXв.;Толстая С.А.;С.А. Толстая. Письма к Л.Н. Толстому. 1862-1910;Последние новости;Париж;Газета;№5746;17.12.1936;3;Подвал
Георгий Адамович;Адамович Г.В.;Литературные заметки;Рецензия на исследование;Чулков Г.И.;Русская литература;Советская литература;Русская литература;1/2 XIXв.;Пушкин А.С.;;Последние новости;Париж;Газета;№5753;24.12.1936;3;Подвал
Георгий Адамович;Адамович Г.В.;Литературные заметки;Рецензия на издание;;Русская литература;Советская литература;Русская литература;1/2 XIXв.;Пушкин А.С.;Смена;Последние новости;Париж;Газета;№5753;24.12.1936;3;Подвал
Г.А.;Адамович Г.В.;Литература в СССР;Рецензия на художественную книгу;Павленко П.А.;Русская литература;Советская литература;;;;На Восток;Последние новости;Париж;Газета;№5753;24.12.1936;3;Чердак
Г.А.;Адамович Г.В.;Литература в СССР;Рецензия на художественную книгу;Заболоцкий Н.;Русская литература;Советская литература;;;;Горийская симфония;Последние новости;Париж;Газета;№5753;24.12.1936;3;Чердак
К. П.;Парчевский К.К.;Юбилей «Ревизора»;Юбилейная статья;Гоголь Н.В.;Русская литература;1/2 XIXв.;;;;Ревизор;Последние новости;Париж;Газета;№5753;24.12.1936;3;Чердак
Мих. Ос.;Ильин M.A.;Детские книги;Обзорная статья;;Русская литература;Советская литература;;;;;Последние новости;Париж;Газета;№5753;24.12.1936;3;Чердак
Георгий Адамович;Адамович Г.В.;Ибсен и Элеонора Дузэ;Рецензия на исследование;Люнье-По О.;Французская литература;XXв.;Норвежская литература;2/2 XIXв.;Ибсен Г.;;Последние новости;Париж;Газета;№5760;31.12.1936;2;Подвал
Мих. Ос.;Ильин M.A.;Пушкин в Михайловском;Рецензия на художественную книгу;Новиков И.;Русская литература;Советская литература;Русская литература;1/2 XIXв.;Пушкин А.С.;Пушкин в Михайловском;Последние новости;Париж;Газета;№5760;31.12.1936;3;Чердак
Н. К—гъ;Кнорринг Н.Н.;Дневник А.А. Олениной;Рецензия на публикацию;;Русская литература;Советская литература;Русская литература;1/2 XIXв.;Оленина А.А.;;Последние новости;Париж;Газета;№5760;31.12.1936;3;Чердак
Г.А.;Адамович Г.В.;Литература в СССР;Некролог;Островский Н.;Русская литература;Советская литература;;;;;Последние новости;Париж;Газета;№5760;31.12.1936;3;Чердак
Г.А.;Адамович Г.В.;Литература в СССР;Юбилейная статья;Короленко В.Г.;Русская литература;2/2 XIXв.;;;;;Последние новости;Париж;Газета;№5760;31.12.1936;3;Чердак
Р. Словцов;Калишевич Н.В.;Лики Владимира Соловьева;Рецензия на исследование;Мочульский К.;Русская литература;Эмигрантская литература;Русская литература;2/2 XIXв.;Соловьев В.;К. Мочульский. Владимир Соловьев. Жизнь и учение;Последние новости;Париж;Газета;№5760;31.12.1936;3;Подвал
Р. Словцов;Калишевич Н.В.;Четыре репинских Пушкина;Рецензия на исследование;Голубев В.;Русская литература;Советская литература;Русская литература;1/2 XIXв.;Пушкин А.С.;Пушкин в изображении Репина;Последние новости;Париж;Газета;№5765;05.01.1937;3;Подвал
Георгий Адамович;Адамович Г.В.;Страдания ума;Рецензия на художественную книгу;Буданцев С.Ф.;Русская литература;Советская литература;;;;Избранное;Последние новости;Париж;Газета;№5767;07.01.1937;3;Подвал
С.;Калишевич Н.В.;Письма А. Блока к Е.П. Иванову;Рецензия на публикацию;Академия наук;Русская литература;Советская литература;Русская литература;Начало XXв.;Блок А.А.;Письма Ал. Блока к Е.П. Иванову;Последние новости;Париж;Газета;№5767;07.01.1937;3;Чердак
Г.А.;Адамович Г.В.;Литература в СССР;Обзорная статья;;Русская литература;Советская литература;Русская литература;1/2 XIXв.;Пушкин А.С.;;Последние новости;Париж;Газета;№5767;07.01.1937;3;Чердак
Р. Словцов;Калишевич Н.В.;Новые материалы о Пушкине;Рецензия на исследование;Журнально-газетное объединение;Русская литература;Советская литература;Русская литература;1/2 XIXв.;Пушкин А.С.;Летописи Государственного литературного музея. Книга первая. Пушкин;Последние новости;Париж;Газета;№5767;07.01.1937;4;Подвал
Б/а;Б/а;После Андре Жида— Селин;Рецензия на художественную книгу;Селин Л.-Ф.;Французская литература;XXв.;;;;Моя вина;Последние новости;Париж;Газета;№5750;10.01.1937;2;Чердак
Р. Словцов;Калишевич Н.В.;Гончаровы;Рецензия на исследование;Журнально-газетное объединение;Русская литература;Советская литература;Русская литература;1/2 XIXв.;Пушкин А.С.;Летописи Государственного литературного музея. Книга первая. Пушкин;Последние новости;Париж;Газета;№5752;12.01.1937;3;Подвал
Георгий Адамович;Адамович Г.В.;«Mea culpa»;Рецензия на художественную книгу;Селин Л.-Ф.;Французская литература;XXв.;;;;Mea culpa;Последние новости;Париж;Газета;№5754;14.01.1937;2;Подвал
Мих. Ос.;Ильин M.A.;«Избранное» Веры Инбер;Рецензия на художественную книгу;Инбер В.;Русская литература;Советская литература;;;;Избранное;Последние новости;Париж;Газета;№5754;14.01.1937;3;Чердак
Р. Словцов;Калишевич Н.В.;Победоносцев — цензор;Рецензия на публикацию;Литературное наследство;Русская литература;Советская литература;Русская литература;2/2 XIXв.;Победоносцев К.П.;Письма К.П. Победоносцева к Е.М. Феоктистову;Последние новости;Париж;Газета;№5754;14.01.1937;3;Чердак
Р. Словцов;Калишевич Н.В.;Вокруг Пушкина;Рецензия на исследование;Академия наук;Русская литература;Советская литература;Русская литература;1/2 XIXв.;Пушкин А.С.;Пушкин. Временник Пушкинской комиссии;Последние новости;Париж;Газета;№5781;21.01.1937;2;Подвал
Георгий Адамович;Адамович Г.В.;Классовый враг;Рецензия на художественную книгу;Вирт Н.;Русская литература;Советская литература;;;;Одиночество;Последние новости;Париж;Газета;№5781;21.01.1937;3;Подвал
С.;Калишевич Н.В.;«Тайны царского двора» и Достоевский;Рецензия на исследование;Гримм П.;Немецкая литература;2/2 XIXв.;Русская литература;2/2 XIXв.;Достоевский Ф.М.;Тайны царского двора времен Николая 1;Последние новости;Париж;Газета;№5781;21.01.1937;3;Чердак
Ю. Сазонова;Сазонова Ю.Л.;Мещанин во дворянстве;Рецензия на художественную книгу;Мольер Ж.-Б.;Французская литература;XVIIв.;;;;Мещанин во дворянстве;Последние новости;Париж;Газета;№5783;23.01.1937;3;Подвал
Р. Словцов;Калишевич Н.В.;Французский сборник в честь Пушкина;Рецензия на издание;;Французская литература;XXв.;Русская литература;1/2 XIXв.;Пушкин А.С.;Revue de Littérature comparée;Последние новости;Париж;Газета;№5788;28.01.1937;2;Подвал
Георгий Адамович;Адамович Г.В.;Лирический беспорядок;Рецензия на художественную книгу;Присманова А.;Русская литература;Эмигрантская литература;;;;Тень и тело;Последние новости;Париж;Газета;№5788;28.01.1937;3;Подвал
Н. П. В.;;Франция — Пушкину;Персональная статья;;Французская литература;XXв.;Русская литература;1/2 XIXв.;Пушкин А.С.;;Последние новости;Париж;Газета;№5788;28.01.1937;3;Чердак
Г.А.;Адамович Г.В.;Литература в СССР;Обзорная статья;;Русская литература;Советская литература;;;;;Последние новости;Париж;Газета;№5788;28.01.1937;3;Чердак
М. Алданов;Алданов М.А.;Вечера «Современных записок»;Рецензия на художественную книгу;Сирин В. (Набоков В.В.);Русская литература;Эмигрантская литература;;;;Дар;Последние новости;Париж;Газета;№5788;28.01.1937;3;Чердак
Р. Словцов;Калишевич Н.В.;Карты в «Пиковой даме»;Рецензия на исследование;Виноградов В.В.;Русская литература;Советская литература;Русская литература;1/2 XIXв.;Пушкин А.С.;В.В. Виноградов. Стиль «Пиковой дамы»;Последние новости;Париж;Газета;№5793;02.02.1937;3;Подвал
Р. Словцов;Калишевич Н.В.;Как писалось «Накануне»;Рецензия на публикацию;Академия;Русская литература;Советская литература;Русская литература;2/2 XIXв.;Тургенев И.С.;И.С. Тургенев. «Накануне». «Отцы и дети»;Последние новости;Париж;Газета;№5795;04.02.1937;2;Подвал
Георгий Адамович;Адамович Г.В.;Литературные заметки;Персональная статья;Надсон;Русская литература;2/2 XIXв.;;;;;Последние новости;Париж;Газета;№5795;04.02.1937;3;Подвал
Георгий Адамович;Адамович Г.В.;Литературные заметки;Рецензия на художественную книгу;Вайс Л.;Французская литература;XXв.;;;;Delivrance;Последние новости;Париж;Газета;№5795;04.02.1937;3;Подвал
Н.;;«Белая чума»;Рецензия на художественную книгу;Чапек К.;Чешская литература;XXв.;;;;Белая чума;Последние новости;Париж;Газета;№5795;04.02.1937;3;Чердак
Н. Ст.;Ильин M.A.;Записки французской школьницы;Рецензия на художественную книгу;Эрбург И.;Французская литература;XXв.;;;;Записки французской школьницы;Последние новости;Париж;Газета;№5795;04.02.1937;3;Чердак
П.М.;Милюков П.Н.(?);Пушкинский номер «Иллюстрированной России»;Рецензия на издание;;Русская литература;Эмигрантская литература;Русская литература;1/2 XIXв.;Пушкин А.С.;Иллюстрированная Россия;Последние новости;Париж;Газета;№5795;04.02.1937;3;Чердак
В. Вейдле;Вейдле В.В.;Карл Мут;Рецензия на художественную книгу;Мут К.;Немецкая литература;XXв.;;;;Schöpfer und  Magier;Последние новости;Париж;Газета;№5795;04.02.1937;3;Чердак
С. Поляков-Литовцев;Поляков-Литовцев С.;В пушкинские дни;Персональная статья;Пушкин А.С.;Русская литература;1/2 XIXв.;;;;;Последние новости;Париж;Газета;№5800;09.02.1937;3;Подвал
Б/а;Б/а;Воскрешенный Пушкин ;Юбилейная статья;Пушкин А.С.;Русская литература;1/2 XIXв.;;;;;Последние новости;Париж;Газета;№5801;10.02.1937;1;Чердак
А. Ремизов;Ремизов А.М.;Дар Пушкина;Юбилейная статья;Пушкин А.С.;Русская литература;1/2 XIXв.;;;;;Последние новости;Париж;Газета;№5801;10.02.1937;1;Чердак
Георгий Адамович;Адамович Г.В.;Пушкин;Юбилейная статья;Пушкин А.С.;Русская литература;1/2 XIXв.;;;;;Последние новости;Париж;Газета;№5801;10.02.1937;2;Чердак
Б. Рапчинский;;Голландские документы о Геккерене и Дантесе;Юбилейная статья;Пушкин А.С.;Русская литература;1/2 XIXв.;;;;;Последние новости;Париж;Газета;№5801;10.02.1937;2;Чердак
Милюков П.;Милюков П.Н.;От бунта к прощению ;Юбилейная статья;Пушкин А.С.;Русская литература;1/2 XIXв.;;;;;Последние новости;Париж;Газета;№5801;10.02.1937;1–2;Подвал
Р. Словцов;Калишевич Н.В.;Последние дни Пушкина;Юбилейная статья;Пушкин А.С.;Русская литература;1/2 XIXв.;;;;;Последние новости;Париж;Газета;№5801;10.02.1937;3—4;Чердак
А. Семенченков;;Пушкин и казаки;Юбилейная статья;Пушкин А.С.;Русская литература;1/2 XIXв.;;;;;Последние новости;Париж;Газета;№5801;10.02.1937;4;Чердак
Мих. Осоргин;Ильин M.A.;Пушкин — вольный каменщик;Юбилейная статья;Пушкин А.С.;Русская литература;1/2 XIXв.;;;;;Последние новости;Париж;Газета;№5801;10.02.1937;4;Подвал
Я. Полонский;Полонский Я.;Пушкин – читатель ;Юбилейная статья;Пушкин А.С.;Русская литература;1/2 XIXв.;;;;;Последние новости;Париж;Газета;№5801;10.02.1937;5;Чердак
Милюков П.;Милюков П.Н.;От бунта к прощению ;Юбилейная статья;Пушкин А.С.;Русская литература;1/2 XIXв.;;;;;Последние новости;Париж;Газета;№5802;11.02.1937;2—3;Подвал
Б/а;Б/а;Новые документы о Пушкине;Рецензия на публикацию;Струве Г.;Русская литература;Эмигрантская литература;Русская литература;1/2 XIXв.;Пушкин А.С.;;Последние новости;Париж;Газета;№5802;11.02.1937;3;Чердак
Б/а;Б/а;Набросок предисловия Пушкина «К истории Пугачева»;Рецензия на публикацию;Правда (Д. Якубович);Русская литература;Советская литература;Русская литература;1/2 XIXв.;Пушкин А.С.;;Последние новости;Париж;Газета;№5802;11.02.1937;3;Чердак
Г.А.;Адамович Г.В.;Литература в СССР;Рецензия на художественную книгу;Чулков Г.И.;Русская литература;Советская литература;Русская литература;1/2 XIXв.;Пушкин А.С.;Жизнь Пушкина;Последние новости;Париж;Газета;№5802;11.02.1937;3;Чердак
В. Жаботинский;Жаботинский В.;О «Вольном каменщике» Осоргина;Рецензия на художественную книгу;Сор;Русская литература;Эмигрантская литература;;;;Вольный каменщик;Последние новости;Париж;Газета;№5802;11.02.1937;4;Подвал
Георгий Адамович;Адамович Г.В.;Без Толстого;Обзорная статья;;Русская литература;Советская литература;;;;;Последние новости;Париж;Газета;№5809;18.02.1937;3;Подвал
Сергей Лифарь;Лифарь С.;Новое письмо к Пушкину;Рецензия на публикацию;;Русская литература;Эмигрантская литература;Русская литература;1/2 XIXв.;Пушкин А.С.;;Последние новости;Париж;Газета;№5809;18.02.1937;3;Чердак
А. Вельмин;;Пушкин в переводе Тувима;Рецензия на перевод;Тувим Ю.;Польская литература;XXв.;Русская литература;1/2 XIXв.;Пушкин А.С.;;Последние новости;Париж;Газета;№5809;18.02.1937;3;Чердак
К.П.;Парчевский К.К.;«Линия Брунгильды» М.А. Алданова;Рецензия на художественную книгу;Алданов М.А.;Русская литература;Эмигрантская литература;;;;;Последние новости;Париж;Газета;№5811;20.02.1937;4;Подвал
Георгий Адамович;Адамович Г.В.;Литературные заметки;Рецензия на исследование;Кирпотин В.;Русская литература;Советская литература;;;;Наследие Пушкина и коммунизм, А.С. Пушкин;Последние новости;Париж;Газета;№5816;25.02.1937;3;Подвал
Георгий Адамович;Адамович Г.В.;Литературные заметки;Рецензия на исследование;Эйхенбаум Б.М.;Русская литература;Советская литература;;;;Пушкин и Толстой;Последние новости;Париж;Газета;№5816;25.02.1937;3;Подвал
Г.А.;Адамович Г.В.;Литература в СССР;Рецензия на художественную книгу;Леонов Л.М.;Русская литература;Советская литература;;;;;Последние новости;Париж;Газета;№5816;25.02.1937;3;Чердак
Г.А.;Адамович Г.В.;Литература в СССР;Юбилейная статья;Багрицкий Э.Г.;Русская литература;Советская литература;;;;;Последние новости;Париж;Газета;№5816;25.02.1937;3;Чердак
Г.А.;Адамович Г.В.;Литература в СССР;Рецензия на публикацию;Чуковский К.И.;Русская литература;Советская литература;Русская литература;2/2 XIXв.;Некрасов Н.А.;;Последние новости;Париж;Газета;№5816;25.02.1937;3;Чердак
Мих. Ос.;Ильин M.A.;«Земля Колумба»;Рецензия на издание;;Русская литература;Эмигрантская литература;;;;Земля Колумба;Последние новости;Париж;Газета;№5816;25.02.1937;3;Чердак
Р. Словцов;Калишевич Н.В.;История двух повестей Л. Толстого;Рецензия на публикацию;Художественная литература;Русская литература;Советская литература;Русская литература;2/2 XIXв.;Толстой Л.Н.;Л.Н. Толстой. Полное собрание сочинений. Том 26;Последние новости;Париж;Газета;№5821;02.03.1937;3;Подвал
Р. Словцов;Калишевич Н.В.;Разбойничьи песни;Рецензия на издание;Советский писатель;Русская литература;Советская литература;;;;Русская баллада;Последние новости;Париж;Газета;№5823;04.03.1937;2;Подвал
Георгий Адамович;Адамович Г.В.;Литературные заметки;Рецензия на исследование;Эйхенбаум Б.М.;Русская литература;Советская литература;;;;Пушкин и Толстой;Последние новости;Париж;Газета;№5823;04.03.1937;3;Подвал
Георгий Адамович;Адамович Г.В.;Литературные заметки;Рецензия на исследование;Бем А.Л.;Русская литература;Эмигрантская литература;;;;О Пушкине;Последние новости;Париж;Газета;№5823;04.03.1937;3;Подвал
Г.А.;Адамович Г.В.;Литература в СССР;Рецензия на художественную книгу;Герман Ю.;Русская литература;Советская литература;;;;Вор;Последние новости;Париж;Газета;№5823;04.03.1937;3;Чердак
Г.А.;Адамович Г.В.;Литература в СССР;Рецензия на художественную книгу;Тынянов Ю.Н.;Русская литература;Советская литература;;;;Пушкин;Последние новости;Париж;Газета;№5823;04.03.1937;3;Чердак
П.М.;Милюков П.Н.(?);Письма Пушкина;Рецензия на публикацию;Иллюстрированная Россия;Русская литература;Эмигрантская литература;;;;Письма А.С. Пушкина;Последние новости;Париж;Газета;№5823;04.03.1937;3;Чердак
Мих. Ос.;Ильин M.A.;«Летят лебеди»;Рецензия на художественную книгу;Соколов-Микитов И.;Русская литература;Советская литература;;;;Летят лебеди;Последние новости;Париж;Газета;№5823;04.03.1937;3;Чердак
Мих. Осоргин;Ильин M.A.;Е.И. Замятин;Некролог;Замятин Е.И.;Русская литература;Эмигрантская литература;;;;;Последние новости;Париж;Газета;№5830;11.03.1937;2;Чердак
Георгий Адамович;Адамович Г.В.;Литературные заметки;Рецензия на художественную книгу;Ставров П.С.;Русская литература;Эмигрантская литература;;;;Ночью;Последние новости;Париж;Газета;№5830;11.03.1937;2;Подвал
Георгий Адамович;Адамович Г.В.;Литературные заметки;Рецензия на художественную книгу;Софиев Ю.;Русская литература;Эмигрантская литература;;;;Годы и камни;Последние новости;Париж;Газета;№5830;11.03.1937;2;Подвал
Георгий Адамович;Адамович Г.В.;Литературные заметки;Рецензия на художественную книгу;Барт С.;Русская литература;Эмигрантская литература;;;;Письмена;Последние новости;Париж;Газета;№5830;11.03.1937;2;Подвал
Р. Словцов;Калишевич Н.В.;Достоевский и дело петрашевцев;Рецензия на исследование;Бельчиков Н.Ф. (Академия наук);Русская литература;Советская литература;Русская литература;2/2 XIXв.;Достоевский Ф.М.;Н.Ф. Бельчиков. Достоевский в процессе петрашевцев;Последние новости;Париж;Газета;№5830;11.03.1937;3;Подвал
Г.А.;Адамович Г.В.;Литература в СССР;Рецензия на издание;;Русская литература;Советская литература;Русская литература;1/2 XIXв.;Пушкин А.С.;Звезда;Последние новости;Париж;Газета;№5830;11.03.1937;3;Чердак
Г.А.;Адамович Г.В.;Литература в СССР;Персональная статья;Сельвинский И.Л.;Русская литература;Советская литература;;;;;Последние новости;Париж;Газета;№5830;11.03.1937;3;Чердак
Мих. Ос.;Ильин M.A.;«О природе вещей»;Рецензия на перевод;Петровский Ф.А.;Русская литература;Советская литература;Античная литература;Iв. до н.э.;Лукреций;О природе вещей;Последние новости;Париж;Газета;№5830;11.03.1937;3;Чердак
Ю. Сазонова;Сазонова Ю.Л.;Путь Татьяны;Обзорная статья;;Русская литература;Общее;;;;;Последние новости;Париж;Газета;№5832;13.03.1937;3;Подвал
Ив. Бунин;Бунин И.А.;Особенности Толстого;Персональная статья;Толстой Л.Н.;Русская литература;2/2 XIXв.;;;;;Последние новости;Париж;Газета;№5833;14.03.1937;2;Подвал
Р. Словцов;Калишевич Н.В.;Пушкинская Москва;Рецензия на исследование;Московский рабочий;Русская литература;Советская литература;Русская литература;1/2 XIXв.;Пушкин А.С.;Пушкинская Москва. Путеводитель;Последние новости;Париж;Газета;№5835;16.03.1937;3;Подвал
Георгий Адамович;Адамович Г.В.;«Пятнадцатый легион»;Рецензия на художественную книгу;Ладинский А.П.;Русская литература;Эмигрантская литература;;;;Пятнадцатый легион;Последние новости;Париж;Газета;№5837;18.03.1937;3;Подвал
Г.А.;Адамович Г.В.;Литература в СССР;Рецензия на художественную книгу;Вирт Н.;Русская литература;Советская литература;;;;Земля;Последние новости;Париж;Газета;№5837;18.03.1937;3;Чердак
Ив. Бунин;Бунин И.А.;Особенности Толстого;Персональная статья;Толстой Л.Н.;Русская литература;2/2 XIXв.;;;;;Последние новости;Париж;Газета;№5840;21.03.1937;2;Подвал
Е.Ч.;;А.Г.Мунштейн (Lolo);Юбилейная статья;Мунштейн А.Г.;Русская литература;Эмигрантская литература;;;;;Последние новости;Париж;Газета;№5844;25.03.1937;3;Чердак
Р.С.;Калишевич Н.В.;Парижские отклики на смерть Пушкина;Рецензия на исследование;Львов Л.;Русская литература;Эмигрантская литература;Русская литература;1/2 XIXв.;Пушкин А.С.;Сто лет смерти Пушкина. Парижские отклики в 1837 году;Последние новости;Париж;Газета;№5844;25.03.1937;3;Чердак
Г.А.;Адамович Г.В.;Литература в СССР;Юбилейная статья;Новиков-Прибой А.С.;Русская литература;Советская литература;;;;;Последние новости;Париж;Газета;№5844;25.03.1937;3;Чердак
Г.А.;Адамович Г.В.;Литература в СССР;Рецензия на статью;Толстой А.Н.;Русская литература;Советская литература;;;;;Последние новости;Париж;Газета;№5844;25.03.1937;3;Чердак
Георгий Адамович;Адамович Г.В.;Московские настроения;Обзорная статья;;Русская литература;Советская литература;;;;;Последние новости;Париж;Газета;№5844;25.03.1937;3;Подвал
Н. Оцуп;Оцуп Н.;Царское Село. Пушкин и Анненский;Персональная статья;Пушкин А.С.;Русская литература;1/2 XIXв.;;;;;Последние новости;Париж;Газета;№5846;27.03.1937;3;Подвал
Н. Оцуп;Оцуп Н.;Царское Село. Пушкин и Анненский;Персональная статья;Анненский И.;Русская литература;Начало XXв.;;;;;Последние новости;Париж;Газета;№5846;27.03.1937;3;Подвал
В. Вейдле;Вейдле В.В.;Ольдус Гексли;Персональная статья;Гексли О.;Английская литература;XXв.;;;;;Последние новости;Париж;Газета;№5846;27.03.1937;5;Подвал
Ив. Бунин;Бунин И.А.;Особенности Толстого;Персональная статья;Толстой Л.Н.;Русская литература;2/2 XIXв.;;;;;Последние новости;Париж;Газета;№5847;28.03.1937;2;Подвал
Георгий Адамович;Адамович Г.В.;Московские настроения;Рецензия на художественную книгу;Макаров И.;Русская литература;Советская литература;;;;Миша Курбатов;Последние новости;Париж;Газета;№5851;01.04.1937;2;Подвал
Р. Словцов;Калишевич Н.В.;Из пушкинской литературы;Обзорная статья;;Русская литература;Советская литература;Русская литература;1/2 XIXв.;Пушкин А.С.;;Последние новости;Париж;Газета;№5851;01.04.1937;3;Подвал
А.Л.;;«Журнал Содружества»;Рецензия на издание;;Русская литература;Эмигрантская литература;;;;Журнал Содружества;Последние новости;Париж;Газета;№5851;01.04.1937;3;Чердак
Г.А.;Адамович Г.В.;Литература в СССР;Обзорная статья;;Русская литература;Советская литература;;;;;Последние новости;Париж;Газета;№5851;01.04.1937;3;Чердак
В. Вейдле;Вейдле В.В.;Еврейская эпопея З. Шнеура;Рецензия на художественную книгу;Шнеур З.;Еврейская литература;XXв.;;;;Noah Pandre;Последние новости;Париж;Газета;№5851;01.04.1937;3;Чердак
Мих. Ос.;Ильин M.A.;«Евгений Онегин» по-итальянски;Рецензия на перевод;Гатто Л.;Итальянская литература;XXв.;Русская литература;1/2 XIXв.;Пушкин А.С.;Евгений Онегин;Последние новости;Париж;Газета;№5851;01.04.1937;3;Чердак
Милюков П.;Милюков П.Н.;А. И. Герцен;Юбилейная статья;Герцен А.И.;Русская литература;2/2 XIXв.;;;;;Последние новости;Париж;Газета;№5856;06.04.1937;2—3;Подвал
Георгий Адамович;Адамович Г.В.;Литературные заметки;Рецензия на художественную книгу;Каверин В.А.;Русская литература;Советская литература;;;;Исполнение желаний, Личные счеты;Последние новости;Париж;Газета;№5858;08.04.1937;3;Подвал
Г.А.;Адамович Г.В.;«Новые тексты Пушкина»;Рецензия на публикацию;Богословский Н.В.;Русская литература;Советская литература;Русская литература;1/2 XIXв.;Пушкин А.С.;;Последние новости;Париж;Газета;№5858;08.04.1937;3;Чердак
Ив. Бунин;Бунин И.А.;Особенности Толстого;Персональная статья;Толстой Л.Н.;Русская литература;2/2 XIXв.;;;;;Последние новости;Париж;Газета;№5861;11.04.1937;2;Подвал
А. Петрищев;;Признания И. Лежнева и А. Толстого;Рецензия на статью;Лежнев И.;Русская литература;Советская литература;;;;;Последние новости;Париж;Газета;№5862;12.04.1937;2;Чердак
А. Петрищев;;Признания И. Лежнева и А. Толстого;Рецензия на статью;Толстой А.Н.;Русская литература;Советская литература;;;;;Последние новости;Париж;Газета;№5862;12.04.1937;2;Чердак
Р. Словцов;Калишевич Н.В.;Как работал Толстой;Рецензия на исследование;Гудзий Н.К.;Русская литература;Советская литература;Русская литература;2/2 XIXв.;Толстой Л.Н.;Н.К. Гудзий. Как работал Толстой;Последние новости;Париж;Газета;№5865;15.04.1937;2;Подвал
Милюков П.;Милюков П.Н.;Новая книга Ант. Ладинского;Рецензия на художественную книгу;Ладинский А.П.;Русская литература;Эмигрантская литература;;;;Путешествие в Палестину;Последние новости;Париж;Газета;№5865;15.04.1937;3;Чердак
Г.А.;Адамович Г.В.;Литература в СССР;Рецензия на художественную книгу;Павленко П.А.;Русская литература;Советская литература;;;;На Восток;Последние новости;Париж;Газета;№5865;15.04.1937;3;Чердак
Б/а;Б/а;«Литературный Ленинград»;Рецензия на издание;;Русская литература;Советская литература;;;;Литературный Ленинград;Последние новости;Париж;Газета;№5865;15.04.1937;3;Чердак
Мих. Ос.;Ильин M.A.;Японский роман;Рецензия на художественную книгу;Юдао Я.;Японская литература;XXв.;;;;Жизнь женщины;Последние новости;Париж;Газета;№5865;15.04.1937;3;Чердак
Георгий Адамович;Адамович Г.В.;Литературные заметки;Рецензия на художественную книгу;Зощенко М.М.;Русская литература;Советская литература;;;;Шестая повесть Белкина;Последние новости;Париж;Газета;№5865;15.04.1937;3;Подвал
Георгий Адамович;Адамович Г.В.;Литературные заметки;Рецензия на художественную книгу;Лесков А.;Русская литература;Советская литература;;;;Записки;Последние новости;Париж;Газета;№5865;15.04.1937;3;Подвал
Милюков П.;Милюков П.Н.;А. И. Герцен;Юбилейная статья;Герцен А.И.;Русская литература;2/2 XIXв.;;;;;Последние новости;Париж;Газета;№5866;16.04.1937;2;Подвал
Георгий Адамович;Адамович Г.В.;Литературные беседы;Рецензия на художественную книгу;Ладинский А.П.;Русская литература;Эмигрантская литература;;;;Стихи о Европе;Последние новости;Париж;Газета;№5872;22.04.1937;2;Подвал
Георгий Адамович;Адамович Г.В.;Литературные беседы;Рецензия на художественную книгу;Заболоцкий Н.;Русская литература;Советская литература;;;;Новые стихи;Последние новости;Париж;Газета;№5872;22.04.1937;2;Подвал
Р. Словцов;Калишевич Н.В.;Письма автора «Тысячи душ»;Рецензия на публикацию;Писемский А.Ф.;Русская литература;2/2 XIXв.;;;;;Последние новости;Париж;Газета;№5872;22.04.1937;3;Подвал
С.;Калишевич Н.В.;Пушкинские места;Рецензия на исследование;ГИХЛ;Русская литература;Советская литература;Русская литература;1/2 XIXв.;Пушкин А.С.;Пушкинские места;Последние новости;Париж;Газета;№5872;22.04.1937;3;Чердак
Н.;;Гастон Шэро;Некролог;Шеро Г.;Французская литература;XXв.;;;;;Последние новости;Париж;Газета;№5872;22.04.1937;3;Чердак
Г.А.;Адамович Г.В.;Литература в СССР;Обзорная статья;;Русская литература;Советская литература;;;;;Последние новости;Париж;Газета;№5872;22.04.1937;3;Чердак
В. Вейдле;Вейдле В.В.;Моника Сент-Элье;Рецензия на художественную книгу;Сент-Элье М.;Французская литература;XXв.;;;;Le Cavalier de paille;Последние новости;Париж;Газета;№5872;22.04.1937;3;Чердак
Милюков П.;Милюков П.Н.;А. И. Герцен;Юбилейная статья;Герцен А.И.;Русская литература;2/2 XIXв.;;;;;Последние новости;Париж;Газета;№5873;23.04.1937;2;Подвал
Арсений Мерич;Даманская А.;«Исторический роман и мы»;Рецензия на статью;Деблин А.;Немецкая литература;XXв.;;;;;Последние новости;Париж;Газета;№5873;23.04.1937;5;Подвал
Милюков П.;Милюков П.Н.;А. И. Герцен;Юбилейная статья;Герцен А.И.;Русская литература;2/2 XIXв.;;;;;Последние новости;Париж;Газета;№5875;25.04.1937;2;Подвал
Георгий Адамович;Адамович Г.В.;Литературные заметки;Рецензия на художественную книгу;Павленко П.А.;Русская литература;Советская литература;;;;На Восток;Последние новости;Париж;Газета;№5879;29.04.1937;3;Подвал
С.;Калишевич Н.В.;Библиография Лермонтова;Рецензия на исследование;Академия наук;Русская литература;Советская литература;Русская литература;1/2 XIXв.;Лермонтов М.Ю.;Материалы для библиографии Лермонтова;Последние новости;Париж;Газета;№5879;29.04.1937;3;Чердак
Г.А.;Адамович Г.В.;Литература в СССР;Некролог;Ильф И.;Русская литература;Советская литература;;;;;Последние новости;Париж;Газета;№5879;29.04.1937;3;Чердак
Георгий Адамович;Адамович Г.В.;«Современные записки». Кн. 63;Рецензия на художественную книгу;Алданов М.А.;Русская литература;Эмигрантская литература;;;;Начало конца;Последние новости;Париж;Газета;№5885;06.05.1937;3;Подвал
Георгий Адамович;Адамович Г.В.;«Современные записки». Кн. 63;Рецензия на художественную книгу;Яновский В.С.;Русская литература;Эмигрантская литература;;;;Вольно-американская;Последние новости;Париж;Газета;№5885;06.05.1937;3;Подвал
Георгий Адамович;Адамович Г.В.;«Современные записки». Кн. 63;Рецензия на художественную книгу;Зуров Л.Ф.;Русская литература;Эмигрантская литература;;;;Молодость;Последние новости;Париж;Газета;№5885;06.05.1937;3;Подвал
Георгий Адамович;Адамович Г.В.;«Современные записки». Кн. 63;Рецензия на художественную книгу;Сирин В. (Набоков В.В.);Русская литература;Эмигрантская литература;;;;Дар;Последние новости;Париж;Газета;№5885;06.05.1937;3;Подвал
Георгий Адамович;Адамович Г.В.;«Современные записки». Кн. 63;Рецензия на художественную книгу;Иванов Вяч.;Русская литература;Эмигрантская литература;;;;Стихи;Последние новости;Париж;Газета;№5885;06.05.1937;3;Подвал
Георгий Адамович;Адамович Г.В.;«Современные записки». Кн. 63;Рецензия на художественную книгу;Кузнецова Г.Н.;Русская литература;Эмигрантская литература;;;;Стихи;Последние новости;Париж;Газета;№5885;06.05.1937;3;Подвал
Георгий Адамович;Адамович Г.В.;«Современные записки». Кн. 63;Рецензия на художественную книгу;Мандельштам Ю.В.;Русская литература;Эмигрантская литература;;;;Стихи;Последние новости;Париж;Газета;№5885;06.05.1937;3;Подвал
Георгий Адамович;Адамович Г.В.;«Современные записки». Кн. 63;Рецензия на художественную книгу;Смоленский В.А.;Русская литература;Эмигрантская литература;;;;Стихи;Последние новости;Париж;Газета;№5885;06.05.1937;3;Подвал
Георгий Адамович;Адамович Г.В.;«Современные записки». Кн. 63;Рецензия на художественную книгу;Цветаева М.И.;Русская литература;Эмигрантская литература;;;;Стихи;Последние новости;Париж;Газета;№5885;06.05.1937;3;Подвал
В. Вейдле;Вейдле В.В.;Ганс Каросса;Персональная статья;Каросса Х.;Немецкая литература;XXв.;;;;;Последние новости;Париж;Газета;№5885;06.05.1937;3;Чердак
Р. Словцов;Калишевич Н.В.;Предки Пушкина;Рецензия на исследование;Вегнер М.;Русская литература;Советская литература;Русская литература;1/2 XIXв.;Пушкин А.С.;М. Вегнер. Предки Пушкина;Последние новости;Париж;Газета;№5890;11.05.1937;2;Подвал
Георгий Адамович;Адамович Г.В.;Литературные заметки;Рецензия на художественную книгу;Шмелев И.С.;Русская литература;Эмигрантская литература;;;;Пути небесные;Последние новости;Париж;Газета;№5892;13.05.1937;3;Подвал
Г.А.;Адамович Г.В.;Литература в СССР;Рецензия на художественную книгу;Макаров И.;Русская литература;Советская литература;;;;Миша Курбатов;Последние новости;Париж;Газета;№5892;13.05.1937;3;Чердак
Г.А.;Адамович Г.В.;Литература в СССР;Рецензия на художественную книгу;Олесов Ф.;Русская литература;Советская литература;;;;Возвращение;Последние новости;Париж;Газета;№5892;13.05.1937;3;Чердак
Георгий Адамович;Адамович Г.В.;«Живой Пушкин»;Рецензия на издание;Милюков П.Н.;Русская литература;Эмигрантская литература;;;;Живой Пушкин;Последние новости;Париж;Газета;№5899;20.05.1937;3;Подвал
Н. К—гъ;Кнорринг Н.Н.;Экспедиция Ла-Перуза;Рецензия на художественную книгу;Чуковский Н.;Русская литература;Советская литература;;;;Навстречу гибели;Последние новости;Париж;Газета;№5899;20.05.1937;3;Чердак
Г.А.;Адамович Г.В.;Литература в СССР;Рецензия на художественную книгу;Горький М.;Русская литература;Советская литература;;;;Жизнь Клима Самгина;Последние новости;Париж;Газета;№5899;20.05.1937;3;Чердак
Г.А.;Адамович Г.В.;Литература в СССР;Рецензия на художественную книгу;Луговской В.;Русская литература;Советская литература;;;;;Последние новости;Париж;Газета;№5899;20.05.1937;3;Чердак
Г.А.;Адамович Г.В.;Литература в СССР;Рецензия на художественную книгу;Панферов Ф.;Русская литература;Советская литература;;;;Творчество;Последние новости;Париж;Газета;№5899;20.05.1937;3;Чердак
Георгий Адамович;Адамович Г.В.;Литературные заметки;Рецензия на художественную книгу;Иванов Г.В.;Русская литература;Эмигрантская литература;;;;Отплытие на остров Цитеру;Последние новости;Париж;Газета;№5906;27.05.1937;2;Подвал
Георгий Адамович;Адамович Г.В.;Литературные заметки;Рецензия на художественную книгу;Ильф И., Петров Е.;Русская литература;Советская литература;;;;Одноэтажная Америка;Последние новости;Париж;Газета;№5906;27.05.1937;2;Подвал
Р.;Калишевич Н.В.;«Евгений Онегин»  на языке Библии;Рецензия на перевод;Шлонский А.;Еврейская литература;XXв.;Русская литература;1/2 XIXв.;Пушкин А.С.;Евгений Онегин;Последние новости;Париж;Газета;№5906;27.05.1937;3;Чердак
Г.А.;Адамович Г.В.;Литература в СССР;Персональная статья;Шухов И.;Русская литература;Советская литература;;;;;Последние новости;Париж;Газета;№5906;27.05.1937;3;Чердак
Г.А.;Адамович Г.В.;Литература в СССР;Рецензия на публикацию;Академия наук;Русская литература;Советская литература;Русская литература;Советская литература;Горький М.;;Последние новости;Париж;Газета;№5906;27.05.1937;3;Чердак
В. Вейдле;Вейдле В.В.;«Процесс без судей»;Рецензия на художественную книгу;Бретано Б. фон;Немецкая литература;XXв.;;;;Prozess ohne Richter;Последние новости;Париж;Газета;№5906;27.05.1937;3;Чердак
Георгий Адамович;Адамович Г.В.;Беспризорник Валетка;Рецензия на художественную книгу;Олесов Ф.;Русская литература;Советская литература;;;;Возвращение;Последние новости;Париж;Газета;№5913;03.06.1937;3;Подвал
В. Вейдле;Вейдле В.В.;Марсель Арлан;Рецензия на художественную книгу;Арлан М.;Французская литература;XXв.;;;;Les plus beaux de nos jours;Последние новости;Париж;Газета;№5913;03.06.1937;3;Чердак
А. Д.;Даманская А.;«Солдатский хлеб»;Рецензия на художественную книгу;Пулай А.;Французская литература;XXв.;;;;;Последние новости;Париж;Газета;№5913;03.06.1937;3;Чердак
Г.А.;Адамович Г.В.;Литература в СССР;Персональная статья;Лавренев Б.А.;Русская литература;Советская литература;;;;;Последние новости;Париж;Газета;№5913;03.06.1937;3;Чердак
Г.А.;Адамович Г.В.;Литература в СССР;Персональная статья;Безыменский А.;Русская литература;Советская литература;;;;;Последние новости;Париж;Газета;№5913;03.06.1937;3;Чердак
Г.А.;Адамович Г.В.;Литература в СССР;Рецензия на издание;;Русская литература;Советская литература;;;;Литературное наследство;Последние новости;Париж;Газета;№5913;03.06.1937;3;Чердак
Ив. Бунин;Бунин И.А.;А. И. Куприн;Персональная статья;Куприн А.И.;Русская литература;Эмигрантская литература;;;;;Последние новости;Париж;Газета;№5915;05.06.1937;2;Подвал
Р. Словцов;Калишевич Н.В.;История и техника полицейского ро- мана;Рецензия на исследование;Фоск Ф.;Французская литература;XXв.;;;;Histoire et technique du roman policier;Последние новости;Париж;Газета;№5918;08.06.1937;3;Подвал
Георгий Адамович;Адамович Г.В.;Литературные заметки;Рецензия на художественную книгу;Мережковский Д.С.;Русская литература;Эмигрантская литература;;;;Павел и Августин;Последние новости;Париж;Газета;№5920;10.06.1937;3;Подвал
Г.А.;Адамович Г.В.;Литература в СССР;Рецензия на публикацию;Литературная газета;Русская литература;Советская литература;Русская литература;1/2 XIXв.;Пушкин А.С.;;Последние новости;Париж;Газета;№5920;10.06.1937;3;Чердак
Г.А.;Адамович Г.В.;Литература в СССР;Рецензия на художественную книгу;Панферов Ф.;Русская литература;Советская литература;;;;Творчество;Последние новости;Париж;Газета; №5920;10.06.1937;3;Чердак
Г.А.;Адамович Г.В.;Литература в СССР;Персональная статья;Безыменский А.;Русская литература;Советская литература;;;;;Последние новости;Париж;Газета;№5920;10.06.1937;3;Чердак
К.;;Первый том академического Пушкина;Рецензия на публикацию;;Русская литература;Советская литература;Русская литература;1/2 XIXв.;Пушкин А.С.;;Последние новости;Париж;Газета;№5920;10.06.1937;3;Чердак
Б/а;Б/а;Умер поэт Д.М. Ратгауз;Некролог;Ратгауз Д.М.;Русская литература;Эмигрантская литература;;;;;Последние новости;Париж;Газета;№5920;10.06.1937;3;Чердак
Ю. Сазонова;Сазонова Ю.Л.;Тайны Африки;Рецензия на художественную книгу;Соваж М.;Французская литература;XXв.;;;;Les Secrets de l’Afrique Noire;Последние новости;Париж;Газета;№5922;12.06.1937;3;Подвал
Ив. Бунин;Бунин И.А.;Вера Толстого;Персональная статья;Толстой Л.Н.;Русская литература;2/2 XIXв.;;;;;Последние новости;Париж;Газета;№5926;16.06.1937;2;Подвал
Р. Словцов;Калишевич Н.В.;Современники о Пушкине;Рецензия на публикацию;ГИХЛ;Русская литература;Советская литература;Русская литература;1/2 XIXв.;Пушкин А.С.;Пушкин в воспоминаниях и рассказах современников;Последние новости;Париж;Газета;№5927;17.06.1937;2;Подвал
Георгий Адамович;Адамович Г.В.;Литературные заметки;Рецензия на художественную книгу;Монахиня Мария;Русская литература;Эмигрантская литература;;;;Стихи;Последние новости;Париж;Газета;№5927;17.06.1937;3;Подвал
Георгий Адамович;Адамович Г.В.;Литературные заметки;Рецензия на художественную книгу;Червинская Л.Д.;Русская литература;Эмигрантская литература;;;;Рассветы;Последние новости;Париж;Газета;№5927;17.06.1937;3;Подвал
Г.А.;Адамович Г.В.;70-летие К. Д. Бальмонта;Юбилейная статья;Бальмонт К.Д.;Русская литература;Эмигрантская литература;;;;;Последние новости;Париж;Газета;№5927;17.06.1937;3;Чердак
А. Плещеев;;З. Н. Некрасова;Персональная статья;Некрасова З.Н.;Русская литература;2/2 XIXв.;;;;;Последние новости;Париж;Газета;№5930;20.06.1937;3;Подвал
Георгий Адамович;Адамович Г.В.;Советский святой;Некролог;Островский Н.;Русская литература;Советская литература;;;;;Последние новости;Париж;Газета;№5934;24.06.1937;2;Подвал
Г.А.;Адамович Г.В.;Литература в СССР;Рецензия на публикацию;Литературный архив;Русская литература;Советская литература;Русская литература;2/2 XIXв.;Гончаров И.А.;;Последние новости;Париж;Газета;№5934;24.06.1937;3;Чердак
Г.А.;Адамович Г.В.;Литература в СССР;Рецензия на художественную книгу;Асеев Н.;Русская литература;Советская литература;;;;Маяковский;Последние новости;Париж;Газета;№5934;24.06.1937;3;Чердак
Евг. Ананьин;;Джакомо Леопарди;Юбилейная статья;Леопарди Д.;Итальянская литература;1/2 XIXв.;;;;;Последние новости;Париж;Газета;№5934;24.06.1937;3;Чердак
М. Вишняк;Вишняк М.;Леон Блюм — критик, литературный и театральный;Персональная статья;Блюм Л.;Французская литература;XXв.;;;;;Последние новости;Париж;Газета;№5935;25.06.1937;2;Подвал
Георгий Адамович;Адамович Г.В.;Литературные заметки;Рецензия на художественную книгу;Ходасевич В.Ф.;Русская литература;Эмигрантская литература;;;;О Пушкине;Последние новости;Париж;Газета;№5941;01.07.1937;3;Подвал
Георгий Адамович;Адамович Г.В.;Литературные заметки;Рецензия на художественную книгу;Арсеньева-Чассинг Л.;Русская литература;Эмигрантская литература;;;;Концерт;Последние новости;Париж;Газета;№5941;01.07.1937;3;Подвал
В. Вейдле;Вейдле В.В.;Новый роман Рамюза;Рецензия на художественную книгу;Рамюз Ш.;Французская литература;XXв.;;;;Le Garçon savoyard;Последние новости;Париж;Газета;№5941;01.07.1937;3;Чердак
Г.А.;Адамович Г.В.;Литература в СССР;Персональная статья;Лебединский Ю.;Русская литература;Советская литература;;;;;Последние новости;Париж;Газета;№5941;01.07.1937;3;Чердак
Мих. Ос.;Ильин M.A.;Пушкин в Италии;Рецензия на исследование;Институт изучения Восточной Европы;Итальянская литература;XXв.;;;;Alessandro Puskin nel primo centenario della morte;Последние новости;Париж;Газета;№5948;08.07.1937;2;Подвал
С.;Калишевич Н.В.;Книга о Д.Н. Мамине-Сибиряке;Рецензия на публикацию;;Русская литература;Советская литература;Русская литература;Начало XXв.;Мамин-Сибиряк Д.Н.;Воспоминания о Д.Н. Мамине-Сибиряке;Последние новости;Париж;Газета;№5948;08.07.1937;3;Чердак
Н. Ст.;Ильин M.A.;Литература в СССР;Обзорная статья;;Русская литература;Советская литература;;;;;Последние новости;Париж;Газета;№5948;08.07.1937;3;Чердак
—ъ;Адамович Г.В.;Н. М. Минский;Некролог;Минский Н.М.;Русская литература;Эмигрантская литература;;;;;Последние новости;Париж;Газета;№5948;08.07.1937;3;Чердак
Н. Ст.;Ильин M.A.;Литература в СССР;Персональная статья;Корнилов Б.;Русская литература;Советская литература;;;;;Последние новости;Париж;Газета;№5955;15.07.1937;3;Чердак
Н. Ст.;Ильин M.A.;Литература в СССР;Обзорная статья;;Русская литература;Советская литература;;;;;Последние новости;Париж;Газета;№5962;22.07.1937;3;Чердак
С.;Калишевич Н.В.;Забытый поэт;Рецензия на публикацию;Советский писатель;Русская литература;Советская литература;Русская литература;2/2 XIXв.;Шумахер П.В.;П. В. Шумахер. Стихотворения и сатиры;Последние новости;Париж;Газета;№5962;22.07.1937;3;Чердак
Н. К—гъ;Кнорринг Н.Н.;Морские рассказы;Рецензия на художественную книгу;Гефтер А.А.;Русская литература;Советская литература;;;;Москва;Последние новости;Париж;Газета;№5962;22.07.1937;3;Чердак
Р. Словцов;Калишевич Н.В.;Переписка Чехова с Книппер;Рецензия на публикацию;ГИХЛ;Русская литература;Советская литература;Русская литература;2/2 XIXв.;Чехов А.П.;Переписка А.П. Чехова и О.Л. Книппер;Последние новости;Париж;Газета;№5969;29.07.1937;3;Подвал
С.;Калишевич Н.В.;Рукописи Пушкина;Рецензия на публикацию;Академия наук;Русская литература;Советская литература;Русская литература;1/2 XIXв.;Пушкин А.С.;Рукописи Пушкина, хранящиеся в Пушкинском доме;Последние новости;Париж;Газета;№5969;29.07.1937;3;Чердак
Н. Ст.;Ильин M.A.;Литература в СССР;Рецензия на издание;;Русская литература;Советская литература;;;;Красная новь;Последние новости;Париж;Газета;№5969;29.07.1937;3;Чердак
Ю. Сазонова;Сазонова Ю.Л.;В театре;Рецензия на художественную книгу;Кокто Ж.;Французская литература;XXв.;;;;Эдип;Последние новости;Париж;Газета;№5971;31.07.1937;3;Подвал
Р. Словцов;Калишевич Н.В.;Спутники Пушкина;Рецензия на исследование;Вересаев В.В.;Русская литература;Советская литература;Русская литература;1/2 XIXв.;Пушкин А.С.;В.Вересаев. Спутники Пушкина;Последние новости;Париж;Газета;№5974;03.08.1937;3;Подвал
Р. Словцов;Калишевич Н.В.;Московские красавиц пушкинской поры;Рецензия на исследование;Вересаев В.В.;Русская литература;Советская литература;Русская литература;1/2 XIXв.;Пушкин А.С.;В.Вересаев. Спутники Пушкина;Последние новости;Париж;Газета;№5976;05.08.1937;2;Подвал
Георгий Адамович;Адамович Г.В.;«Путешествие Глеба»;Рецензия на художественную книгу;Зайцев Б.К.;Русская литература;Эмигрантская литература;;;;Путешествие Глеба;Последние новости;Париж;Газета;№5976;05.08.1937;3;Подвал
Г.А.;Адамович Г.В.;Литература в СССР;Обзорная статья;;Русская литература;Советская литература;;;;;Последние новости;Париж;Газета;№5976;05.08.1937;3;Чердак
А. Д.;Даманская А.;«Лже-Нерон»;Рецензия на художественную книгу;Фейхтвангер Л.;Немецкая литература;XXв.;;;;Der falsche Nero;Последние новости;Париж;Газета;№5976;05.08.1937;3;Чердак
С.;Калишевич Н.В.;Собрание сочинений Решетникова;Рецензия на публикацию;Свердловское областное издательство;Русская литература;Советская литература;Русская литература;2/2 XIXв.;Решетников Ф.М.;Ф.М. Решетников. Полное собрание сочинений;Последние новости;Париж;Газета;№5976;05.08.1937;3;Чердак
Р. Словцов;Калишевич Н.В.;Люди и звери;Рецензия на художественную книгу;Мунте А.;Шведская литература;XXв.;;;;Hommes et bêtes;Последние новости;Париж;Газета;№5981;10.08.1937;4;Подвал
Георгий Адамович;Адамович Г.В.;Андрэ Жид и Россия;Рецензия на художественную книгу;Жид А.;Французская литература;XXв.;;;;Retouches;Последние новости;Париж;Газета;№5983;12.08.1937;2;Подвал
С.;Калишевич Н.В.;Первый «деклассирвоанный» поэт;Рецензия на исследование;Советский писатель;Русская литература;Советская литература;Русская литература;1/2 XIXв.;Милонов М.В.;;Последние новости;Париж;Газета;№5983;12.08.1937;3;Чердак
Г.А.;Адамович Г.В.;Литература в СССР;Персональная статья;Орешин П.;Русская литература;Советская литература;;;;;Последние новости;Париж;Газета;№5983;12.08.1937;3;Чердак
Р. Словцов;Калишевич Н.В.;Частушки и гармонь;Рецензия на издание;;Русская литература;Советская литература;;;;Волжский фольклор;Последние новости;Париж;Газета;№5983;12.08.1937;3;Подвал
С. Н.;;«Москва 1937»;Рецензия на художественную книгу;Фейхтвангер Л.;Немецкая литература;XXв.;;;;Москва 1937;Последние новости;Париж;Газета;№5984;13.08.1937;3;Подвал
Р. Словцов;Калишевич Н.В.;Комментарии к Некрасову;Рецензия на публикацию;Академия;Русская литература;Советская литература;Русская литература;2/2 XIXв.;Некрасов Н.А.;Н.А. Некрасов. Полное собрание сочинений;Последние новости;Париж;Газета;№5990;19.08.1937;2;Подвал
Георгий Адамович;Адамович Г.В.;«Русские Записки»;Рецензия на художественную книгу;Алданов М.А.;Русская литература;Эмигрантская литература;;;;Линия Брунгильды;Последние новости;Париж;Газета;№5990;19.08.1937;3;Подвал
Георгий Адамович;Адамович Г.В.;«Русские Записки»;Рецензия на художественную книгу;Давыдов К.;Русская литература;Эмигрантская литература;;;;Перелет птиц;Последние новости;Париж;Газета;№5990;19.08.1937;3;Подвал
Георгий Адамович;Адамович Г.В.;«Русские Записки»;Рецензия на художественную книгу;Ладинский А.П.;Русская литература;Эмигрантская литература;;;;Стихи;Последние новости;Париж;Газета;№5990;19.08.1937;3;Подвал
Георгий Адамович;Адамович Г.В.;«Русские Записки»;Рецензия на художественную книгу;Кнут Д.;Русская литература;Эмигрантская литература;;;;Стихи;Последние новости;Париж;Газета;№5990;19.08.1937;3;Подвал
Георгий Адамович;Адамович Г.В.;«Русские Записки»;Рецензия на художественную книгу;Кельберин Л.;Русская литература;Эмигрантская литература;;;;Стихи;Последние новости;Париж;Газета;№5990;19.08.1937;3;Подвал
Георгий Адамович;Адамович Г.В.;«Русские Записки»;Рецензия на художественную книгу;Софиев Ю.;Русская литература;Эмигрантская литература;;;;Стихи;Последние новости;Париж;Газета;№5990;19.08.1937;3;Подвал
Георгий Адамович;Адамович Г.В.;«Русские Записки»;Рецензия на художественную книгу;Несмелов А.;Русская литература;Эмигрантская литература;;;;Стихи;Последние новости;Париж;Газета;№5990;19.08.1937;3;Подвал
Г.А.;Адамович Г.В.;Литература в СССР;Рецензия на художественную книгу;Горький М.;Русская литература;Советская литература;;;;Клим Самгин;Последние новости;Париж;Газета;№5990;19.08.1937;5;Чердак
Б/а;Б/а;Красноармейский фольклор;Рецензия на издание;Сидельников В.М.;Русская литература;Советская литература;;;;Красноармейский фольклор;Последние новости;Париж;Газета;№5990;19.08.1937;5;Чердак
С.;Калишевич Н.В.;Старый русский водевиль;Рецензия на издание;Художественная литература;Русская литература;Советская литература;;;;Старый русский водевиль;Последние новости;Париж;Газета;№5990;19.08.1937;5;Чердак
Ю. Сазонова;Сазонова Ю.Л.;«Демон добра»;Персональная статья;Монтерлан А. де;Французская литература;XXв.;;;;;Последние новости;Париж;Газета;№5992;21.08.1937;3;Подвал
Р. Словцов;Калишевич Н.В.;Болдино;Рецензия на публикацию;Горьковское областное издательство;Русская литература;Советская литература;Русская литература;1/2 XIXв.;Пушкин А.С.;Пушкин в Болдино;Последние новости;Париж;Газета;№5995;24.08.1937;2;Подвал
Георгий Адамович;Адамович Г.В.;Ощупью;Обзорная статья;;Русская литература;Советская литература;;;;;Последние новости;Париж;Газета;№5997;26.08.1937;3;Подвал
Г.А.;Адамович Г.В.;Литература в СССР;Обзорная статья;;Русская литература;Советская литература;;;;;Последние новости;Париж;Газета;№5997;26.08.1937;3;Чердак
Арсений Мерич;Даманская А.;Эрвин Кольбенгейер;Персональная статья;Кольбенхайер Г.;Немецкая литература;XXв.;;;;;Последние новости;Париж;Газета;№5997;26.08.1937;3;Чердак
Р. Словцов;Калишевич Н.В.;Толстой в Севастополе;Рецензия на публикацию;Художественная литература;Русская литература;Советская литература;Русская литература;2/2 XIXв.;Толстой Л.Н.;Л.Н. Толстой. Полное собрание сочинений. Том 47;Последние новости;Париж;Газета;№6002;31.08.1937;3;Подвал
Р. Словцов;Калишевич Н.В.;«Праздник кабацких ярыжек»;Рецензия на исследование;Андрианова-Перетц В.П.;Русская литература;Советская литература;;;;Очерки истории русской сатирической литературы;Последние новости;Париж;Газета;№6004;02.09.1937;2;Подвал
Мих. Ос.;Ильин M.A.;«Земля-именинница»;Рецензия на художественную книгу;Никифоров В.;Русская литература;Эмигрантская литература;;;;Земля-именинница;Последние новости;Париж;Газета;№6004;02.09.1937;3;Чердак
С.;Калишевич Н.В.;Гаршин и его время;Рецензия на исследование;Бялый Г.А.;Русская литература;Советская литература;Русская литература;2/2 XIXв.;Гаршин В.М.;Г.А. Бялый. В.М. Гарин и литературная борьба восьмидесятых годов;Последние новости;Париж;Газета;№6004;02.09.1937;3;Чердак
Г.А.;Адамович Г.В.;«Поколен-борода и ясные соколы»;Рецензия на художественную книгу;Крюкова М.С.;Русская литература;Советская литература;;;;Поэма о Шмидте и челюскинцах;Последние новости;Париж;Газета;№6004;02.09.1937;3;Чердак
Георгий Адамович;Адамович Г.В.;«Жребий Пушкина»;Рецензия на статью;Булгаков С.;Русская литература;Эмигрантская литература;Русская литература;1/2 XIXв.;Пушкин А.С.;;Последние новости;Париж;Газета;№6004;02.09.1937;3;Подвал
Ю. Сазонова;Сазонова Ю.Л.;Личность писателя;Обзорная статья;;Общее;Общее;;;;;Последние новости;Париж;Газета;№6004;02.09.1937;4;Подвал
Мих. Осоргин;Ильин M.A.;Почему мы пишем?;Обзорная статья;;Русская литература;Эмигрантская литература;;;;;Последние новости;Париж;Газета;№6011;09.09.1937;2;Подвал
Георгий Адамович;Адамович Г.В.;Литературные заметки;Рецензия на художественную книгу;Шаршун С.И.;Русская литература;Эмигрантская литература;;;;Заячье сердце;Последние новости;Париж;Газета;№6011;09.09.1937;3;Подвал
Георгий Адамович;Адамович Г.В.;Литературные заметки;Рецензия на художественную книгу;Браславский А.;Русская литература;Эмигрантская литература;;;;Стихотворения;Последние новости;Париж;Газета;№6011;09.09.1937;3;Подвал
Георгий Адамович;Адамович Г.В.;Литературные заметки;Рецензия на художественную книгу;Прегель С.;Русская литература;Эмигрантская литература;;;;Солнечный произвол;Последние новости;Париж;Газета;№6011;09.09.1937;3;Подвал
Георгий Адамович;Адамович Г.В.;Литература в СССР;Персональная статья;Бабель И.Э.;Русская литература;Советская литература;;;;;Последние новости;Париж;Газета;№6011;09.09.1937;3;Подвал
Георгий Адамович;Адамович Г.В.;Литература в СССР;Рецензия на художественную книгу;Вирт Н.;Русская литература;Советская литература;;;;Закономерность;Последние новости;Париж;Газета;№6011;09.09.1937;3;Подвал
—чъ;Адамович Г.В.;Горький о Толстом;Рецензия на публикацию;Литературная газета;Русская литература;Советская литература;Русская литература;Советская литература;Горький М.;Воспоминания;Последние новости;Париж;Газета;№6011;09.09.1937;3;Чердак
Б/а;Б/а;Новая книга Маллармэ;Рецензия на публикацию;;Французская литература;XXв.;Французская литература;2/2 XIXв.;Малларме С.;;Последние новости;Париж;Газета;№6011;09.09.1937;3;Чердак
М. Алданов;Алданов М.А.;Печоринский роман Толстого;Рецензия на публикацию;Художественная литература;Русская литература;Советская литература;Русская литература;2/2 XIXв.;Толстой Л.Н.;Полное собрание сочинений. Т. 47;Последние новости;Париж;Газета;№6014;12.09.1937;3;Подвал
М. Алданов;Алданов М.А.;Печоринский роман Толстого;Рецензия на публикацию;Художественная литература;Русская литература;Советская литература;Русская литература;2/2 XIXв.;Толстой Л.Н.;Полное собрание сочинений. Т. 47;Последние новости;Париж;Газета;№6016;14.09.1937;2;Подвал
Ю. Сазонова;Сазонова Ю.Л.;Авторские признания;Обзорная статья;;Общее;Общее;;;;;Последние новости;Париж;Газета;№6016;14.09.1937;4;Подвал
М. Алданов;Алданов М.А.;Печоринский роман Толстого;Рецензия на публикацию;Художественная литература;Русская литература;Советская литература;Русская литература;2/2 XIXв.;Толстой Л.Н.;Полное собрание сочинений. Т. 47;Последние новости;Париж;Газета;№6018;16.09.1937;2;Подвал
Г.А.;Адамович Г.В.;Литература в СССР;Рецензия на художественную книгу;Панферов Ф.;Русская литература;Советская литература;;;;Творчество;Последние новости;Париж;Газета;№6018;16.09.1937;3;Чердак
Георгий Адамович;Адамович Г.В.;В защиту культуры;Рецензия на статью;;Французская литература;XXв.;;;;Сommune;Последние новости;Париж;Газета;№6018;16.09.1937;3;Подвал
М. Алданов;Алданов М.А.;Печоринский роман Толстого;Рецензия на публикацию;Художественная литература;Русская литература;Советская литература;Русская литература;2/2 XIXв.;Толстой Л.Н.;Полное собрание сочинений. Т. 47;Последние новости;Париж;Газета;№6021;19.09.1937;3;Подвал
Р. Словцов;Калишевич Н.В.;Лев Толстой в Париже;Рецензия на публикацию;Художественная литература;Русская литература;Советская литература;Русская литература;2/2 XIXв.;Толстой Л.Н.;Полное собрание сочинений. Т. 47;Последние новости;Париж;Газета;№6023;21.09.1937;4;Подвал
Георгий Адамович;Адамович Г.В.;Литературные заметки;Рецензия на статью;Бунин И.А.;Русская литература;Эмигрантская литература;Русская литература;2/2 XIXв.;Толстой Л.Н.;Освобождение Толстого;Последние новости;Париж;Газета;№6025;23.09.1937;3;Подвал
А. Ш.;Швыров А.В.;Китайские сказки;Рецензия на издание;Эбергард В.;Английская литература;XXв.;Китайская литература;Фольклор;;Chinese Fairy Tales ;Последние новости;Париж;Газета;№6025;23.09.1937;3;Чердак
М.;;«Белая сирень»;Рецензия на художественную книгу;Рощин Н.;Русская литература;Эмигрантская литература;;;;Белая сирень;Последние новости;Париж;Газета;№6025;23.09.1937;3;Чердак
Г.А.;Адамович Г.В.;Литература в СССР;Рецензия на художественную книгу;Толстой А.Н.;Русская литература;Советская литература;;;;Оборона Царицына;Последние новости;Париж;Газета;№6025;23.09.1937;3;Чердак
Г.А.;Адамович Г.В.;Литература в СССР;Персональная статья;Борн Т.;Русская литература;Советская литература;;;;;Последние новости;Париж;Газета;№6025;23.09.1937;3;Чердак
Р. Словцов;Калишевич Н.В.;Лев Толстой в Париже;Рецензия на публикацию;Художественная литература;Русская литература;Советская литература;Русская литература;2/2 XIXв.;Толстой Л.Н.;Полное собрание сочинений. Т. 47;Последние новости;Париж;Газета;№6025;23.09.1937;4;Подвал
Ю. Сазонова;Сазонова Ю.Л.;Хвала Чаусеру;Рецензия на художественную книгу;Честертон Г.;Английская литература;XXв.;;;;Chaucer;Последние новости;Париж;Газета;№6027;25.09.1937;2;Подвал
М. Алданов;Алданов М.А.;Печоринский роман Толстого;Рецензия на публикацию;Художественная литература;Русская литература;Советская литература;Русская литература;2/2 XIXв.;Толстой Л.Н.;Полное собрание сочинений. Т. 47;Последние новости;Париж;Газета;№6028;26.09.1937;3;Подвал
Р. Словцов;Калишевич Н.В.;Вокруг смерти Пушкина;Рецензия на исследование;Академия наук;Русская литература;Советская литература;Русская литература;1/2 XIXв.;Пушкин А.С.;Пушкин. Временник Пушкинской комиссии;Последние новости;Париж;Газета;№6032;30.09.1937;2;Подвал
Георгий Адамович;Адамович Г.В.;Дневник безработного интеллигента;Рецензия на художественную книгу;Гурмон Р. де;Французская литература;XXв.;;;;Journal d’un intellectuel en chomage;Последние новости;Париж;Газета;№6032;30.09.1937;3;Подвал
Г.А.;Адамович Г.В.;Литература в СССР;Обзорная статья;;Русская литература;Советская литература;;;;;Последние новости;Париж;Газета;№6032;30.09.1937;3;Чердак
Мих. Осоргин;Ильин M.A.;Литературные размышления;Персональная статья;Пушкин А.С.;Русская литература;1/2 XIXв.;;;;;Последние новости;Париж;Газета;№6036;04.10.1937;2;Подвал
Мих. Осоргин;Ильин M.A.;Литературные размышления;Персональная статья;Лермонтов М.Ю.;Русская литература;1/2 XIXв.;;;;;Последние новости;Париж;Газета;№6036;04.10.1937;2;Подвал
Георгий Адамович;Адамович Г.В.;«Современные записки». Кн. 64.;Рецензия на художественную книгу;Берберова Н.Н.;Русская литература;Эмигрантская литература;;;;Лакей и девка;Последние новости;Париж;Газета;№6039;07.10.1937;3;Подвал
Георгий Адамович;Адамович Г.В.;«Современные записки». Кн. 64.;Рецензия на художественную книгу;Газданов Г.И.;Русская литература;Эмигрантская литература;;;;Воспоминания;Последние новости;Париж;Газета;№6039;07.10.1937;3;Подвал
Георгий Адамович;Адамович Г.В.;«Современные записки». Кн. 64.;Рецензия на художественную книгу;Сирин В. (Набоков В.В.);Русская литература;Эмигрантская литература;;;;Дар;Последние новости;Париж;Газета;№6039;07.10.1937;3;Подвал
Георгий Адамович;Адамович Г.В.;«Современные записки». Кн. 64.;Рецензия на художественную книгу;Ладинский А.П.;Русская литература;Эмигрантская литература;;;;Стихи;Последние новости;Париж;Газета;№6039;07.10.1937;3;Подвал
Георгий Адамович;Адамович Г.В.;«Современные записки». Кн. 64.;Рецензия на художественную книгу;Кнут Д.;Русская литература;Эмигрантская литература;;;;Стихи;Последние новости;Париж;Газета;№6039;07.10.1937;3;Подвал
Георгий Адамович;Адамович Г.В.;«Современные записки». Кн. 64.;Рецензия на художественную книгу;Струве Г.;Русская литература;Эмигрантская литература;;;;Стихи;Последние новости;Париж;Газета;№6039;07.10.1937;3;Подвал
Георгий Адамович;Адамович Г.В.;«Современные записки». Кн. 64.;Рецензия на художественную книгу;Мандельштам Ю.В.;Русская литература;Эмигрантская литература;;;;Стихи;Последние новости;Париж;Газета;№6039;07.10.1937;3;Подвал
Георгий Адамович;Адамович Г.В.;«Современные записки». Кн. 64.;Рецензия на художественную книгу;Головина А.С.;Русская литература;Эмигрантская литература;;;;Стихи;Последние новости;Париж;Газета;№6039;07.10.1937;3;Подвал
Георгий Адамович;Адамович Г.В.;«Современные записки». Кн. 64.;Рецензия на художественную книгу;Прегель С.;Русская литература;Эмигрантская литература;;;;Стихи;Последние новости;Париж;Газета;№6039;07.10.1937;3;Подвал
Георгий Адамович;Адамович Г.В.;«Современные записки». Кн. 64.;Рецензия на художественную книгу;Присманова А.;Русская литература;Эмигрантская литература;;;;Стихи;Последние новости;Париж;Газета;№6039;07.10.1937;3;Подвал
Георгий Адамович;Адамович Г.В.;«Современные записки». Кн. 64.;Рецензия на художественную книгу;Терапиано Ю.К.;Русская литература;Эмигрантская литература;;;;Стихи;Последние новости;Париж;Газета;№6039;07.10.1937;3;Подвал
Георгий Адамович;Адамович Г.В.;«Современные записки». Кн. 64.;Рецензия на художественную книгу;Штейгер А.С.;Русская литература;Эмигрантская литература;;;;Стихи;Последние новости;Париж;Газета;№6039;07.10.1937;3;Подвал
Георгий Адамович;Адамович Г.В.;«Современные записки». Кн. 64.;Рецензия на статью;Цветаева М.И.;Русская литература;Эмигрантская литература;Русская литература;1/2 XIXв.;Пушкин А.С.;Мой Пушкин;Последние новости;Париж;Газета;№6039;07.10.1937;3;Подвал
Георгий Адамович;Адамович Г.В.;«Современные записки». Кн. 64.;Рецензия на статью;Иванов Вяч.;Русская литература;Эмигрантская литература;Русская литература;1/2 XIXв.;Пушкин А.С.;;Последние новости;Париж;Газета;№6039;07.10.1937;3;Подвал
А.;Адамович Г.В.;Записная книжка Гоголя;Рецензия на публикацию;;Русская литература;Советская литература;Русская литература;1/2 XIXв.;Гоголь Н.В.;;Последние новости;Париж;Газета;№6039;07.10.1937;3;Чердак
С.;Калишевич Н.В.;Некрасов — драматург;Рецензия на публикацию;Искусство;Русская литература;Советская литература;Русская литература;2/2 XIXв.;Некрасов Н.А.;Н.А. Некрасова. Драматические произведения;Последние новости;Париж;Газета;№6039;07.10.1937;3;Чердак
Г.А.;Адамович Г.В.;Литература в СССР;Персональная статья;Черноморцев Л.;Русская литература;Советская литература;;;;;Последние новости;Париж;Газета;№6039;07.10.1937;3;Чердак
Георгий Адамович;Адамович Г.В.;Литературные заметки;Рецензия на издание;;Русская литература;Советская литература;;;;Бодрость;Последние новости;Париж;Газета;№6046;14.10.1937;3;Подвал
Г.А.;Адамович Г.В.;Литература в СССР;Персональная статья;Горький М.;Русская литература;Советская литература;;;;;Последние новости;Париж;Газета;№6046;14.10.1937;3;Чердак
Ю. Сазонова;Сазонова Ю.Л.;Полицейские романы;Обзорная статья;;Общее;Общее;;;;;Последние новости;Париж;Газета;№6048;16.10.1937;3;Подвал
Мих. Осоргин;Ильин M.A.;Литературные размышления;Персональная статья;Чехов А.П.;Русская литература;2/2 XIXв.;;;;;Последние новости;Париж;Газета;№6051;19.10.1937;2;Подвал
Мих. Осоргин;Ильин M.A.;Литературные размышления;Персональная статья;Лермонтов М.Ю.;Русская литература;1/2 XIXв.;;;;;Последние новости;Париж;Газета;№6051;19.10.1937;2;Подвал
Мих. Ос.;Ильин M.A.;Горький — учитель;Персональная статья;Горький М.;Русская литература;Советская литература;;;;;Последние новости;Париж;Газета;№6053;21.10.1937;3;Чердак
—овичъ;Адамович Г.В.;«Сверчок»;Рецензия на издание;;Русская литература;Эмигрантская литература;;;;Сверчок;Последние новости;Париж;Газета;№6053;21.10.1937;3;Чердак
Г.А.;Адамович Г.В.;Литература в СССР;Рецензия на художественную книгу;Павленко П.А.;Русская литература;Советская литература;;;;Шамиль;Последние новости;Париж;Газета;№6053;21.10.1937;3;Чердак
Г.А.;Адамович Г.В.;Литература в СССР;Персональная статья;Шагинян М.С.;Русская литература;Советская литература;;;;;Последние новости;Париж;Газета;№6053;21.10.1937;3;Чердак
Георгий Адамович;Адамович Г.В.;Литературные заметки;Рецензия на художественную книгу;Туроверов Н.;Русская литература;Эмигрантская литература;;;;Стихи;Последние новости;Париж;Газета;№6060;28.10.1937;3;Подвал
Георгий Адамович;Адамович Г.В.;Литературные заметки;Рецензия на художественную книгу;Перфильев  А.;Русская литература;Эмигрантская литература;;;;Ветер с юга;Последние новости;Париж;Газета;№6060;28.10.1937;3;Подвал
Георгий Адамович;Адамович Г.В.;Литературные заметки;Рецензия на художественную книгу;Рогаля-Левицкий Ю.;Русская литература;Эмигрантская литература;;;;Стихи;Последние новости;Париж;Газета;№6060;28.10.1937;3;Подвал
Георгий Адамович;Адамович Г.В.;Литературные заметки;Рецензия на художественную книгу; Снесарева-Козакова Н.;Русская литература;Эмигрантская литература;;;;Рыцари Белого ордена;Последние новости;Париж;Газета;№6060;28.10.1937;3;Подвал
Георгий Адамович;Адамович Г.В.;Литературные заметки;Рецензия на издание;;Русская литература;Эмигрантская литература;;;;Скит;Последние новости;Париж;Газета;№6060;28.10.1937;3;Подвал
С.;Калишевич Н.В.;Академический Гоголь;Рецензия на публикацию;Академия наук;Русская литература;Советская литература;Русская литература;1/2 XIXв.;Гоголь Н.В.;;Последние новости;Париж;Газета;№6060;28.10.1937;3;Чердак
Г.А.;Адамович Г.В.;Литература в СССР;Рецензия на художественную книгу;Шолохов М.М.;Русская литература;Советская литература;;;;Тихий Дон;Последние новости;Париж;Газета;№6060;28.10.1937;3;Чердак
Н. К—гъ;Кнорринг Н.Н.;Уральский роман;Рецензия на художественную книгу;Правдухин В.;Русская литература;Советская литература;;;;Янк уходить в море;Последние новости;Париж;Газета;№6060;28.10.1937;3;Чердак
Г.А.;Адамович Г.В.;Памяти кн. С.М. Волконского;Некролог;Волконский С.М.;Русская литература;Эмигрантская литература;;;;;Последние новости;Париж;Газета;№6060;28.10.1937;3;Чердак
—овичъ;Адамович Г.В.;«Исполнение желаний» В. Каверина;Рецензия на художественную книгу;Каверин В.А.;Русская литература;Советская литература;;;;Исполнение желаний;Последние новости;Париж;Газета;№6067;04.11.1937;3;Чердак
А. Д.;Даманская А.;«Цветочек», №35;Рецензия на художественную книгу;Карко Ф.;Французская литература;XXв.;;;;Blümelein 35;Последние новости;Париж;Газета;№6067;04.11.1937;3;Чердак
Н.;;Профессор поэтики;Персональная статья;Валери П.;Французская литература;XXв.;;;;;Последние новости;Париж;Газета;№6067;04.11.1937;3;Чердак
Г.А.;Адамович Г.В.;Литература в СССР;Рецензия на статью;Кирпотин В.;Русская литература;Советская литература;;;;;Последние новости;Париж;Газета;№6067;04.11.1937;3;Чердак
Г.А.;Адамович Г.В.;Литература в СССР;Рецензия на художественную книгу;Никулин Л.В.;Русская литература;Советская литература;;;;Порт Артур;Последние новости;Париж;Газета;№6067;04.11.1937;3;Чердак
Р. Словцов;Калишевич Н.В.;Пушкин и музыка;Рецензия на исследование;Эйгес И.;Русская литература;Советская литература;Русская литература;1/2 XIXв.;Пушкин А.С.;И. Эйгес. Музыка в жизни и творчестве Пушкина;Последние новости;Париж;Газета;№6067;04.11.1937;3;Чердак
Р. Словцов;Калишевич Н.В.;Путеводитель по Щедрину;Рецензия на исследование;Ольминский М.С.;Русская литература;Советская литература;Русская литература;2/2 XIXв.;Салтыков-Щедрин М.Е.;М.С. Ольминский. Щедринский словарь;Последние новости;Париж;Газета;№6074;11.11.1937;2;Подвал
Георгий Адамович;Адамович Г.В.;Двадцать лет;Обзорная статья;;Русская литература;Советская литература;;;;;Последние новости;Париж;Газета;№6074;11.11.1937;3;Подвал
Г.А.;Адамович Г.В.;Литература в СССР;Некролог;Чапыгин А.П.;Русская литература;Советская литература;;;;;Последние новости;Париж;Газета;№6074;11.11.1937;3;Чердак
Г.А.;Адамович Г.В.;Литература в СССР;Персональная статья;Толстой А.Н.;Русская литература;Советская литература;;;;;Последние новости;Париж;Газета;№6074;11.11.1937;3;Чердак
Мих. Ос.;Ильин M.A.;«Печать» Корсака;Рецензия на художественную книгу;Корсак В.;Русская литература;Эмигрантская литература;;;;Печать;Последние новости;Париж;Газета;№6074;11.11.1937;3;Чердак
Б/а;Б/а;Мартэн дю Гара;Персональная статья;Гар Р. М. дю;Французская литература;XXв.;;;;;Последние новости;Париж;Газета;№6075;12.11.1937;3;Чердак
Александр Бенуа;Бенуа А.Н.;Воспоминания о кн. С.М. Волконском;Некролог;Волконский С.М.;Русская литература;Эмигрантская литература;;;;;Последние новости;Париж;Газета;№6076;13.11.1937;2;Подвал
Мих. Осоргин;Ильин M.A.;Литературные размышления;Персональная статья;Лесков А.;Русская литература;2/2 XIXв.;;;;;Последние новости;Париж;Газета;№6076;13.11.1937;3;Подвал
Георгий Адамович;Адамович Г.В.;Двадцать лет;Обзорная статья;;Русская литература;Советская литература;;;;;Последние новости;Париж;Газета;№6081;18.11.1937;3;Подвал
Г.А.;Адамович Г.В.;Литература в СССР;Рецензия на художественную книгу;Катаев В.П.;Русская литература;Советская литература;;;;Я, сын трудового народа;Последние новости;Париж;Газета;№6081;18.11.1937;3;Чердак
Мих. Ос.;Ильин M.A.;Mentir…;Рецензия на художественную книгу;Д.Р.;Французская литература;XXв.;;;;Mentir;Последние новости;Париж;Газета;№6081;18.11.1937;3;Чердак
Г.А.;Адамович Г.В.;Роже Мартэн дю Гар;Персональная статья;Гар Р. М. дю;Французская литература;XXв.;;;;;Последние новости;Париж;Газета;№6081;18.11.1937;3;Чердак
Ю. Сазонова;;Личины мира;Персональная статья;Монтерлан А. де;Французская литература;XXв.;;;;;Последние новости;Париж;Газета;№6083;20.11.1937;4;Подвал
Р. Словцов;Калишевич Н.В.;Чего не написал Толстой;Рецензия на публикацию;Художественная литература;Русская литература;Советская литература;Русская литература;2/2 XIXв.;Толстой Л.Н.;Сборник государственного толстовского музея;Последние новости;Париж;Газета;№6088;25.11.1937;2;Подвал
Георгий Адамович;Адамович Г.В.;Литературные заметки;Рецензия на статью;Ходасевич В.Ф.;Русская литература;Эмигрантская литература;;;;;Последние новости;Париж;Газета;№6088;25.11.1937;3;Подвал
Георгий Адамович;Адамович Г.В.;Литературные заметки;Рецензия на художественную книгу;Поплавский Б.Ю.;Русская литература;Эмигрантская литература;;;;Домой с небес;Последние новости;Париж;Газета;№6088;25.11.1937;3;Подвал
Георгий Адамович;Адамович Г.В.;Литературные заметки;Рецензия на художественную книгу;Алферов А.;Русская литература;Эмигрантская литература;;;;Рождение героя;Последние новости;Париж;Газета;№6088;25.11.1937;3;Подвал
Георгий Адамович;Адамович Г.В.;Литературные заметки;Рецензия на статью;Фельзен Ю.;Русская литература;Эмигрантская литература;;;;Разрозненные мысли;Последние новости;Париж;Газета;№6088;25.11.1937;3;Подвал
Георгий Адамович;Адамович Г.В.;Литературные заметки;Рецензия на статью;В. ВейдлеВ.;Русская литература;Эмигрантская литература;;;;Человек против писателя;Последние новости;Париж;Газета;№6088;25.11.1937;3;Подвал
Г.А.;Адамович Г.В.;Литература в СССР;Рецензия на статью;Плиско Н.;Русская литература;Советская литература;;;;В защиту политической поэзии;Последние новости;Париж;Газета;№6088;25.11.1937;3;Чердак
Г.А.;Адамович Г.В.;Литература в СССР;Персональная статья;Пришвин М.М.;Русская литература;Советская литература;;;;;Последние новости;Париж;Газета;№6088;25.11.1937;3;Чердак
Мих. Ос.;Ильин M.A.;Учебники литературы;Обзорная статья;;Русская литература;Советская литература;;;;;Последние новости;Париж;Газета;№6088;25.11.1937;3;Чердак
Мих. Осоргин;Ильин M.A.;Литературные размышления;Рецензия на художественную книгу;Чехов А.П.;Русская литература;2/2 XIXв.;;;;Смерть чиновника;Последние новости;Париж;Газета;№6090;27.11.1937;2;Подвал
Арсений Мерич;Даманская А.;Эльза Ласкер-Шюллер;Персональная статья;Ласкер-Шюллер Э.;Немецкая литература;XXв.;;;;;Последние новости;Париж;Газета;№6092;29.11.1937;3;Подвал
Георгий Адамович;Адамович Г.В.;«Предупреждение Европе»;Рецензия на статью;Манн Т.;Немецкая литература;XXв.;;;;Предупреждение Европе;Последние новости;Париж;Газета;№6095;02.12.1937;3;Подвал
Г.А.;Адамович Г.В.;Литература в СССР;Некролог;Стальский С.;Русская литература;Советская литература;;;;;Последние новости;Париж;Газета;№6095;02.12.1937;3;Чердак
Г.А.;Адамович Г.В.;Литература в СССР;Рецензия на перевод;Вересаев В.В.;Русская литература;Советская литература;Античная литература;;Гомер;Илиада, Одиссея;Последние новости;Париж;Газета;№6095;02.12.1937;3;Чердак
С.;Калишевич Н.В.;Письма Лермонтова;Рецензия на публикацию;Академия;Русская литература;Советская литература;Русская литература;1/2 XIXв.;Лермонтов М.Ю.;;Последние новости;Париж;Газета;№6095;02.12.1937;3;Чердак
Б/а;Б/а;Лорд Галифакс—писатель;Персональная статья;Лорд Галифакс;Английская литература;XXв.;;;;;Последние новости;Париж;Газета;№6095;02.12.1937;3;Чердак
Г.Л.;Лозинский Г.;Проф. А. Вазон о подлинности «Слова о полку Игореве»;Рецензия на статью;Мазон А.;Французская литература;XXв.;Русская литература;Древнерусская;;Слово о полку Игореве;Последние новости;Париж;Газета;№6095;02.12.1937;3;Чердак
Мих. Ос.;Ильин M.A.;В дни Марка Аврелия;Рецензия на художественную книгу;Мазель А.;Французская литература;XXв.;;;;Au temps de Marc Aurèle;Последние новости;Париж;Газета;№6095;02.12.1937;3;Чердак
С.;Калишевич Н.В.;Подлинно ли «Слово о полку Игореве»?;Рецензия на статью;Мазон А.;Французская литература;XXв.;Русская литература;Древнерусская;;Слово о полку Игореве;Последние новости;Париж;Газета;№6097;04.12.1937;2;Чердак
Мих. Осоргин;Ильин M.A.;Литературные размышления;Рецензия на художественную книгу;Пушкин А.С.;Русская литература;1/2 XIXв.;;;;Пиковая дама;Последние новости;Париж;Газета;№6097;04.12.1937;3;Подвал
Георгий Адамович;Адамович Г.В.;Мемуары Андрея Белого;Рецензия на художественную книгу;Белый А.;Русская литература;Советская литература;;;;Между двух революций;Последние новости;Париж;Газета;№6102;09.12.1937;3;Подвал
Б/а;Б/а;Литература в СССР;Рецензия на художественную книгу;Козаков М.М.;Русская литература;Советская литература;;;;Девять точек;Последние новости;Париж;Газета;№6102;09.12.1937;3;Чердак
Б/а;Б/а;Литература в СССР;Рецензия на издание;;Русская литература;Советская литература;;;;Летопись;Последние новости;Париж;Газета;№6102;09.12.1937;3;Чердак
Б/а;Б/а;Литература в СССР;Рецензия на художественную книгу;Катаев В.П.;Русская литература;Советская литература;;;;Белеет парус одинокий;Последние новости;Париж;Газета;№6102;09.12.1937;3;Чердак
Мих. Ос.;Ильин M.A.;«Ораниенбург»;Рецензия на художественную книгу;Гуль Р.;Русская литература;Эмигрантская литература;;;;Ораниенбург;Последние новости;Париж;Газета;№6102;09.12.1937;3;Чердак
Г.А.;Адамович Г.В.;Шарль Плинье;Персональная статья;Плинье Ш.;Бельгийская литература;XXв.;;;;;Последние новости;Париж;Газета;№6102;09.12.1937;3;Чердак
Ю. Сазонова;Сазонова Ю.Л.;«Троянской войны не будет»;Рецензия на художественную книгу;Жироду Ж.;Французская литература;XXв.;;;;Троянской войны не будет;Последние новости;Париж;Газета;№6104;11.12.1937;4;Подвал
Георгий Адамович;Адамович Г.В.;«Русские Записки»;Рецензия на художественную книгу;Сирин В. (Набоков В.В.);Русская литература;Эмигрантская литература;;;;Озеро, облако, башня;Последние новости;Париж;Газета;№6109;16.12.1937;3;Подвал
Георгий Адамович;Адамович Г.В.;«Русские Записки»;Рецензия на художественную книгу;Яновский В.С.;Русская литература;Эмигрантская литература;;;;Двойной нельсон;Последние новости;Париж;Газета;№6109;16.12.1937;3;Подвал
Георгий Адамович;Адамович Г.В.;«Русские Записки»;Рецензия на художественную книгу;Ладинский А.П.;Русская литература;Эмигрантская литература;;;;Борисфен—река скифов;Последние новости;Париж;Газета;№6109;16.12.1937;3;Подвал
Георгий Адамович;Адамович Г.В.;«Русские Записки»;Рецензия на художественную книгу;Зуров Л.Ф.;Русская литература;Эмигрантская литература;;;;Дозор;Последние новости;Париж;Газета;№6109;16.12.1937;3;Подвал
Георгий Адамович;Адамович Г.В.;«Русские Записки»;Рецензия на художественную книгу;Волков Б.Н.;Русская литература;Эмигрантская литература;;;;Степной ворон;Последние новости;Париж;Газета;№6109;16.12.1937;3;Подвал
Георгий Адамович;Адамович Г.В.;«Русские Записки»;Рецензия на художественную книгу;Давыдов А.;Русская литература;Эмигрантская литература;;;;Тяга вальдшнепов;Последние новости;Париж;Газета;№6109;16.12.1937;3;Подвал
Георгий Адамович;Адамович Г.В.;«Русские Записки»;Рецензия на художественную книгу;Гиппиус З.Н.;Русская литература;Эмигрантская литература;;;;Стихи;Последние новости;Париж;Газета;№6109;16.12.1937;3;Подвал
Георгий Адамович;Адамович Г.В.;«Русские Записки»;Рецензия на художественную книгу;Мамченко В.;Русская литература;Эмигрантская литература;;;;Стихи;Последние новости;Париж;Газета;№6109;16.12.1937;3;Подвал
Георгий Адамович;Адамович Г.В.;«Русские Записки»;Рецензия на художественную книгу;Мандельштам Ю.В.;Русская литература;Эмигрантская литература;;;;Стихи;Последние новости;Париж;Газета;№6109;16.12.1937;3;Подвал
Георгий Адамович;Адамович Г.В.;«Русские Записки»;Рецензия на художественную книгу;Ставров П.С.;Русская литература;Эмигрантская литература;;;;Стихи;Последние новости;Париж;Газета;№6109;16.12.1937;3;Подвал
Георгий Адамович;Адамович Г.В.;«Русские Записки»;Рецензия на художественную книгу;Цветаева М.И.;Русская литература;Эмигрантская литература;;;;Стихи;Последние новости;Париж;Газета;№6109;16.12.1937;3;Подвал
Георгий Адамович;Адамович Г.В.;«Русские Записки»;Рецензия на художественную книгу;Штейгер А.С.;Русская литература;Эмигрантская литература;;;;Стихи;Последние новости;Париж;Газета;№6109;16.12.1937;3;Подвал
Г.А.;Адамович Г.В.;Литература в СССР;Рецензия на художественную книгу;Рахмасов Л.;Русская литература;Советская литература;;;;Профессор Полежаев;Последние новости;Париж;Газета;№6109;16.12.1937;3;Чердак
С.;Калишевич Н.В.;Миниатюрное издание «Басен Крылова»;Рецензия на публикацию;;Русская литература;Советская литература;Русская литература;1/2 XIXв.;Крылов И.А.;;Последние новости;Париж;Газета;№6109;16.12.1937;3;Чердак
Мих. Осоргин;Ильин M.A.;Литературные размышления;Рецензия на художественную книгу;;Русская литература;Древнерусская;;;;Слово о полку Игореве;Последние новости;Париж;Газета;№6111;18.12.1937;3;Подвал
Мих. Осоргин;Ильин M.A.;Литературные размышления;Рецензия на издание;;Русская литература;1/2 XIXв.;;;;Цветник;Последние новости;Париж;Газета;№6111;18.12.1937;3;Подвал
Мих. Осоргин;Ильин M.A.;Литературные размышления;Рецензия на статью;Шено М.;Французская литература;XXв.;Русская литература;1/2 XIXв.;Пушкин А.С.;;Последние новости;Париж;Газета;№6111;18.12.1937;3;Подвал
Ю. Сазонова;Сазонова Ю.Л.;Памяти кн. С.М. Волконского;Некролог;Волконский С.М.;Русская литература;Эмигрантская литература;;;;;Последние новости;Париж;Газета;№6111;18.12.1937;4;Подвал
Р. Словцов;Калишевич Н.В.;Народные рассказы Толстого;Рецензия на публикацию;Художественная литература;Русская литература;Советская литература;Русская литература;2/2 XIXв.;Толстой Л.Н.;Л.Н. Толстой. Полное собрание сочинений. Том 25;Последние новости;Париж;Газета;№6116;23.12.1937;2;Подвал
А. Ш.;Швыров А.В.;Английская печать;Обзорная статья;;Английская литература;XXв.;;;;;Последние новости;Париж;Газета;№6116;23.12.1937;3;Чердак
Георгий Адамович;Адамович Г.В.;Что «не удалось»;Рецензия на статью;Кускова Е.;Русская литература;Эмигрантская литература;;;;;Последние новости;Париж;Газета;№6116;23.12.1937;3;Подвал
Арсений Мерич;Даманская А.;«Поддельные паспорта»;Рецензия на художественную книгу;Плинье Ш.;Французская литература;XXв.;;;;Faux passeports;Последние новости;Париж;Газета;№6117;24.12.1937;3;Подвал
Р. Словцов;Калишевич Н.В.;Русские друзья Меримэ;Рецензия на публикацию;Академия наук;Русская литература;Советская литература;Французская литература;1/2 XIXв.;Мериме П.;Анатолий Виноградов. Меримэ в письмах к Лубенской;Последние новости;Париж;Газета;№6123;30.12.1937;2;Подвал
Георгий Адамович;Адамович Г.В.;Литературные заметки;Рецензия на художественную книгу;Катаев В.П.;Русская литература;Советская литература;;;;Я, сын трудового народа;Последние новости;Париж;Газета;№6123;30.12.1937;3;Подвал
Г.А.;Адамович Г.В.;Литература в СССР;Рецензия на художественную книгу;Заболоцкий Н.;Русская литература;Советская литература;;;;Вторая книга;Последние новости;Париж;Газета;№6123;30.12.1937;3;Чердак